fandom,id,tags
DCU,16764238,"{'fake/pretend relationship', 'teen and up audiences'}"
DCU,18519940,"{'mental instability', 'developing relationship', 'amnesia', 'canon-typical violence', 'other additional tags to be added', 'alternate universe - canon divergence', 'not rated', 'memory loss', 'fluff', 'angst'}"
DCU,18528679,"{'spanking', 'not rated', 'angst'}"
DCU,18513031,"{'child abuse', 'alternate universe', 'magic', 'teen and up audiences'}"
DCU,17708801,"{'blood', 'injury', 'fluff', 'not rated'}"
DCU,18496804,"{'time travel', 'multiverse', 'teen and up audiences', 'alternate universe - canon divergence'}"
DCU,18526324,{'not rated'}
DCU,18208784,{'general audiences'}
DCU,17039369,"{'alternate universe', 'comedy', 'not rated'}"
DCU,18574168,"{'fluff', 'not rated'}"
DCU,17384027,"{'texting', 'past relationship(s)', 'lena luthor knows kara danvers is supergirl', 'alternate universe - canon divergence', 'crack', 'teen and up audiences', 'fluff', 'lgbtq themes', 'established relationship', 'light angst', 'humor', 'bat family', 'flirting'}"
DCU,15406899,"{'post-traumatic stress disorder - ptsd', 'alternate universe', 'teen and up audiences'}"
DCU,18235148,"{'explicit', 'lena luthor knows kara danvers is supergirl', 'supercorp', 'vibrators', 'lesbian lena luthor'}"
DCU,16330946,"{'explicit', 'action/adventure', 'alternate universe - fantasy', 'soulmates', 'romance', 'marriage'}"
DCU,7412119,"{'explicit', 'eventual smut', 'arkham asylum', 'violence', 'smoking'}"
DCU,18510568,"{'mature', 'arranged marriage', 'alternate universe - fantasy'}"
DCU,18404090,"{'explicit', 'shameless smut', 'smut'}"
DCU,17731643,{'explicit'}
DCU,18274748,"{'action/adventure', 'mature', 'alternate universe - no powers', 'major character injury', 'lesbian sex', 'action & romance'}"
DCU,18545947,"{'damian wayne is a little shit', 'general audiences', 'fluff and angst', 'bruce wayne is a good dad', 'big brother dick grayson', 'fluff', 'light angst'}"
DCU,18573109,"{'protective lena luthor', 'kara danvers needs a hug', 'not rated', 'lena luthor knows kara danvers is supergirl', 'emotional hurt/comfort', 'fluff', 'angst'}"
DCU,18265988,"{'angst with a happy ending', 'bruce wayne is a good parent', 'general audiences', 'father-son relationship', 'au'}"
DCU,18538516,"{'general audiences', 'secret identity', 'magic', 'identity reveal'}"
DCU,12202947,"{'falling in love', 'eventual smut', 'childhood friends', 'mutual pining', 'first time', 'drama', 'angst', 'mature', 'fluff and angst', 'alternate universe - no powers', 'slow burn', 'friends to lovers', 'romance', 'angst and feels'}"
DCU,18512509,"{'alternate universe - soulmates', 'soulmate-identifying marks', 'soulmates', 'general audiences'}"
DCU,16701925,{'teen and up audiences'}
DCU,17679176,"{'explicit', 'angst with a happy ending', 'amnesia', 'eventual smut', 'happy ending', 'alternate universe - canon divergence', 'smut', 'drama'}"
DCU,18486718,"{'mature', 'minor character death'}"
DCU,18487639,"{'romantic fluff', 'angst with a happy ending', 'comfort', 'general audiences', 'slow burn', 'fluff and angst', 'supercorp', 'friendship/love'}"
DCU,18572200,"{'general audiences', 'break up'}"
DCU,18572059,{'not rated'}
DCU,15940724,{'general audiences'}
DCU,18555694,"{'other additional tags to be added', 'fluff and angst', 'how do i tag', 'teen and up audiences'}"
DCU,18299381,"{'omega tim drake', 'alpha/beta/omega dynamics', 'teen pregnancy', 'teen and up audiences'}"
DCU,18289769,"{'omega tim drake', 'alpha/beta/omega dynamics', 'teen pregnancy', 'teen and up audiences'}"
DCU,18324143,"{'alternate universe - modern setting', 'teen and up audiences'}"
DCU,14560548,"{'explicit', 'choking', 'oral sex', 'smut', 'masturbation', 'sex toys'}"
DCU,18571870,"{'bruce wayne is a good parent', 'general audiences', 'hurt/comfort', 'nightmares', 'alfred pennyworth is the best', 'emotional hurt/comfort'}"
DCU,18571852,"{'heavy angst', 'brotherly love', 'hurt/comfort', 'self-esteem issues', 'injury', 'blood and injury', 'teen and up audiences', 'emotional hurt/comfort', 'self-hatred', 'angst'}"
DCU,18376688,"{'past torture', 'past child abuse', 'teen and up audiences', 'canonical character death', 'jason todd has issues', 'past character death', 'canon-typical violence', 'implied/referenced child abuse'}"
DCU,18571690,"{'general audiences', 'hurt/comfort'}"
DCU,18428639,"{'explicit', 'barebacking'}"
DCU,14601837,"{'mature', 'hurt/comfort', 'domestic fluff'}"
DCU,16613912,"{'canon-typical violence', 'alternate universe - canon divergence', 'teen and up audiences', 'angst and hurt/comfort'}"
DCU,18567073,"{'family feels', 'domestic fluff', 'family fluff', 'not rated'}"
DCU,18565930,"{'explicit', 'spanking', 'multiple orgasms', 'dirty talk', 'shameless smut', 'smut', 'rough sex', 'explicit sexual content', 'dom/sub', 'plot what plot/porn without plot', 'girl penis kara danvers'}"
DCU,18566125,"{'canon compliant', 'mature', 'canon-typical violence', 'alternate universe - canon divergence', 'blood', 'hurt/comfort', 'fluff and angst', 'mutual pining', 'implied sexual content'}"
DCU,17840555,{'not rated'}
DCU,15805764,"{'teen and up audiences', 'canon-typical violence', 'brotherly love', 'dick grayson is robin', 'father-son relationship', 'friendship/love', 'bruce wayne is a good dad', 'romance', 'fluff', 'light angst'}"
DCU,18567313,{'teen and up audiences'}
DCU,9122290,"{'mature', 'danvers sisters'}"
DCU,18566092,"{'fix-it', 'not canon compliant', 'family drama', 'teen and up audiences', 'emotional hurt/comfort', 'team as family'}"
DCU,18530848,"{'general audiences', 'falling in love', 'fluff and angst', 'fluff', 'best friends'}"
DCU,18084446,{'general audiences'}
DCU,18562576,"{'explicit', 'au', 'unresolved sexual tension'}"
DCU,18496177,"{'mature', 'alternate universe - no powers', 'sanvers - freeform', 'supercorp', 'alternate universe - high school', 'angst'}"
DCU,18399914,"{'implied/referenced self-harm', 'mature', 'mental health issues', 'violence', 'blood and violence'}"
DCU,14050749,"{'general audiences', 'alternate universe - canon divergence'}"
DCU,18388769,"{'explicit', 'frottage', 'family feels', 'fluff and smut', 'humor', 'first time', 'kissing', 'fluff'}"
DCU,17477390,"{'light angst', 'general audiences', 'humor', 'brotherly bonding', 'action'}"
DCU,18571540,"{'teen and up audiences', 'canon disabled character'}"
DCU,18461654,{'mature'}
DCU,16386080,"{'sibling bonding', 'hurt/comfort', 'barbara gordon is oracle', 'emotional hurt/comfort', 'angst', 'mature', 'bruce wayne is a good dad', 'batfamily feels', 'jason todd is red hood', 'team as family', 'bat brothers', 'implied/referenced self-harm', 'bruce wayne is batman', 'dick grayson is nightwing', 'tim drake is red robin', 'angst and hurt/comfort', 'self-esteem issues', 'bruce wayne is a good parent', 'damian wayne is robin', 'bat family', 'self-hatred'}"
DCU,18530746,"{'love', 'fluff and angst', 'teen and up audiences', 'fluff', 'angst'}"
DCU,18544843,"{'mature', 'lena luthor knows kara danvers is supergirl'}"
DCU,18486379,"{'mature', 'alternate universe - canon divergence', 'science fiction', 'multiverse', 'action/adventure', 'friendship', 'alternate universe'}"
DCU,18029336,"{'family', 'other additional tags to be added', 'unresolved sexual tension', 'teen and up audiences', 'fluff', 'angst'}"
DCU,16852108,"{'family', 'teen and up audiences', 'drama', 'angst and hurt/comfort'}"
DCU,17352449,"{'mature', 'teacher-student relationship', 'romance'}"
DCU,18570628,"{'bruce wayne is a good parent', 'general audiences', 'secret identity', 'family bonding', 'batfam', 'crack'}"
DCU,18570466,"{'general audiences', 'brotherly bonding', 'brotherly love', 'tooth-rotting fluff', 'family fluff', 'fluff'}"
DCU,18106355,"{'canon-typical violence', 'other additional tags to be added', 'alternate universe - canon divergence', 'swearing', 'batfamily feels', 'teen and up audiences', 'angst'}"
DCU,18570034,"{'explicit', 'established relationship', 'vibrators', 'other additional tags to be added', 'kinda', 'plot what plot/porn without plot', 'smut', 'daddy kink'}"
DCU,18570022,{'explicit'}
DCU,16304072,"{'violence', 'teen and up audiences', 'angst and hurt/comfort'}"
DCU,17330453,{'mature'}
DCU,11230515,"{'general audiences', 'supercorp', 'angst'}"
DCU,18493402,"{'not canon compliant', 'depression', 'angst', 'mature', 'sexual content', 'kissing'}"
DCU,18569329,"{'lena luthor finds out kara danvers is supergirl', 'identity reveal', 'not rated'}"
DCU,18211202,"{'explicit', 'torture', 'mental health issues', 'jason todd has issues', 'blood and gore'}"
DCU,17865500,"{'cute kids', 'slow burn', 'pining', 'minor character death', 'fluff and angst', 'teen and up audiences'}"
DCU,18568912,"{'mature', 'gay sex', 'oral sex', 'angst and hurt/comfort'}"
DCU,18568753,"{'general audiences', 'other tags to be added'}"
DCU,18568756,"{'established relationship', 'teen and up audiences', 'angst'}"
DCU,17280260,{'not rated'}
DCU,18568498,"{'emotional hurt/comfort', 'general audiences', 'hurt/comfort'}"
DCU,18568477,"{'angst with a happy ending', 'lena luthor needs a hug', 'lena luthor knows kara danvers is supergirl', 'heavy angst', 'hurt/comfort', 'not rated', 'supercorp', 'protective kara danvers', 'emotional hurt/comfort', 'angst'}"
DCU,13552857,"{'past torture', 'past child abuse', 'not rated', 'civil war team iron man', 'past character death', 'other additional tags to be added', 'post-captain america: civil war (movie)'}"
DCU,14578500,"{'other tags to be added', 'secrets', 'crossover', 'teen and up audiences'}"
DCU,18163232,"{'explicit', 'alpha/beta/omega dynamics', 'fluff and angst'}"
DCU,18568066,"{'general audiences', 'prompt fill'}"
DCU,18567397,"{'enemies to friends to lovers', 'not rated'}"
DCU,16945839,"{'romantic comedy', 'friends to lovers', 'violence', 'guns', 'teen and up audiences'}"
DCU,18227963,"{'explicit', 'eventual smut', 'minor character death', 'slow burn kara danvers/lena luthor', 'au', 'lesbian sex', 'angst with a happy ending', 'enemies to friends to lovers', 'alternate universe - canon divergence', 'protective kara danvers', 'arranged marriage', 'eventual romance', 'fluff and angst', 'violence', 'fluff', 'alternate universe - no powers', 'slow burn', 'alternate universe'}"
DCU,15280395,"{'mature', 'past character death', 'alternate universe - canon divergence', 'time travel'}"
DCU,18567031,"{'canonical character death', 'general audiences'}"
DCU,17867624,{'not rated'}
DCU,18051647,"{'secrets', 'emotional/psychological abuse', 'mature', 'heavy angst', 'murder', 'blood and injury', 'blood and violence', 'unhealthy relationships', 'dysfunctional family', 'multiverse', 'insanity', 'protective bruce wayne', 'bat family', 'blood', 'post-traumatic stress disorder - ptsd', 'killing'}"
DCU,18161963,{'not rated'}
DCU,18554890,"{'i will go down with this ship', 'cute kids', 'sanvers - freeform', 'how do i tag', 'fluff', 'not rated'}"
DCU,18034268,"{'explicit', 'porn with plot'}"
DCU,18566596,"{'mature', 'daddy kink', 'fluff', 'coldflash week 2019'}"
DCU,18392444,"{'alternate universe - no powers', 'humor', 'alternate universe - modern setting', 'inappropriate humor', 'alternate universe - canon divergence', 'alternate universe', 'teen and up audiences'}"
DCU,10656336,{'not rated'}
DCU,18318887,"{'mature', 'smut', 'fluff', 'angst'}"
DCU,15656889,"{'spanking', 'eventual smut', 'hurt/comfort', 'sex', 'panic attacks', 'mature', 'alternate universe - canon divergence', 'sex toys', 'humor', 'blood', 'blood and gore', 'marriage', 'lesbian sex', 'angst', 'science fiction', 'original character(s)', 'oral sex', 'killing', 'childhood trauma', 'romantic comedy', 'smut', 'angst and fluff and smut', 'soulmates', 'violence', 'fluff', 'slow burn', 'post-traumatic stress disorder - ptsd', 'action', 'supercorp', 'torture', 'time travel', 'fluff and angst', 'fluff and smut'}"
DCU,17232227,{'teen and up audiences'}
DCU,18536629,{'teen and up audiences'}
DCU,16302764,"{'porn with plot', 'mature', 'explicit language', 'alternate universe - canon divergence'}"
DCU,12646113,"{'family', 'one shot collection', 'bat family', 'family fluff', 'teen and up audiences', 'fluff'}"
DCU,18470434,{'teen and up audiences'}
DCU,17987222,{'mature'}
DCU,18481282,"{'general audiences', 'angst'}"
DCU,18335444,"{'general audiences', 'angst'}"
DCU,18565225,{'explicit'}
DCU,14727800,"{'au', 'general audiences', 'canon-typical violence', 'magic'}"
DCU,17217545,"{'heavy angst', 'jason todd is red hood', 'alfred pennyworth is the best', 'teen and up audiences', 'angst and hurt/comfort', 'fluff', 'light angst'}"
DCU,18565021,{'mature'}
DCU,15372777,"{'explicit', 'blow jobs', 'supercorp', 'angst', 'alternate universe - canon divergence', 'alternate universe - high school', 'fluff and smut', 'oral sex', 'girl penis kara danvers', 'vaginal fingering', 'secret relationship'}"
DCU,18372209,"{'explicit', 'drinking', 'alternate universe - college/university', 'smut', 'fluff'}"
DCU,18564877,"{'love confessions', 'general audiences', 'fluff'}"
DCU,18260315,"{'angst with a happy ending', 'mature', 'slow burn kara danvers/lena luthor'}"
DCU,18552877,"{'explicit', 'incest', '69 (sex position)', 'vaginal fingering', 'lesbian sex'}"
DCU,18398600,"{'alternate universe - no powers', 'teen and up audiences'}"
DCU,18564583,"{'eventual romance', 'teen and up audiences'}"
DCU,18564649,"{'explicit', 'praise kink', 'anal sex', 'rough sex', 'dirty talk'}"
DCU,13147056,"{'hurt/comfort', 'family drama', 'mystery', 'aftermath of torture', 'teen and up audiences'}"
DCU,17946227,"{'angst', 'sorry not sorry', 'teen and up audiences'}"
DCU,18564343,"{'explicit', 'grinding', 'anal sex', 'anal fingering', 'blood and violence'}"
DCU,18360707,"{'drama', 'swearing', 'guns', 'love', 'violence', 'bruce wayne is batman', 'dick grayson is nightwing', 'general audiences'}"
DCU,18512443,"{'mature', 'happy ending', 'hurt/comfort', 'emotional hurt/comfort', 'angst'}"
DCU,17488085,"{'non-consensual drug use', 'ptsd', 'trauma', 'teen and up audiences', 'angst'}"
DCU,18306758,"{'explicit', 'heavy angst', 'humor', 'eventual romance', 'slow burn', 'alternate universe - modern setting', 'family drama', 'anal sex', 'smut', 'break up', 'anal fingering', 'fluff', 'masturbation'}"
DCU,18540139,"{'general audiences', 'batjokes', 'fluff'}"
DCU,17528951,"{'angst', 'not rated', 'time travel', 'crack', 'fluff', 'unrequited love', 'kinda', 'light angst'}"
DCU,18375149,"{'angst with a happy ending', 'hurt/comfort', 'fluff and angst', 'teen and up audiences'}"
DCU,18490975,"{'past character death', 'alcohol', 'pre-relationship', 'teen and up audiences'}"
DCU,17693429,"{'teen and up audiences', 'alternate universe - canon divergence'}"
DCU,18561742,{'explicit'}
DCU,18241793,"{'mature', 'alternate universe - college/university', 'minor original character(s)', 'lena luthor knows kara danvers is supergirl', 'fluff and smut', 'angst'}"
DCU,18563968,"{'fix-it', 'general audiences'}"
DCU,14157339,"{'love confessions', 'comedy', 'detectives', 'police', 'mutual pining', 'emotional hurt/comfort', 'sex', 'angst with a happy ending', 'mature', 'trauma', 'marriage proposal', 'love', 'major character injury', 'canon gay character', 'crimes & criminals', 'kissing', 'romance', 'marriage'}"
DCU,13732191,"{'other additional tags to be added', 'teen and up audiences'}"
DCU,13289784,"{'explicit', 'alpha/beta/omega dynamics', 'mutual pining', 'first time', 'family drama', 'first dates', 'court of owls', 'enemies to friends to lovers', 'alternate universe - canon divergence', 'marriage proposal', 'alpha/omega', 'mpreg', 'action/adventure', 'romance'}"
DCU,18563578,"{'mature', 'fluff and smut'}"
DCU,17926550,"{'drabble collection', 'angst', 'family', 'other additional tags to be added', 'fluff', 'friendship', 'established relationship', 'general audiences', 'humor', 'friends to lovers', 'romance', 'pre-relationship', 'flirting'}"
DCU,18563530,"{'child abuse', 'hurt/comfort', 'teen and up audiences', 'angst'}"
DCU,10235081,"{'child abuse', 'other additional tags to be added', 'teen and up audiences'}"
DCU,14848334,"{'explicit', 'explicit language', 'explicit sexual content', 'sexual tension', 'alternate universe - canon divergence', 'inappropriate humor', 'implied sexual content'}"
DCU,18510421,"{'mental instability', 'amnesia', 'protective bruce wayne', 'past sexual abuse', 'arkham asylum', 'mutual pining', 'fluff and angst', 'psychological trauma', 'panic attacks', 'past torture', 'teen and up audiences'}"
DCU,18362927,{'explicit'}
DCU,18563395,"{'brotherly bonding', 'sibling bonding', 'general audiences', 'fluff'}"
DCU,18484750,"{'implied/referenced abuse', 'happy ending', 'anxiety', 'misunderstandings', 'alternate universe - canon divergence', 'police', 'fake dating', 'teen and up audiences', 'fluff', 'angst'}"
DCU,17683265,{'explicit'}
DCU,14512257,"{'smut', 'not rated'}"
DCU,18553636,"{'angst', 'comedy', 'love', 'romance', 'smut', 'drama', 'fluff', 'not rated'}"
DCU,18343907,"{'alternative universe', 'fluff and angst', 'happy ending', 'not rated'}"
DCU,18563041,"{'bat brothers', 'bruce wayne is a good parent', 'general audiences', 'fluff'}"
DCU,18492364,"{'mature', 'alternate universe - no powers'}"
DCU,18561994,"{'bat brothers', 'general audiences', 'humor', 'damian wayne is robin', 'bat family', 'dick grayson is nightwing', 'crack', 'jason todd is red hood', 'tim drake is red robin'}"
DCU,17863739,"{'unhealthy relationships', 'teen and up audiences'}"
DCU,17800556,"{'sanvers - freeform', 'not rated'}"
DCU,18553039,{'not rated'}
DCU,7713979,"{'mature', 'incest'}"
DCU,18562513,"{'explicit', 'kidnapping', 'protective bruce wayne', 'magic'}"
DCU,16319543,"{'hurt/comfort', 'family drama', 'family dynamics', 'it gets worse before it gets better', 'family bonding', 'time travel', 'teen and up audiences', 'fluff and angst', 'attempt at humor', 'action/adventure'}"
DCU,18400088,"{'multiverse', 'multiple crossovers', 'crossover', 'teen and up audiences'}"
DCU,18562411,"{'teen and up audiences', 'fluff'}"
DCU,16050713,"{'damian wayne is a little shit', 'damian wayne is robin', 'action', 'bruce wayne is batman', 'romance', 'action & romance', 'original character(s)', 'teen and up audiences'}"
DCU,18442682,"{'fix-it', 'mature', 'humor', 'multiverse', 'hurt/comfort', 'time travel', 'fluff and angst', 'inappropriate humor', 'identity porn', 'batfamily feels'}"
DCU,18317783,"{'angst with a happy ending', 'mature', 'protective lena luthor', 'alternate universe - no powers', 'slow burn', 'suicide attempt', 'kara danvers needs a hug', 'angst'}"
DCU,18257060,"{'general audiences', 'identity porn', 'secret identity', 'past character death'}"
DCU,18562189,"{'general audiences', 'alpha/omega', 'alpha/beta/omega dynamics'}"
DCU,16029866,"{'mature', 'alternate universe - fantasy', 'multiple crossovers'}"
DCU,18561802,"{'flirting', 'not rated'}"
DCU,18562153,"{'injury', 'major character injury', 'general audiences', 'hurt/comfort'}"
DCU,18562150,"{'angst with a happy ending', 'mild language', 'mature', 'best friends', 'idiots in love', 'implied sexual content', 'fluff'}"
DCU,18562129,"{'alpha/omega', 'murder', 'alpha/beta/omega dynamics', 'nightmares', 'teen and up audiences', 'character death'}"
DCU,16145075,"{'explicit', 'established relationship', 'eventual smut', 'misunderstandings', 'supercorp'}"
DCU,17371979,"{'mature', 'heavy angst', 'alternate universe - canon divergence', 'canonical character death', 'past character death', 'other additional tags to be added', 'canon-typical violence'}"
DCU,17365526,"{'identity porn', 'teen and up audiences', 'alternative universe'}"
DCU,18561907,"{'teen and up audiences', 'magic'}"
DCU,18536377,"{'teen and up audiences', 'one shot collection', 'drabble collection', 'slice of life', 'first dates'}"
DCU,18561778,"{'general audiences', 'brotherly love', 'family fluff'}"
DCU,12727059,"{'family', 'general audiences', 'humor', 'therapy'}"
DCU,17051303,{'not rated'}
DCU,18561712,{'not rated'}
DCU,17367950,{'teen and up audiences'}
DCU,18260876,{'mature'}
DCU,18561334,"{'teen and up audiences', 'heavy angst'}"
DCU,17352176,"{'explicit', 'panic attacks', 'past abuse', 'canon-typical violence', 'slow burn', 'alcohol', 'friends to lovers', 'post-traumatic stress disorder - ptsd', 'oral sex', 'implied/referenced abuse', 'flirting'}"
DCU,18561262,"{'lena luthor needs a hug', 'teen and up audiences', 'identity reveal'}"
DCU,18318467,"{'falling in love', 'barbara gordon is oracle', 'emotional hurt/comfort', 'mature', 'sexual content', 'organized crime', 'crime fighting', 'tim drake is red robin', 'fluff', 'established relationship', 'kidnapping', 'implied/referenced child abuse', 'light angst'}"
DCU,17617076,"{'mature', 'alternate universe', 'supercorp'}"
DCU,17470466,"{'psychological trauma', 'angst with a happy ending', 'teen and up audiences', 'mild language', 'damian wayne is a little shit', 'damian wayne is robin', 'canon-typical violence', 'post-traumatic stress disorder - ptsd', 'friendship/love'}"
DCU,18294497,"{'lena luthor needs a hug', 'kara danvers needs a hug', 'alpha/beta/omega dynamics', 'slow burn kara danvers/lena luthor', 'not rated', 'tooth-rotting fluff', 'protective kara danvers', 'lesbian lena luthor', 'fluff'}"
DCU,18402071,"{'slow burn', 'friends to lovers', 'alternate universe - canon divergence', 'romance', 'teen and up audiences'}"
DCU,18560929,"{'general audiences', 'enemies to friends to lovers', 'romance', 'love'}"
DCU,15527685,"{'texting', 'lena luthor knows kara danvers is supergirl', 'mature', 'alternate universe - canon divergence', 'crack', 'fluff', 'lgbtq themes', 'drinking', 'humor', 'flirting', 'light angst'}"
DCU,18409631,"{'alternate universe - soulmates', 'teen and up audiences', 'soulmate-identifying marks'}"
DCU,18560689,"{'mature', 'character study'}"
DCU,18560488,"{'mature', 'oral sex', 'teen romance'}"
DCU,17649902,"{'multiverse', 'alternate universe', 'teen and up audiences'}"
DCU,15312504,"{'explicit', 'frottage', 'unhealthy relationships', 'minor character death', 'oral sex', 'swearing', 'rimming', 'masturbation', 'angst'}"
DCU,18560062,"{'teen and up audiences', 'praise kink', 'pre-relationship'}"
DCU,17602937,{'mature'}
DCU,17919056,"{'explicit', 'ptsd', 'sex', 'character death'}"
DCU,18559849,"{'oneshot', 'mature', 'alternate universe - canon divergence'}"
DCU,18559660,"{'explicit', 'choking', 'anal fingering'}"
DCU,18474682,"{'friendship', 'light angst', 'developing relationship', 'secret identity', 'eventual romance', 'identity reveal', 'slow build', 'fluff and humor', 'not rated'}"
DCU,15478077,"{'mature', 'humor', 'slow burn', 'hurt/comfort', 'romance', 'angst'}"
DCU,18214874,"{'explicit', 'gay sex', 'hurt/comfort', 'domestic violence', 'psychological trauma', 'emotional hurt/comfort', 'murder', 'family bonding', 'anal sex', 'healing', 'rough sex', 'masturbation', 'insanity', 'guilt', 'mpreg', 'anal fingering', 'unrequited love', 'oral sex'}"
DCU,17309567,"{'implied/referenced self-harm', 'first kiss', 'teen and up audiences', 'self-hatred'}"
DCU,17523194,"{'not canon compliant', 'minor original character(s)', 'teen and up audiences'}"
DCU,18559267,{'mature'}
DCU,18559207,"{'explicit', 'explicit sexual content', 'sexual content', 'rough sex', 'blood and violence'}"
DCU,18559102,{'teen and up audiences'}
DCU,18559156,"{'lena luthor needs a hug', 'lena luthor finds out kara danvers is supergirl', 'hurt', 'not rated'}"
DCU,18559126,"{'explicit', 'blow jobs', 'sexual content', 'daddy kink', 'teacher-student relationship'}"
DCU,17817362,"{'canon-typical violence', 'kara danvers needs a hug', 'hurt/comfort', 'danvers sisters', 'teen and up audiences', 'angst'}"
DCU,18392294,"{'explicit', 'choking', 'praise kink'}"
DCU,18553483,"{'explicit', 'jealousy', 'best friends', 'anal sex', 'rimming', 'anal fingering', 'alternate universe - high school', 'fluff', 'friends to lovers'}"
DCU,17235842,{'general audiences'}
DCU,18554455,"{'teen and up audiences', 'secret relationship'}"
DCU,18554467,"{'general audiences', 'emotional hurt', 'alpha/beta/omega dynamics', 'alpha/omega'}"
DCU,18471430,"{'alpha bruce wayne', 'angst with a happy ending', 'mature', 'bruce wayne is a good parent', 'protective bruce wayne', 'omega tim drake', 'alpha/beta/omega dynamics', 'mpreg', 'fluff and angst'}"
DCU,18481150,"{'suicide attempt', 'teen and up audiences'}"
DCU,18380786,{'teen and up audiences'}
DCU,18006578,{'not rated'}
DCU,18553114,"{'fluff', 'general audiences'}"
DCU,18553585,"{'supercorp', 'teen and up audiences'}"
DCU,14090625,{'mature'}
DCU,18553387,"{'canon-typical violence', 'teen and up audiences', 'other additional tags to be added', 'protective jason todd'}"
DCU,18178601,"{'flirting', 'soulmates', 'memory loss', 'smut', 'unresolved sexual tension', 'not rated'}"
DCU,18565399,"{'explicit', 'love confessions', 'canon compliant', 'canon-typical violence', 'hurt/comfort', 'oral sex', 'first time', 'anal sex', 'anal fingering', 'first kiss', 'love'}"
DCU,18559123,"{'angst', 'lena luthor needs a hug', 'emotional hurt', 'not rated'}"
DCU,11840478,"{'multiple crossovers', 'multiverse', 'teen and up audiences'}"
DCU,18559024,"{'lena luthor needs a hug', 'emotional hurt', 'not rated', 'angst'}"
DCU,18395135,"{'explicit', 'canon-typical violence', 'post-captain america: civil war (movie)', 'civil war team iron man'}"
DCU,18558895,{'general audiences'}
DCU,17862890,"{'family', 'teen and up audiences', 'hurt/comfort'}"
DCU,18558802,{'teen and up audiences'}
DCU,16862677,"{'angst with a happy ending', 'general audiences', 'secret relationship', 'angst'}"
DCU,17704172,"{'mature', 'past sexual abuse', 'amnesia', 'recovery', 'psychological trauma', 'violence', 'past torture', 'angst'}"
DCU,12255837,"{'break up', 'first dates', 'best friends', 'foster care', 'mature', 'alternate universe - college/university', 'mental health issues', 'marriage proposal', 'lgbtq themes', 'friendship', 'canon gay character', 'post-traumatic stress disorder - ptsd', 'romance', 'first kiss', 'flirting'}"
DCU,18558511,"{'general audiences', 'hospitals', 'post-traumatic stress disorder - ptsd', 'detectives', 'alternate universe', 'romance', 'love'}"
DCU,18558043,{'mature'}
DCU,17540330,"{'lena luthor needs a hug', 'lena luthor finds out kara danvers is supergirl', 'lesbian lena luthor', 'not rated'}"
DCU,18010778,"{'humor', 'mystery', 'teen and up audiences'}"
DCU,18558073,"{'family feels', 'not rated', 'character study'}"
DCU,18358034,"{'explicit', 'angst with a happy ending', 'slow burn', 'alternative universe', 'smut'}"
DCU,17276888,"{'mature', 'eventual smut', 'alternate universe - modern setting', 'alternate universe - college/university', 'slow burn', 'alcohol', 'fluff', 'angst'}"
DCU,18286991,{'teen and up audiences'}
DCU,16362467,{'teen and up audiences'}
DCU,16454222,"{'alternate universe - fantasy', 'alternate universe - soulmates', 'alternate universe - modern setting', 'alternate universe - high school', 'not rated'}"
DCU,18557491,"{'fluff and angst', 'domestic fluff', 'lena luthor knows kara danvers is supergirl', 'teen and up audiences'}"
DCU,17994875,"{'biting', 'mature', 'sexual content', 'smut', 'original character(s)', 'angst and fluff and smut', 'dom/sub', 'sexual tension', 'other additional tags to be added', 'violence', 'fluff', 'slow burn', 'blood'}"
DCU,18557359,"{'fix-it', 'canon compliant', 'general audiences', 'character death fix', 'coldflash week 2019'}"
DCU,18473992,"{'hurt/comfort', 'teen and up audiences'}"
DCU,18518824,"{'angst', 'mature', 'alternate universe - canon divergence', 'smut', 'violence', 'fluff', 'alcohol', 'batjokes'}"
DCU,17856536,"{'explicit', 'biting', 'grinding', 'spanking', 'multiple orgasms', 'jealousy', 'first time', 'pseudo-incest', 'anal sex', 'smut', 'sorry not sorry', 'rough sex', 'masturbation', 'dom/sub', 'teen pregnancy', 'fluff', 'sex toys', 'girl penis kara danvers', 'marriage'}"
DCU,18556708,"{'humor', 'happy ending', 'slice of life', 'teen and up audiences', 'fluff'}"
DCU,18333884,"{'family', 'teen and up audiences', 'angst'}"
DCU,18042866,"{'drama & romance', 'angst and fluff and smut', 'mature', 'explicit sexual content', 'eventual smut', 'eventual romance', 'oral sex', 'smut', 'romance', 'fluff and smut', 'fluff'}"
DCU,9779777,"{'established relationship', 'mature', 'past child abuse', 'past sexual abuse', 'mpreg', 'time travel', 'alternate universe'}"
DCU,18556075,"{'grinding', 'comfort', 'fluff and smut', 'love', 'fluff and angst', 'emotional hurt/comfort', 'fluff', 'not rated'}"
DCU,17458103,"{'other additional tags to be added', 'hurt/comfort', 'soulmate-identifying marks', 'teen and up audiences', 'angst'}"
DCU,18407444,"{'major character injury', 'depression', 'hurt/comfort', 'post-traumatic stress disorder - ptsd', 'aftermath of torture', 'teen and up audiences', 'angst'}"
DCU,18401156,"{'family', 'comfort', 'humor', 'shazamily - freeform', 'teen and up audiences', 'angst'}"
DCU,18556279,{'general audiences'}
DCU,16541825,"{'general audiences', 'developing relationship', 'family feels', 'past relationship(s)'}"
DCU,17732312,"{'hurt/comfort', 'batfamily feels', 'big brother dick grayson', 'teen and up audiences', 'bruce wayne is a bad parent', 'angst'}"
DCU,17936735,{'general audiences'}
DCU,18556036,"{'it gets worse before it gets better', 'alternate universe - no powers', 'alternate universe', 'memory loss', 'supercorp', 'teen and up audiences', 'angst and hurt/comfort', 'angst'}"
DCU,18555997,{'teen and up audiences'}
DCU,18135458,"{'explicit', 'multiverse', 'pining'}"
DCU,18555877,"{'general audiences', 'best friends', 'protective bruce wayne', 'nightmares', 'au'}"
DCU,18270302,"{'mature', 'minor character death', 'slow burn', 'friends to lovers', 'other additional tags to be added'}"
DCU,7413688,{'explicit'}
DCU,18555298,{'teen and up audiences'}
DCU,13691127,"{'implied/referenced self-harm', 'mature', 'slow burn', 'jealousy', 'drama', 'fluff'}"
DCU,15496035,{'mature'}
DCU,18554608,"{'explicit', 'gay sex', 'blow jobs', 'rimming'}"
DCU,18484048,"{'angst with a happy ending', 'angst and hurt/comfort', 'not rated'}"
DCU,18554392,"{'mature', 'dick grayson is robin', 'jason todd is red hood'}"
DCU,10936524,"{'secrets', 'psychological trauma', 'emotional/psychological abuse', 'family bonding', 'teen and up audiences', 'crime fighting', 'minor original character(s)', 'self confidence issues', 'aftermath of torture', 'brotherly love', 'domestic fluff'}"
DCU,16596362,"{'explicit', 'slow burn', 'enemies to friends to lovers', 'mutual pining', 'alternate universe'}"
DCU,18460931,"{'plot what plot/porn without plot', 'not rated'}"
DCU,18289382,{'teen and up audiences'}
DCU,18471952,"{'humor', 'domestic fluff', 'fluff', 'fluff and humor', 'not rated'}"
DCU,13022919,"{'police', 'first dates', 'mature', 'guns', 'crime fighting', 'romance', 'first kiss'}"
DCU,18530977,"{'explicit', 'lena luthor needs a hug', 'mutual pining', 'lesbian sex', 'pining', 'smut', 'lesbian lena luthor', 'porn with plot', 'attempt at humor', 'fluff', 'fluff and humor'}"
DCU,15708489,"{'mature', 'jason todd has issues', 'slow burn', 'enemies to friends to lovers', 'alternate universe - canon divergence', 'batfamily feels', 'angst and feels'}"
DCU,18170540,"{'non-consensual drug use', 'canon-typical violence', 'slow burn', 'anxiety', 'mystery', 'original character(s)', 'teen and up audiences'}"
DCU,17405138,"{'explicit', 'anal sex', 'rimming', 'self-harm'}"
DCU,18553075,"{'supercorp', 'general audiences', 'lena luthor knows kara danvers is supergirl', 'fluff'}"
DCU,18553048,"{'bat family', 'family dynamics', 'fluff', 'light angst', 'not rated'}"
DCU,17302511,"{'canon-typical violence', 'other additional tags to be added', 'au', 'not rated'}"
DCU,18552874,{'general audiences'}
DCU,17319962,{'teen and up audiences'}
DCU,18552568,{'teen and up audiences'}
DCU,18550999,"{'family', 'general audiences', 'family feels', 'shazam! (2019) spoilers', 'fluff and angst', 'family fluff'}"
DCU,18551896,"{'general audiences', 'slow burn', 'bat family'}"
DCU,18541483,"{'emotional/psychological abuse', 'cute kids', 'shazam! (2019) spoilers', 'other additional tags to be added', 'implied/referenced child abuse', 'teen and up audiences'}"
DCU,16153766,{'general audiences'}
DCU,18388331,{'teen and up audiences'}
DCU,16978905,"{'crossover', 'not rated'}"
DCU,17545538,"{'explicit', 'alpha/beta/omega dynamics'}"
DCU,9212177,"{'i will go down with this ship', 'general audiences', 'fluff', 'angst'}"
DCU,18450701,"{'sexual tension', 'mutual pining', 'teen and up audiences', 'teen romance'}"
DCU,15941801,"{'alternate universe - canon divergence', 'teen and up audiences'}"
DCU,18551272,"{'teen and up audiences', 'fluff'}"
DCU,18432593,"{'mature', 'slow burn kara danvers/lena luthor', 'angst and hurt/comfort'}"
DCU,16182368,"{'established relationship', 'mature', 'humor', 'romance', 'angst'}"
DCU,18528667,"{'established relationship', 'angst with a happy ending', 'general audiences', 'fluff'}"
DCU,18551029,{'general audiences'}
DCU,18489094,"{'insanity', 'friends to lovers', 'arkham asylum', 'superheroes', 'not rated'}"
DCU,18550876,"{'romantic comedy', 'friendship', 'mature', 'humor', 'alternate universe', 'fake dating', 'attempt at humor'}"
DCU,18415463,"{'past relationship(s)', 'emotional hurt/comfort', 'angst with a happy ending', 'mature', 'shazamily - freeform', 'therapy', 'other additional tags to be added', 'past abuse', 'self-esteem issues', 'implied/referenced child abuse'}"
DCU,17877308,"{'family', 'one shot collection', 'original character(s)', 'canon gay character', 'hurt/comfort', 'fluff and angst', 'teen and up audiences'}"
DCU,18148910,"{'angst with a happy ending', 'mature', 'hurt/comfort', 'kara danvers needs a hug', 'therapy', 'fluff and angst', 'lena luthor knows kara danvers is supergirl', 'angst'}"
DCU,16901025,"{'mature', 'other tags to be added', 'self confidence issues'}"
DCU,18538417,"{'bat brothers', 'damian wayne is robin', 'big brother jason todd', 'bat family', 'tim drake is red robin', 'dick grayson is nightwing', 'jason todd is red hood', 'family dynamics', 'big brother dick grayson', 'teen and up audiences'}"
DCU,18550588,"{'general audiences', 'big brother dick grayson', 'damian wayne is robin'}"
DCU,18011981,"{'minor character death', 'non-consensual drug use', 'mature', 'mental health issues', 'abusive relationships', 'dark', 'unrequited love', 'unresolved sexual tension'}"
DCU,17327915,"{'kidnapping', 'general audiences'}"
DCU,18550363,"{'explicit', 'vibrators', 'plot what plot/porn without plot', 'anal sex', 'smut', 'anal fingering'}"
DCU,11559609,{'not rated'}
DCU,17637848,{'general audiences'}
DCU,17032629,{'not rated'}
DCU,18409571,"{'fix-it', 'past character death', 'time travel', 'teen and up audiences'}"
DCU,18550090,"{'past relationship(s)', 'not rated', 'angst'}"
DCU,18252170,"{'teen and up audiences', 'identity reveal', 'angst'}"
DCU,17945270,{'general audiences'}
DCU,18549643,"{'family fluff', 'teen and up audiences', 'family drama'}"
DCU,18197330,"{'canon-typical violence', 'bat family', 'alternate universe - canon divergence', 'time travel', 'jason todd is red hood', 'teen and up audiences'}"
DCU,18261791,"{'mental instability', 'organized crime', 'murder', 'kidnapping', 'abusive relationships', 'teen and up audiences', 'superheroes'}"
DCU,17782682,"{'teen and up audiences', 'sanvers - freeform'}"
DCU,18535129,"{'explicit', 'porn with plot', 'dirty talk', 'anal sex', 'anal fingering'}"
DCU,17923319,"{'multiverse', 'pining', 'alternate universe', 'teen and up audiences', 'angst'}"
DCU,13884627,"{'panic attacks', 'emotional hurt/comfort', 'not rated', 'angst with a happy ending', 'healing', 'smoking', 'past abuse', 'anxiety', 'slow burn'}"
DCU,17487008,{'teen and up audiences'}
DCU,18549118,"{'family', 'general audiences', 'shazam! (2019) spoilers', 'hurt/comfort', 'angst'}"
DCU,18546787,"{'fluff', 'general audiences', 'romantic fluff'}"
DCU,18548746,"{'explicit', 'porn with plot', 'pseudo-incest', 'angst'}"
DCU,17638886,{'teen and up audiences'}
DCU,18548803,"{'canonical character death', 'angst with a happy ending', 'character death fix', 'teen and up audiences', 'coldflash week 2019'}"
DCU,17288312,"{'explicit', 'barebacking', 'prostitution', '69 (sex position)', 'blow jobs', 'rimming', 'crossover', 'dirty talk'}"
DCU,17726573,"{'drama & romance', 'mature', 'murder', 'eventual romance', 'suspense', 'crimes & criminals', 'mystery', 'angst'}"
DCU,17972909,"{'fix-it', 'explicit language', 'general audiences', 'amnesia', 'brotherly bonding', 'other additional tags to be added', 'father-son relationship', 'nightmares', 'emotional hurt/comfort', 'fluff', 'angst'}"
DCU,18548560,"{'prompt fill', 'flashbacks', 'post-traumatic stress disorder - ptsd', 'domestic violence', 'panic attacks', 'teen and up audiences', 'emotional hurt/comfort'}"
DCU,16764415,"{'emotional hurt', 'hospitals', 'hurt/comfort', 'suspense', 'injury', 'blood and injury', 'teen and up audiences', 'character death'}"
DCU,18548512,"{'teen and up audiences', 'angst'}"
DCU,18548491,"{'not canon compliant', 'general audiences', 'alternate universe - canon divergence'}"
DCU,18223520,"{'alternate universe - modern setting', 'childhood friends', 'psychological trauma', 'barbara gordon is oracle', 'angst', 'angst with a happy ending', 'mature', 'jason todd is red hood', 'organized crime', 'unhealthy relationships', 'bruce wayne is batman', 'dick grayson is nightwing', 'violence', 'alternate universe - no powers', 'damian wayne is robin', 'canon-typical violence', 'bat family', 'post-traumatic stress disorder - ptsd', 'implied/referenced child abuse', 'court of owls'}"
DCU,18548311,"{'protective lena luthor', 'fluff', 'not rated'}"
DCU,17452205,{'general audiences'}
DCU,18548419,"{'angst with a happy ending', 'canon disabled character', 'hurt/comfort', 'fluff and angst', 'teen and up audiences'}"
DCU,18548284,"{'first kiss', 'fluff', 'not rated'}"
DCU,16861222,"{'family', 'bat brothers', 'hurt/comfort', 'batfamily feels', 'teen and up audiences'}"
DCU,18119783,"{'canon-typical violence', 'slow burn', 'injury', 'teen and up audiences'}"
DCU,12876837,"{'mature', 'alternate universe - canon divergence', 'romance', 'crossover', 'drama'}"
DCU,18548107,"{'prompt fill', 'other additional tags to be added', 'teen and up audiences'}"
DCU,18547945,"{'alternate universe', 'mature'}"
DCU,16961223,"{'mature', 'drinking', 'canon-typical violence', 'minor original character(s)', 'mental health issues', 'smoking'}"
DCU,18524263,"{'sibling bonding', 'post-traumatic stress disorder - ptsd', 'hurt/comfort', 'teen and up audiences'}"
DCU,18197747,{'not rated'}
DCU,13255494,{'not rated'}
DCU,18547729,"{'love confessions', 'angst with a happy ending', 'not rated', 'light angst'}"
DCU,12185394,"{'detectives', 'alternate universe', 'romance', 'teen and up audiences'}"
DCU,18546721,"{'implied/referenced abuse', 'first kiss', 'teen and up audiences'}"
DCU,17915171,{'mature'}
DCU,17782508,{'teen and up audiences'}
DCU,18546769,"{'explicit', 'incest', 'oneshot', 'pseudo-incest', 'smut', 'sex', 'superheroes'}"
DCU,18546754,{'general audiences'}
DCU,18474751,{'general audiences'}
DCU,18545242,"{'general audiences', 'oneshot'}"
DCU,17682017,"{'mature', 'other additional tags to be added', 'alternate universe - canon divergence'}"
DCU,18514726,"{'heavy angst', 'not rated', 'angst'}"
DCU,18383474,"{'fix-it', 'mature', 'character death fix'}"
DCU,18546247,{'explicit'}
DCU,18546232,{'mature'}
DCU,18236390,"{'crossover', 'not rated'}"
DCU,10881027,"{'teen and up audiences', 'comfort', 'guilt', 'suicide attempt', 'drama', 'hurt', 'angst'}"
DCU,18206927,"{'kara danvers needs a hug', 'panic attacks', 'mature', 'canon-typical violence'}"
DCU,18222473,"{'i will go down with this ship', 'slice of life', 'not rated'}"
DCU,18546004,"{'explicit', 'comfort', 'oral sex', 'hurt'}"
DCU,18329504,"{'teen and up audiences', 'other additional tags to be added'}"
DCU,18545830,"{'explicit', 'alpha/beta/omega dynamics', 'crossover', 'alpha/omega'}"
DCU,15701916,"{'explicit', 'bat brothers', 'drabble collection', 'hurt/comfort', 'batfam', 'smut', 'romance', 'angst'}"
DCU,18539836,"{'explicit', 'torture', 'blood', 'plot what plot/porn without plot'}"
DCU,18551767,"{'general audiences', 'idiots in love', 'first kiss'}"
DCU,18540520,{'explicit'}
DCU,18378593,"{'homelessness', 'mature', 'slow burn', 'au', 'smoking'}"
DCU,18540409,"{'fix-it', 'drama & romance', 'alternate universe - canon divergence', 'childhood friends', 'teen and up audiences', 'angst and hurt/comfort'}"
DCU,18540907,"{'explicit', 'frottage', 'love confessions', 'first time'}"
DCU,15592518,"{'canon-typical violence', 'batfam', 'teen and up audiences', 'angst'}"
DCU,18432452,"{'teacher-student relationship', 'supercorp', 'teen and up audiences'}"
DCU,18528259,"{'mature', 'canon-typical violence', 'other additional tags to be added', 'blood and gore'}"
DCU,18541840,"{'explicit', 'identity porn'}"
DCU,18458870,"{'prostitution', 'anal sex', 'not rated'}"
DCU,16775974,"{'explicit', 'original character(s)', 'science fiction'}"
DCU,12828561,"{'angst', 'hurt/comfort', 'first time', 'first kiss', 'not rated'}"
DCU,14708699,"{'big brother jason todd', 'family drama', 'past child abuse', 'emotional hurt/comfort', 'prostitution', 'jason todd is red hood', 'teen and up audiences', 'homelessness', 'mild language', 'protective jason todd', 'bat brothers', 'dysfunctional family', 'other additional tags to be added', 'self confidence issues', 'tim drake is red robin', 'brotherly bonding', 'bat family', 'implied/referenced child abuse', 'angst and feels', 'bruce wayne is a bad parent'}"
DCU,14708699,"{'big brother jason todd', 'family drama', 'past child abuse', 'emotional hurt/comfort', 'prostitution', 'jason todd is red hood', 'teen and up audiences', 'homelessness', 'mild language', 'protective jason todd', 'bat brothers', 'dysfunctional family', 'other additional tags to be added', 'self confidence issues', 'tim drake is red robin', 'brotherly bonding', 'bat family', 'implied/referenced child abuse', 'angst and feels', 'bruce wayne is a bad parent'}"
DCU,18261557,"{'angst and feels', 'sanvers - freeform', 'action & romance', 'fluff and angst', 'danvers sisters', 'romantic fluff', 'teen and up audiences'}"
DCU,17607263,"{'spanking', 'mature', 'teacher-student relationship'}"
DCU,18494437,{'teen and up audiences'}
DCU,15651579,"{'arranged marriage', 'alpha/beta/omega dynamics', 'teen and up audiences', 'alpha/omega'}"
DCU,18545107,{'teen and up audiences'}
DCU,18545488,"{'alternate universe', 'general audiences'}"
DCU,18545371,"{'family', 'general audiences', 'character study', 'childhood trauma'}"
DCU,18429668,"{'alternate universe - college/university', 'teen and up audiences'}"
DCU,18460877,"{'explicit', 'jealousy', 'teen romance', 'foster care', 'sexual tension', 'slow build', 'friendship', 'slow burn', 'friends to lovers', 'first kiss', 'friendship/love'}"
DCU,18544990,"{'hurt/comfort', 'not rated', 'injury', 'batjokes', 'angst'}"
DCU,9555659,{'teen and up audiences'}
DCU,17788904,"{'it gets worse before it gets better', 'torture', 'past child abuse', 'dysfunctional family', 'kidnapping', 'emotional hurt', 'flashbacks', 'blood', 'teen and up audiences', 'angst'}"
DCU,7614226,{'explicit'}
DCU,14391270,"{'slow burn', 'teen and up audiences', 'alternate universe - no powers'}"
DCU,14696214,"{'texting', 'mature', 'mental health issues', 'family', 'attempt at humor', 'friendship', 'canon gay character'}"
DCU,18544534,"{'general audiences', 'hurt/comfort', 'family fluff', 'emotional hurt/comfort', 'fluff'}"
DCU,16049807,"{'depression', 'emotional hurt/comfort', 'therapy', 'teen and up audiences'}"
DCU,17997764,"{'established relationship', 'friendship', 'kidnapping', 'hurt/comfort', 'attempt at humor', 'teen and up audiences', 'fluff', 'team as family', 'angst'}"
DCU,18544291,"{'supercorp', 'au', 'not rated'}"
DCU,16614473,{'general audiences'}
DCU,17139863,"{'angst', 'child abuse', 'bruce wayne is a good parent', 'childhood trauma', 'hurt/comfort', 'not rated'}"
DCU,8603593,"{'general audiences', 'fluff'}"
DCU,18544018,"{'teen and up audiences', 'fluff and humor'}"
DCU,15810624,"{'general audiences', 'time travel'}"
DCU,18543937,"{'fake/pretend relationship', 'teen and up audiences'}"
DCU,18543931,"{'kidnapping', 'teen and up audiences', 'angst'}"
DCU,15669174,"{'general audiences', 'alternate universe - canon divergence'}"
DCU,18543685,"{'implied/referenced self-harm', 'mature'}"
DCU,13853367,"{'angst with a happy ending', 'mature', 'alternate universe - no powers', 'eventual smut', 'enemies to friends to lovers', 'eventual romance', 'alternate universe - canon divergence', 'angst'}"
DCU,17694743,"{'friendship', 'ptsd', 'mature', 'enemies to friends to lovers', 'hurt/comfort', 'therapy', 'romance', 'angst'}"
DCU,18298271,"{'explicit', 'frottage', 'multiple orgasms', 'first time'}"
DCU,18468811,"{'explicit', 'explicit language', 'arranged marriage', 'shameless smut', 'other additional tags to be added', 'oral sex', 'domestic violence', 'smut', 'sex', 'vaginal fingering', 'abusive relationships', 'angst'}"
DCU,17697959,"{'past child abuse', 'angst', 'mature', 'explicit language', 'swearing', 'smut', 'sexual content', 'masturbation', 'sexual tension', 'other additional tags to be added', 'fluff', 'slow burn', 'blood'}"
DCU,18543154,{'teen and up audiences'}
DCU,11035089,"{'mature', 'hurt/comfort', 'dark'}"
DCU,18542671,"{'mature', 'domestic fluff'}"
DCU,15227091,"{'one shot collection', 'fluff and angst', 'teen and up audiences', 'fluff'}"
DCU,18368843,"{'friendship', 'lena luthor needs a hug', 'kara danvers needs a hug', 'lena luthor finds out kara danvers is supergirl', 'teen and up audiences'}"
DCU,17268251,"{'drabble collection', 'swearing', 'teen and up audiences'}"
DCU,15571554,"{'child abuse', 'implied/referenced self-harm', 'self-harm', 'alternate universe - modern setting', 'slow burn', 'fluff and angst', 'how do i tag', 'implied/referenced child abuse', 'teen and up audiences'}"
DCU,18542347,"{'general audiences', 'jealousy'}"
DCU,18537694,"{'slow burn', 'not rated'}"
DCU,18429752,"{'teen and up audiences', 'family feels'}"
DCU,18541795,{'teen and up audiences'}
DCU,18315866,{'mature'}
DCU,18296129,"{'one shot collection', 'not canon compliant', 'general audiences', 'other additional tags to be added', 'alternate universe', 'crossover'}"
DCU,13539588,"{'love confessions', 'one shot collection', 'humor', 'canon-typical violence', 'domestic fluff', 'romance', 'marriage proposal', 'teen and up audiences', 'fluff', 'angst'}"
DCU,10926501,"{'other additional tags to be added', 'teen and up audiences'}"
DCU,18187100,"{'crossover', 'not rated'}"
DCU,18539935,"{'alpha bruce wayne', 'angst with a happy ending', 'drama & romance', 'mature', 'hurt/comfort', 'alpha/beta/omega dynamics', 'mutual pining', 'alternate universe', 'self-hatred', 'angst'}"
DCU,10965879,"{'prompt fill', 'canon disabled character', 'dark', 'barbara gordon is oracle', 'teen and up audiences', 'angst'}"
DCU,15897498,"{'secret identity', 'alpha/beta/omega dynamics', 'teen and up audiences'}"
DCU,16681120,"{'alternate universe', 'slow build', 'not rated'}"
DCU,18391223,"{'explicit', 'biting', 'hurt/comfort', 'dirty talk', 'prostitution', 'alternate universe - canon divergence', 'porn with plot', 'explicit sexual content', 'bruce wayne is batman', 'barebacking', 'light angst', 'protective bruce wayne', 'alternate universe', 'batjokes', 'flirting'}"
DCU,16521596,"{'friendship', 'mature', 'flashbacks', 'sexual tension', 'friends to lovers', 'alternate universe - canon divergence', 'alternate universe'}"
DCU,18538750,"{'lena luthor needs a hug', 'oneshot', 'kara danvers needs a hug', 'lena luthor finds out kara danvers is supergirl', 'not rated', 'slow burn kara danvers/lena luthor', 'angst'}"
DCU,18538573,{'general audiences'}
DCU,18195446,"{'recovery', 'hurt/comfort', 'injury', 'mature', 'blood and injury', 'sorry not sorry', 'blood and violence', 'major character injury', 'canon-typical violence', 'happy ending'}"
DCU,18538615,"{'general audiences', 'bruce wayne is a good dad', 'fluff'}"
DCU,10718751,"{'ptsd', 'angst with a happy ending', 'family bonding', 'teen and up audiences', 'blood'}"
DCU,17963612,"{'alternate universe - college/university', 'teen and up audiences', 'lgbtq themes'}"
DCU,18192149,"{'family feels', 'hurt/comfort', 'dick grayson is robin', 'tim drake is red robin', 'trauma', 'alternate universe - canon divergence', 'mystery', 'jason todd is red hood', 'teen and up audiences', 'court of owls', 'angst'}"
DCU,18538075,"{'explicit', 'crack'}"
DCU,18537982,{'teen and up audiences'}
DCU,14709297,"{'alpha bruce wayne', 'alpha/beta/omega dynamics', 'mature', 'civil war team iron man', 'mpreg', 'post-captain america: civil war (movie)'}"
DCU,16751134,"{'slow burn', 'teen and up audiences'}"
DCU,18495199,"{'explicit', 'alternate universe - fantasy', 'mpreg', 'alpha/beta/omega dynamics', 'magic'}"
DCU,17558360,{'general audiences'}
DCU,17844596,"{'general audiences', 'blood and violence'}"
DCU,18371792,"{'mature', 'dysfunctional family'}"
DCU,15468669,"{'recovery', 'depression', 'hurt/comfort', 'emotional hurt/comfort', 'therapy', 'bruce wayne is a good dad', 'jason todd is red hood', 'teen and up audiences', 'protective jason todd', 'guilt', 'dick grayson is nightwing', 'self-harm', 'anxiety', 'post-traumatic stress disorder - ptsd', 'implied/referenced child abuse', 'big brother dick grayson'}"
DCU,18339731,"{'explicit', 'misunderstandings', 'drama', 'romance'}"
DCU,15005402,"{'explicit', 'angst', 'emotional hurt', 'slow burn', 'anxiety', 'sexual tension', 'hurt/comfort', 'smut', 'memory loss'}"
DCU,18537118,{'general audiences'}
DCU,18537058,"{'pining', 'mutual pining', 'character study', 'teen and up audiences'}"
DCU,18537022,"{'tooth-rotting fluff', 'teen and up audiences', 'fluff'}"
DCU,16879074,"{'mature', 'fluff and angst'}"
DCU,18536728,{'not rated'}
DCU,18536704,"{'general audiences', 'alternate universe', 'angst'}"
DCU,16566227,"{'mature', 'love', 'crimes & criminals', 'romance', 'angst'}"
DCU,18379751,"{'mild language', 'general audiences', 'secret identity'}"
DCU,18536356,{'teen and up audiences'}
DCU,18536173,{'teen and up audiences'}
DCU,18536200,"{'batfam', 'bruce wayne is a good dad', 'alfred pennyworth is the best', 'teen and up audiences'}"
DCU,18247208,"{'explicit', 'angst with a happy ending', 'spanking', 'rough sex', 'unrequited love', 'depression', 'oral sex', '69 (sex position)', 'anal sex', 'rimming', 'anal fingering', 'emotional hurt/comfort', 'angst'}"
DCU,18536137,"{'general audiences', 'fake/pretend relationship', 'mutual pining', 'fake dating', 'kissing'}"
DCU,18430367,"{'mature', 'alternate universe - no powers', 'alternate universe - college/university'}"
DCU,18536029,"{'mutual pining', 'not rated', 'oneshot', 'pining', 'tooth-rotting fluff', 'fluff', 'first kiss', 'friendship/love'}"
DCU,18536002,"{'misunderstandings', 'jealousy', 'teen and up audiences', 'fluff'}"
DCU,18535729,"{'time travel', 'teen and up audiences'}"
DCU,10614756,"{'alternate universe', 'mature', 'one shot collection'}"
DCU,14045007,"{'alternate universe - fantasy', 'teen and up audiences'}"
DCU,18535786,"{'general audiences', 'drama', 'fluff'}"
DCU,18482827,"{'foster care', 'family', 'canon disabled character', 'general audiences', 'shazam! (2019) spoilers', 'other additional tags to be added', 'alternate universe', 'angst'}"
DCU,18535384,"{'angst', 'mature', 'murder', 'science fiction', 'insanity', 'sexual tension', 'flashbacks', 'slow burn', 'killing', 'crimes & criminals'}"
DCU,17262497,"{'alternate universe - no powers', 'general audiences', 'alternate universe'}"
DCU,16959333,{'explicit'}
DCU,16285457,"{'falling in love', 'idiots in love', 'family fluff', 'angst with a happy ending', 'time travel', 'healing', 'teen and up audiences', 'family feels', 'fluff', 'established relationship', 'friendship', 'humor', 'domestic fluff'}"
DCU,18529207,"{'shazamily - freeform', 'shazam! (2019) spoilers', 'damian wayne is robin', 'other additional tags to be added', 'dick grayson is nightwing', 'teen and up audiences', 'superheroes'}"
DCU,18290129,"{'canonical character death', 'general audiences', 'other additional tags to be added', 'batfamily feels', 'identity reveal', 'team as family'}"
DCU,18535297,"{'hurt/comfort', 'injury', 'emotional hurt/comfort', 'angst', 'angst with a happy ending', 'mystery', 'teen and up audiences', 'eventual romance', 'major character injury', 'suspense', 'fluff and angst', 'angst and hurt/comfort', 'hospitals', 'kissing'}"
DCU,18224075,"{'mature', 'anxiety', 'slow burn', 'panic attacks'}"
DCU,11559231,{'not rated'}
DCU,12760206,"{'explicit', 'smut', 'humor', 'protective bruce wayne', 'superheroes'}"
DCU,18535024,"{'explicit', 'lena luthor needs a hug', 'heavy angst', 'hurt/comfort', 'eventual smut', 'kara danvers needs a hug', 'alternate universe - canon divergence', 'kinda', 'crimes & criminals', 'violence', 'lena luthor knows kara danvers is supergirl', 'lesbian lena luthor'}"
DCU,16463591,{'teen and up audiences'}
