fandom,id,tags
Harry Potter,15154226,"{'mature', 'severus snape lives', 'alternate universe', 'suicide'}"
Harry Potter,12874287,{'general audiences'}
Harry Potter,18559057,"{'explicit', 'mind control', 'porn with plot', 'mind manipulation'}"
Harry Potter,17248490,"{'marauders era (harry potter)', 'teen and up audiences', 'harry potter next generation'}"
Harry Potter,6881767,"{'family', 'past child abuse', 'dumbledore bashing', 'triwizard tournament', 'dark magic', 'abusive dursley family', 'teen and up audiences', 'dark harry', 'mentor severus snape'}"
Harry Potter,14624781,"{'mature', 'eventual romance', 'parseltongue', 'minor character death', 'female harry potter', 'no character bashing', 'alternate universe'}"
Harry Potter,16347920,"{'good tom riddle', 'mature', 'manipulative albus dumbledore'}"
Harry Potter,17670020,"{'creature inheritance', 'teen and up audiences'}"
Harry Potter,16882692,{'teen and up audiences'}
Harry Potter,18435833,"{'mature', 'albus dumbledore bashing', 'evil albus dumbledore'}"
Harry Potter,18429917,"{'mature', 'post-hogwarts', 'female harry potter', 'sirius black lives', 'pov first person', 'pov harry potter'}"
Harry Potter,16764604,{'general audiences'}
Harry Potter,18098486,"{'eventual smut', 'general audiences', 'violence'}"
Harry Potter,17538215,"{'explicit', 'past sexual abuse', 'creature fic', 'sane tom riddle'}"
Harry Potter,16032113,"{'friends to lovers', 'mutual pining', 'teen and up audiences', 'character death', 'angst'}"
Harry Potter,14743127,"{'mature', 'angst and hurt/comfort', 'mystery'}"
Harry Potter,17964359,{'explicit'}
Harry Potter,16962630,"{'slow romance', 'eventual relationships', 'hogwarts', 'drama', 'enemies to friends to lovers', 'pov remus lupin', 'mystery', 'hogwarts era', 'family', 'canon compliant', 'work in progress', 'eventual romance', 'marauders', 'adventure', ""marauders' era"", 'action/adventure', 'friendship', 'general audiences', 'slow burn', 'friends to lovers', 'romance', 'teenage drama'}"
Harry Potter,18060323,{'not rated'}
Harry Potter,16779541,"{'explicit', 'ron weasley bashing', 'manipulation', 'torture', 'child abuse', 'molly weasley bashing', ""i'm bad at tagging"", 'anal sex', 'rape/non-con elements', 'sorry not sorry', 'not beta read', 'ginny weasley bashing'}"
Harry Potter,18416756,{'not rated'}
Harry Potter,15820914,"{'explicit', 'ptsd', 'minor character death', 'depression', 'attempted rape/non-con', 'child abuse', 'angst with a happy ending', 'suicidal thoughts', 'slash', 'slow burn'}"
Harry Potter,18268790,"{'mature', 'pre-slash', 'slow burn'}"
Harry Potter,18398735,"{'explicit', 'post-hogwarts', 'time travel', 'time turner (harry potter)'}"
Harry Potter,18564310,"{'general audiences', 'implied/referenced child abuse'}"
Harry Potter,18088397,"{'rating may change', 'drarry', 'wandless magic', 'not beta read', 'teen and up audiences', 'powerful harry', 'other additional tags to be added', 'slow build', 'pov draco malfoy', 'slow burn'}"
Harry Potter,16971420,"{'non-graphic violence', 'death eaters', 'pregnancy', 'teen and up audiences'}"
Harry Potter,18493942,"{'albus dumbledore bashing', 'bamf harry potter', ""i'm bad at tagging"", 'ron weasley bashing', 'hermione granger bashing', 'teen and up audiences'}"
Harry Potter,12361260,"{'child abuse', 'dumbledore bashing', 'severitus', 'good draco malfoy', 'kid fic', 'parenthood', 'fluff and angst', 'severus snape has a heart', 'teen and up audiences', 'fluff'}"
Harry Potter,16689421,"{'gryffindor', 'bullying', 'psychological trauma', 'child abuse', 'teen and up audiences', 'good slytherins', 'mentions of abuse', 'other additional tags to be added', 'hufflepuff', 'muggles', 'slytherin', 'implied/referenced child abuse', 'ravenclaw'}"
Harry Potter,18573037,"{'explicit', 'blow jobs', 'anal sex'}"
Harry Potter,16680583,"{'explicit', 'harry potter epilogue what epilogue | ewe', 'kidnapping', 'alternate universe', 'pregnancy', 'betrayal'}"
Harry Potter,18573001,{'not rated'}
Harry Potter,17506616,{'teen and up audiences'}
Harry Potter,17465114,"{'albus dumbledore bashing', 'general audiences', 'molly weasley bashing', 'soul bond', 'alternate universe - canon divergence', 'ron weasley bashing', 'hermione granger bashing', 'slytherin harry potter', 'dark harry', 'ginny weasley bashing'}"
Harry Potter,18193334,"{'angst with a happy ending', 'marauders friendship (harry potter)', 'kid fic', 'fluff and angst', 'teen and up audiences'}"
Harry Potter,18502153,"{'explicit', 'manipulative albus dumbledore', 'eventual smut', 'triwizard tournament', 'ron weasley bashing', 'betrayal', 'molly weasley bashing', 'smart harry potter', 'alternate universe - canon divergence', 'ginny weasley bashing', 'other additional tags to be added', 'powerful harry potter', 'albus dumbledore bashing', 'canon-typical violence'}"
Harry Potter,18528757,"{'explicit', 'book 6: harry potter and the half-blood prince', 'minor character death', 'alternate universe - canon divergence', 'dark harry potter', 'dark magic'}"
Harry Potter,18377288,"{'au', 'not rated'}"
Harry Potter,12923256,"{'gryffindor', 'hogwarts', 'au', 'alternate universe - fantasy', 'teen and up audiences', 'alternate universe - harry potter setting', 'hufflepuff', 'slytherin', 'alternate universe', 'magic', 'ravenclaw'}"
Harry Potter,18224369,"{'hogwarts', 'quidditch', 'explicit language', 'alternate universe - canon divergence', 'teen and up audiences', 'pov third person', 'hufflepuff', 'dark', 'dark magic', 'slytherin', 'slytherins being slytherins'}"
Harry Potter,18572332,"{'one shot', 'hogwarts eighth year', 'general audiences', 'post-battle of hogwarts'}"
Harry Potter,18538501,{'not rated'}
Harry Potter,15813690,"{'family', 'mature', 'harry potter epilogue what epilogue | ewe', 'friends to lovers', 'soul bond', 'domestic fluff', 'romance', 'family fluff', 'marriage', 'fluff and smut', 'fluff'}"
Harry Potter,15152687,"{'explicit', 'hurt/comfort', 'angst', 'pining', 'healer hermione granger', 'slow burn', 'romance'}"
Harry Potter,18021194,"{'explicit', 'book 6: harry potter and the half-blood prince', 'enemies to friends', 'ron weasley bashing', 'dark mark (harry potter)', 'evil albus dumbledore', 'horcruxes', 'manipulation', 'bonding', 'alternate universe - canon divergence', 'character death', 'father-daughter relationship', 'implied/referenced torture', 'protectiveness', 'slytherin hermione granger', 'harry potter epilogue what epilogue | ewe', 'fluff and angst', 'fluff and smut', 'dark magic', 'good tom riddle', 'good severus snape', 'albus dumbledore bashing', 'potions', 'book 5: harry potter and the order of the phoenix', 'teacher-student relationship', 'marriage', 'time turner (harry potter)', 'severus snape has a heart'}"
Harry Potter,17272448,"{'post-harry potter and the deathly hallows', 'crossover', 'teen and up audiences'}"
Harry Potter,18555694,"{'other additional tags to be added', 'fluff and angst', 'how do i tag', 'slytherins being slytherins', 'teen and up audiences', 'good slytherins'}"
Harry Potter,18509467,"{'slow burn', 'hurt/comfort', 'teen and up audiences', 'emotional hurt/comfort', 'fluff and humor'}"
Harry Potter,17919059,"{'drama', 'teen and up audiences', 'angst and tragedy', 'romance'}"
Harry Potter,18571909,{'teen and up audiences'}
Harry Potter,17602589,"{'explicit', 'gay sex', 'recovery', 'angst', 'mind manipulation', 'rape/non-con elements', 'mental health issues', 'fluff and angst', 'fluff and smut', 'homophobia', 'self-harm', 'slow burn', 'post-traumatic stress disorder - ptsd', 'implied/referenced child abuse'}"
Harry Potter,18384923,"{'explicit', 'spanking', 'healer draco malfoy', 'blow jobs', 'dirty talk', 'anal sex', 'rimming', 'smut', 'rough sex', 'love', 'family', 'other additional tags to be added', 'anal fingering', 'established relationship', 'friendship', 'auror harry potter', 'domestic fluff', 'daddy kink', 'light angst'}"
Harry Potter,16610507,"{'alternate universe - soulmates', 'soulmate-identifying marks', 'implied/referenced child abuse', ""marauders' era"", 'teen and up audiences', 'angst'}"
Harry Potter,18376688,"{'implied/referenced character death', 'horcruxes', 'past torture', 'past child abuse', 'teen and up audiences', 'canonical character death', 'mentor severus snape', 'good severus snape', 'canon-typical violence', 'implied/referenced child abuse'}"
Harry Potter,18571846,{'explicit'}
Harry Potter,18348836,"{'action/adventure', 'mature', 'drama', 'romance'}"
Harry Potter,17245598,"{'explicit', 'porn with plot', 'explicit sexual content', 'enemies to lovers', 'post-war', 'harry potter epilogue what epilogue | ewe', 'humor', 'loss of virginity', 'fluff', 'light angst'}"
Harry Potter,18566275,"{'explicit', 'porn with plot'}"
Harry Potter,18555943,{'teen and up audiences'}
Harry Potter,18551617,"{'drama', 'female harry potter', 'time travel', 'battle of hogwarts', 'alternate universe', 'teen and up audiences', 'pov alternating'}"
Harry Potter,17897492,"{'explicit', 'pining draco malfoy', 'eventual smut', 'alternate universe - modern setting', 'slow burn', 'friends to lovers', 'drarry', 'healing', 'light angst'}"
Harry Potter,18094721,"{'past child abuse', 'mature', 'alternate universe - canon divergence', 'time travel', 'abusive dursley family', 'good slytherins', 'implied/referenced child abuse', 'adoption'}"
Harry Potter,18567388,"{'explicit', 'action/adventure', 'humor', 'sexual tension', 'romance', 'fluff and smut', 'fluff'}"
Harry Potter,14984261,"{'humor', 'harry potter was raised by other(s)', 'smart harry potter', 'friends to lovers', 'slow burn', 'teen and up audiences'}"
Harry Potter,719557,{'teen and up audiences'}
Harry Potter,18567520,"{'mature', 'death', 'violence'}"
Harry Potter,18567127,"{'recovery', 'not rated'}"
Harry Potter,18182510,"{'explicit', 'canonical character death', 'forced marriage', 'slow burn', 'alternate universe - canon divergence', 'romance', 'slow build', 'angst'}"
Harry Potter,18566305,"{'explicit', 'top harry', 'bottom draco'}"
Harry Potter,15408702,"{'torture', 'werewolves', 'minor character death', 'alternate universe - canon divergence', 'book 4: harry potter and the goblet of fire', 'violence', 'slytherin harry potter', 'teen and up audiences', 'angst'}"
Harry Potter,18566191,"{'alternate universe', 'teen and up audiences'}"
Harry Potter,17709545,"{'original percival graves is a softie', 'not rated', 'credence barebone needs a hug', 'credence barebone gets a hug', 'established relationship', 'post-traumatic stress disorder - ptsd', 'romance', 'childhood trauma'}"
Harry Potter,13717107,"{'family', 'drama', 'humor', 'mpreg', 'abuse', 'implied/referenced child abuse', 'teen and up audiences', 'angst'}"
Harry Potter,17465225,"{'mature', 'post-hogwarts', 'falling in love', 'not epilogue compliant', 'auror harry potter'}"
Harry Potter,18571390,"{'explicit', 'mpreg', 'oral sex', 'auror harry potter', 'pregnancy'}"
Harry Potter,18380867,"{'other additional tags to be added', 'not rated'}"
Harry Potter,16587035,"{'general audiences', 'slytherin harry potter'}"
Harry Potter,6331585,"{'mature', 'au'}"
Harry Potter,16905384,"{'explicit', 'enemies to friends to lovers', 'depression', 'anal sex', 'teacher-student relationship', 'past torture', 'suicidal thoughts', 'past abuse', 'angst'}"
Harry Potter,3273809,{'teen and up audiences'}
Harry Potter,18427895,{'not rated'}
Harry Potter,18176186,"{'alternate universe - canon divergence', 'teen and up audiences'}"
Harry Potter,18484417,"{'spanking', 'kid fic', 'family drama', 'teen and up audiences'}"
Harry Potter,17940542,"{'slow romance', 'harry potter epilogue what epilogue | ewe', 'slow burn', 'post-traumatic stress disorder - ptsd', 'time travel', 'therapy', 'pov remus lupin', 'hogwarts eighth year', 'pov draco malfoy', 'post-battle of hogwarts', 'not rated'}"
Harry Potter,10860579,"{'dumbledore bashing', 'hogwarts first year', 'teen and up audiences'}"
Harry Potter,15951056,"{'femslash', 'mature', 'female harry potter', 'time travel', 'pov first person', 'genderbending', 'blood magic', 'necromancy', 'dark magic'}"
Harry Potter,16536431,"{'mind control', 'death', 'rape', 'alpha/beta/omega dynamics', 'sex', 'family fluff', 'past child abuse', 'angst', 'torture', 'child abuse', 'mature', 'past rape/non-con', 'alternate universe - canon divergence', 'soul bond', 'mpreg', 'fluff', 'alternate universe - soulmates', 'abuse'}"
Harry Potter,18223574,"{'horcrux hunting', 'muggles', 'teen and up audiences'}"
Harry Potter,18506326,{'explicit'}
Harry Potter,18569959,"{'auror harry potter', 'post-canon', 'teen and up audiences'}"
Harry Potter,17917361,"{'explicit', 'angst with a happy ending', 'post-war', 'mutual pining', 'anal sex', 'infidelity', 'self-esteem issues', 'angst'}"
Harry Potter,18341762,"{'mature', 'implied/referenced rape/non-con', 'soulmates', 'ministry of magic (harry potter)', 'soulmate-identifying marks', 'romance', 'drama', 'angst'}"
Harry Potter,17447339,"{'lemon', 'mature', 'romance'}"
Harry Potter,17849618,"{'mature', 'implied/referenced character death', 'angst and hurt/comfort'}"
Harry Potter,15457248,"{'arranged marriage', 'the noble and most ancient house of black', 'black family (harry potter) - freeform', 'father-son relationship', 'teen and up audiences'}"
Harry Potter,18569467,"{'master of death harry potter', 'general audiences'}"
Harry Potter,18415259,"{'teen and up audiences', 'fluff', 'angst'}"
Harry Potter,18569374,"{'friendship', 'canon compliant', 'teen and up audiences'}"
Harry Potter,18544567,"{'male slash', 'falling in love', 'original percival graves is a softie', 'emotional hurt/comfort', 'fix-it', 'protectiveness', 'other additional tags to be added', 'cuddling & snuggling', 'credence barebone needs a hug', 'nightmares', 'post-canon', 'fluff', 'fluff and humor', 'credence barebone gets a hug', 'slash', 'general audiences', 'domestic fluff', 'romance', 'first kiss'}"
Harry Potter,14733953,"{'humor', 'eventual romance', 'romance', 'teen and up audiences', 'fluff', 'angst'}"
Harry Potter,14806881,"{'crossover', 'teen and up audiences'}"
Harry Potter,18569053,"{'general audiences', 'smart harry potter', 'other additional tags to be added'}"
Harry Potter,3869599,"{'canonical character death', 'alternate universe - soulmates', 'canon-typical violence', 'black hermione granger', 'soulmate-identifying marks', 'fluff and angst', 'teen and up audiences'}"
Harry Potter,18475585,"{'explicit', 'drama & romance', 'eventual smut', 'eventual romance', 'eventual relationships', 'mystery', 'romance', 'drama'}"
Harry Potter,18568897,{'teen and up audiences'}
Harry Potter,18556141,"{'romance', 'adventure', 'teen and up audiences'}"
Harry Potter,18568630,{'mature'}
Harry Potter,18568633,{'mature'}
Harry Potter,15835584,{'mature'}
Harry Potter,18551704,"{'not canon compliant', 'not rated', 'female harry potter'}"
Harry Potter,18568405,{'general audiences'}
Harry Potter,18290435,"{'explicit', 'spanking'}"
Harry Potter,18568096,"{'teen and up audiences', 'light angst', 'romance'}"
Harry Potter,17810696,"{'friendship', 'canon compliant', 'general audiences', 'gryffindor', 'slytherin', 'hogwarts', 'hufflepuff', 'book 2: harry potter and the chamber of secrets', 'ravenclaw', 'good slytherins', 'during canon'}"
Harry Potter,17810696,"{'friendship', 'canon compliant', 'general audiences', 'gryffindor', 'slytherin', 'hogwarts', 'hufflepuff', 'book 2: harry potter and the chamber of secrets', 'ravenclaw', 'good slytherins', 'during canon'}"
Harry Potter,17509199,"{'mature', 'explicit language', 'dramione - freeform', 'rating may change', 'other additional tags to be added', 'horcruxes', 'psychological trauma', 'war', 'character death', 'angst'}"
Harry Potter,13803537,"{'original character(s)', 'mature'}"
Harry Potter,13950030,{'general audiences'}
Harry Potter,18567868,{'mature'}
Harry Potter,18566791,"{'child abuse', 'implied/referenced child abuse', 'teen and up audiences'}"
Harry Potter,18331664,"{'mature', 'albus dumbledore bashing', 'slow burn', 'harry is lord potter', 'ron weasley bashing', 'au'}"
Harry Potter,18559924,"{'not canon compliant', 'manipulative albus dumbledore', 'harry is lord potter', 'hogwarts fourth year', 'ron weasley bashing', 'molly weasley bashing', 'the noble and most ancient house of black', 'time travel', 'teen and up audiences', 'ginny weasley bashing', 'bamf harry potter', 'kidnapping', 'the author regrets nothing', 'crack treated seriously'}"
Harry Potter,14464131,"{'ptsd', 'time travel', 'teen and up audiences'}"
Harry Potter,10048415,"{'male slash', 'creature inheritance', 'mature', 'dumbledore bashing', 'severitus', 'harems', 'mpreg', 'abusive dursley family', 'bottom harry', 'powerful harry'}"
Harry Potter,16392914,"{'mature', 'female harry potter', 'other additional tags to be added', 'alternate universe - canon divergence', 'crossover'}"
Harry Potter,18156740,"{'general audiences', 'newtina', 'how do i tag', 'marriage', 'my first work in this fandom'}"
Harry Potter,16673827,"{'action/adventure', 'mature', 'post-hogwarts', 'enemies to lovers', 'murder', 'eventual romance', 'slow burn', 'harry potter epilogue what epilogue | ewe', 'ministry of magic (harry potter)', 'mystery', 'fluff and smut'}"
Harry Potter,18517624,"{'marauders', 'alternate universe', 'teen and up audiences'}"
Harry Potter,18072644,"{'seer luna lovegood', 'not rated', 'fem!harry', 'alternate universe - harry potter setting', 'arranged marriage', 'other additional tags to be added'}"
Harry Potter,17005884,"{'explicit', 'alternate universe - soulmates', 'hurt/comfort', 'soulmate-identifying marks', 'crack treated seriously'}"
Harry Potter,18567130,"{'explicit', 'established relationship', 'dubious consent', 'smut', 'dirty talk'}"
Harry Potter,17947397,{'not rated'}
Harry Potter,18566863,"{'mind control', 'not rated'}"
Harry Potter,15927608,"{'unplanned pregnancy', 'book 6: harry potter and the half-blood prince', 'attempted rape/non-con', 'mpreg', 'morally grey harry potter', 'wandless magic', 'not rated'}"
Harry Potter,17931560,{'explicit'}
Harry Potter,9781853,"{'explicit', 'homophobia', 'bottom!draco', 'top!harry', 'slow build'}"
Harry Potter,14890098,{'mature'}
Harry Potter,18134963,"{'mature', 'slow romance', 'falling in love', 'eventual romance', 'slow burn', 'hogwarts', 'alternate universe', 'emotional manipulation', 'angst and hurt/comfort', 'love'}"
Harry Potter,17412638,"{'general audiences', 'newtina', 'falling in love', 'alternate universe - canon divergence'}"
Harry Potter,17480069,{'mature'}
Harry Potter,18298847,"{'friendship', 'general audiences', 'eventual romance', 'time travel', 'fluff and angst', 'romance', 'marriage', 'post-battle of hogwarts', 'fluff', 'angst'}"
Harry Potter,18009191,"{'mature', 'soulmates', 'time travel', 'smut', 'fluff', 'friendship/love', 'angst'}"
Harry Potter,2672081,"{'vampires', 'evil dumbledore', 'teen and up audiences'}"
Harry Potter,17456630,"{'pureblood culture (harry potter)', 'father-son relationship', 'slytherin harry potter', 'teen and up audiences', 'adoption'}"
Harry Potter,18035321,"{'maybe - freeform', 'female harry potter', 'hogwarts first year', 'teen and up audiences', 'good slytherins', 'alternate universe - harry potter setting'}"
Harry Potter,17244410,{'teen and up audiences'}
Harry Potter,16904064,"{'fix-it', 'post-war', 'post-traumatic stress disorder - ptsd', 'time travel', 'temporary character death', 'time travel fix-it', 'teen and up audiences', 'potions'}"
Harry Potter,18565714,"{'explicit', 'fluff and humor'}"
Harry Potter,18564928,"{'romance', 'humor', 'not rated'}"
Harry Potter,18565684,"{'explicit', 'fluff and smut', 'fluff and humor'}"
Harry Potter,18565642,"{'explicit', 'fluff and smut'}"
Harry Potter,15162944,"{'explicit', 'triwizard tournament', 'plot twists', 'past child abuse', 'murder', 'pov third person', 'self harm', 'occlumency', 'dark', 'fluff and angst', 'slytherin harry potter', 'eating disorders'}"
Harry Potter,18196214,"{'explicit', 'explicit sexual content', 'slow burn', 'post-traumatic stress disorder - ptsd', 'post-harry potter and the deathly hallows', 'violence', 'romance'}"
Harry Potter,15033473,"{'mature', 'explicit language', 'eventual romance', 'magic', 'violence', 'original character(s)', 'harry potter next generation', 'character death', 'teen romance'}"
Harry Potter,16205831,"{'bisexual harry potter', 'smart harry potter', 'black hermione granger', 'good slytherins', 'eventual romance', 'harry potter is a horcrux', 'slytherin harry potter', 'friendship', 'general audiences'}"
Harry Potter,18002192,"{'alternate universe - modern setting', 'past child abuse', 'explicit language', 'wolfstar', 'lgbtq character', 'teen and up audiences', 'marauders', 'slow burn', 'implied/referenced child abuse'}"
Harry Potter,18507223,"{'explicit', 'vaginal sex', 'shameless smut', 'oral sex', 'plot what plot/porn without plot', 'first time', 'vaginal fingering', 'dubious consent'}"
Harry Potter,15419610,"{'crack', 'mature'}"
Harry Potter,15320643,"{'explicit', 'biting', 'rating may change', 'hogwarts', 'alpha/beta/omega dynamics', 'sex', 'au', 'my first work in this fandom', 'angst with a happy ending', 'loss of virginity', 'sorry not sorry', 'original character(s)', 'character death', 'mating cycles/in heat', 'other additional tags to be added', 'occlumency', 'fluff and angst', ""dumbledore's army"", 'mating bites', 'the author regrets nothing', 'death eaters', 'magic'}"
Harry Potter,18565459,"{'angst and tragedy', 'not rated'}"
Harry Potter,18565432,"{'first dates', 'mature', 'fluff and smut'}"
Harry Potter,16577807,"{'mature', 'alternate universe', 'quidditch'}"
Harry Potter,18398618,"{'friendship', 'teen and up audiences'}"
Harry Potter,18565315,"{'explicit', 'explicit sexual content', 'alternate universe - modern setting', 'wolfstar', 'masturbation'}"
Harry Potter,17830850,"{'teen and up audiences', 'canon-typical violence', 'implied/referenced abuse', 'hogwarts sixth year'}"
Harry Potter,18272477,"{'explicit', 'good draco malfoy', 'mutual pining', 'alternate universe - muggle', 'alternate universe - high school'}"
Harry Potter,6975322,"{'slytherin hermione granger', 'alternate universe - canon divergence', 'hogwarts first year', 'slytherins being slytherins', 'teen and up audiences', 'good slytherins'}"
Harry Potter,17009259,"{'mature', 'harry potter epilogue what epilogue | ewe', 'severus snape lives', 'dirty talk'}"
Harry Potter,18565174,"{'teen and up audiences', 'out of character'}"
Harry Potter,18545350,{'mature'}
Harry Potter,18400292,"{'alternate universe - canon divergence', 'teen and up audiences'}"
Harry Potter,18272783,"{'fluff', 'not rated'}"
Harry Potter,18561133,{'teen and up audiences'}
Harry Potter,18384386,"{'vampires', 'mature', 'alternate universe - soulmates', 'alternate universe - no voldemort', 'slytherin harry potter'}"
Harry Potter,18554476,"{'family', 'friendship', 'mature', 'first war with voldemort', 'marauders', 'alternate universe - canon divergence', 'past torture', 'james potter lives'}"
Harry Potter,14306577,"{'mature', 'eventual smut', 'time travel', 'mental health issues'}"
Harry Potter,16782697,"{'explicit', 'hurt/comfort', 'healer draco malfoy', 'rape/non-con elements', 'healing'}"
Harry Potter,18549472,"{'mature', 'other additional tags to be added', 'mpreg', 'hogwarts eighth year', 'dark harry'}"
Harry Potter,18564601,"{'emotional/psychological abuse', 'friendship', 'humor', 'harry potter was raised by other(s)', 'bullying', 'alternate universe - canon divergence', 'post-canon', 'teen and up audiences'}"
Harry Potter,18564532,"{'mature', 'fluff and humor'}"
Harry Potter,18546664,"{'werewolves', 'mature', 'soul bond'}"
Harry Potter,18437630,"{'drarry', 'first time', 'mature', 'bottom draco malfoy', 'time travel', 'hogwarts sixth year', ""dumbledore's army"", 'alternate universe', 'teacher-student relationship', 'time turner (harry potter)'}"
Harry Potter,10763652,"{'female harry potter', 'slow burn', 'teen and up audiences'}"
Harry Potter,18022901,"{'friendship', 'teen and up audiences', 'hogwarts eighth year'}"
Harry Potter,13879086,{'explicit'}
Harry Potter,18564358,"{'general audiences', 'good draco malfoy', 'alternate universe - canon divergence', 'hogwarts first year', 'pov draco malfoy'}"
Harry Potter,18564259,"{'general audiences', 'fluff', 'redeemed draco malfoy'}"
Harry Potter,4674053,"{'family', 'friendship', 'mature', 'romance', 'anxiety attacks', 'redemption', 'fluff', 'angst'}"
Harry Potter,18493654,"{'mature', 'eventual smut', 'family fluff', 'fluff and smut', 'fluff'}"
Harry Potter,18564097,{'general audiences'}
Harry Potter,18252377,"{'not canon compliant - harry potter and the goblet of fire', 'mature', 'character death'}"
Harry Potter,18506401,"{'explicit', 'horror', 'morally grey harry potter', 'crossover', 'dark harry'}"
Harry Potter,18564067,"{'one shot', 'not rated'}"
Harry Potter,16058966,"{'mature', 'sirius black & james potter friendship', 'bisexual male character', 'recovery', 'slow burn', 'hurt/comfort', 'alternate universe - canon divergence', 'magic', 'james potter lives'}"
Harry Potter,17828372,"{'mature', 'angst and hurt/comfort'}"
Harry Potter,16616297,"{'ron weasley bashing', 'teen and up audiences'}"
Harry Potter,16897395,"{'explicit', 'oral sex', 'anal sex', 'sorry not sorry', 'anal fingering'}"
Harry Potter,14234310,"{'marauders', 'jily', 'romance', ""marauders' era"", 'teen and up audiences'}"
Harry Potter,17569505,"{'mature', 'explicit language', 'post-war', 'eventual romance', 'slow burn', 'slow build', 'hogwarts eighth year', 'light angst'}"
Harry Potter,18300209,"{'alternate universe - canon divergence', 'general audiences', 'fix-it of sorts'}"
Harry Potter,18563482,{'general audiences'}
Harry Potter,18563467,"{'auror harry potter', 'teen and up audiences'}"
Harry Potter,16940712,"{'alternate universe - voldemort wins', 'professor tom riddle', 'mature', 'master of death harry potter', 'parseltongue', 'alternate universe - canon divergence', 'original character(s)', 'character death', 'necromancy', 'slytherin hermione granger', 'female harry potter', 'harry potter is a horcrux', 'slytherin harry potter', 'mentor severus snape', 'no character bashing'}"
Harry Potter,18563353,"{'explicit', 'explicit sexual content'}"
Harry Potter,18279665,{'general audiences'}
Harry Potter,15550575,"{'dimension travel', 'alternate universe - canon divergence', 'creature harry potter', 'mpreg', 'fix-it of sorts', 'teen and up audiences'}"
Harry Potter,17649563,"{'explicit', 'death', 'hurt/comfort', 'blow jobs', 'explicit language', 'shameless smut', 'anal sex', 'rough sex', 'character death', 'love', 'vaginal sex', 'masturbation', 'explicit sexual content', 'drama & romance', 'friendship', 'emotional hurt', 'oral sex', 'cunnilingus', 'death eaters'}"
Harry Potter,17241749,"{'female harry potter', 'teen and up audiences'}"
Harry Potter,17848673,"{'child abuse', 'general audiences', 'slytherin', 'gryffindor', 'hufflepuff', 'implied/referenced child abuse', 'ravenclaw', 'good slytherins'}"
Harry Potter,18402734,{'teen and up audiences'}
Harry Potter,18562945,"{'femslash', 'mature', 'fem!harry', 'emotional manipulation'}"
Harry Potter,18374321,"{'fluff', 'harems', 'protectiveness', 'bamf harry potter', 'falling in love', 'nightmares', 'teen and up audiences'}"
Harry Potter,18503521,{'explicit'}
Harry Potter,18452933,"{'pureblood culture (harry potter)', 'general audiences', 'manipulative albus dumbledore', 'harry is lord potter', 'harry potter is a horcrux'}"
Harry Potter,16330955,"{'mature', 'harry potter epilogue what epilogue | ewe', 'dark', 'romance'}"
Harry Potter,18511981,"{'good tom riddle', 'mature', 'albus dumbledore bashing', 'manipulative albus dumbledore', 'top harry potter', 'molly weasley bashing', 'ginny weasley bashing', 'time travel', 'ron weasley bashing', 'hermione granger bashing', 'time travel fix-it', 'seer luna lovegood', 'angst and hurt/comfort'}"
Harry Potter,18562483,"{'mature', 'mildly dubious consent'}"
Harry Potter,17365841,"{'harry potter epilogue what epilogue | ewe', 'enemies to friends to lovers', 'teen and up audiences', 'fluff', 'angst'}"
Harry Potter,17684816,"{'ptsd', 'enemies to lovers', 'anxiety', 'slow burn', 'depression', 'au', 'original character(s)', 'teen and up audiences', 'hogwarts sixth year', 'angst'}"
Harry Potter,18551305,{'not rated'}
Harry Potter,18562078,{'general audiences'}
Harry Potter,18562282,"{'angst with a happy ending', 'mature', 'eventual romance', 'time travel', 'romance', 'au', 'time travel fix-it', 'angst and hurt/comfort'}"
Harry Potter,16237082,"{'explicit', 'comedy', 'gay sex', 'recreational drug use', 'rape', 'sex', 'emotional/psychological abuse', 'torture', 'explicit language', 'masturbation', 'implied/referenced torture', 'father-son relationship', 'nightmares', 'past abuse', 'oral sex', 'implied/referenced child abuse', 'gay character', 'friendship/love'}"
Harry Potter,15656337,"{'alternate universe - canon divergence', 'teen and up audiences'}"
Harry Potter,18513592,"{'master of death harry potter', 'canon-typical violence', 'bamf harry potter', 'teen and up audiences', 'emotional hurt/comfort', 'alternate universe - time travel'}"
Harry Potter,18314762,"{'recreational drug use', 'minor character death', 'hogwarts', 'angst', 'teen romance', 'swearing', 'original character(s)', 'teen and up audiences', 'fluff and angst', 'post-hogwarts', 'gay character', 'harry potter next generation'}"
Harry Potter,14001873,"{'emotional/psychological abuse', 'alternate universe - soulmates', 'soulmates', 'post-traumatic stress disorder - ptsd', 'punishment', 'magic', 'violence', 'teen and up audiences'}"
Harry Potter,18397475,"{'general audiences', 'other additional tags to be added', 'alternate universe - canon divergence', 'hogwarts first year', 'pov harry potter', 'my first work in this fandom'}"
Harry Potter,18477682,"{'harry potter was raised by other(s)', 'au', 'teen and up audiences'}"
Harry Potter,18441998,"{'mature', 'post-hogwarts', 'humor', 'romance', 'drama'}"
Harry Potter,14818418,{'general audiences'}
Harry Potter,17997815,"{'teen and up audiences', 'established relationship'}"
Harry Potter,18561907,"{'teen and up audiences', 'magic'}"
Harry Potter,11924550,"{'gay', 'general audiences', 'slytherin', 'gryffindor', 'lgbtq character', 'hogwarts', 'lgbtq themes', 'romance', 'good slytherins', 'love'}"
Harry Potter,18561607,"{'explicit', 'forced marriage', 'oral sex', 'loss of virginity', 'marriage'}"
Harry Potter,14868068,"{'rape/non-con elements', 'mature', 'emotional hurt/comfort', 'angst'}"
Harry Potter,18513430,"{'action/adventure', 'alternate universe - hogwarts', 'slow romance', 'slow burn', 'fluff and angst', 'magic', 'mystery', 'slow build', 'not rated'}"
Harry Potter,17430107,{'general audiences'}
Harry Potter,18560824,"{'healer draco malfoy', 'blow jobs', 'angst', 'not rated', 'anal sex', 'smut', 'rimming', 'mpreg', 'fluff and angst', 'anal fingering', 'healer hermione granger', 'fluff and smut', 'fluff', 'auror harry potter', 'oral sex'}"
Harry Potter,13635111,"{'not rated', 'wolfstar', 'mentions of abuse'}"
Harry Potter,16269131,"{'hurt/comfort', 'book 2: harry potter and the chamber of secrets', 'pov harry potter', 'parseltongue', 'teen and up audiences', 'canon compliant', 'werewolves', 'room of requirement', 'animagus', 'muggles'}"
Harry Potter,16472705,"{'mature', 'emotional hurt', 'alternate universe - canon divergence', 'ron weasley bashing'}"
Harry Potter,16240208,"{'friendship', 'mature', 'humor', 'not epilogue compliant', 'other additional tags to be added', 'romance', 'roommates'}"
Harry Potter,18225101,{'teen and up audiences'}
Harry Potter,18560521,"{'canon compliant', 'other additional tags to be added', 'teen and up audiences'}"
Harry Potter,18560491,"{'general audiences', 'fluff'}"
Harry Potter,18526540,"{'explicit', 'established relationship', 'first war with voldemort', 'post-hogwarts', 'alternate universe - canon divergence', 'dark', 'fluff and angst', 'fluff and smut'}"
Harry Potter,18560341,"{'enemies to friends', 'slow burn', 'enemies to friends to lovers', 'hogwarts sixth year', 'teen and up audiences'}"
Harry Potter,18406058,"{'established relationship', 'developing relationship', 'slow romance', 'falling in love', 'slow burn', 'fluff and angst', 'teacher-student relationship', 'fluff and smut', 'fluff', 'not rated'}"
Harry Potter,18560296,"{'explicit', 'explicit sexual content', 'maybe - freeform', 'alternate universe - time travel'}"
Harry Potter,17445485,"{'harry potter was raised by other(s)', 'teen and up audiences', 'seer luna lovegood'}"
Harry Potter,16604165,"{'friendship', 'horcrux hunting', 'humor', 'hogwarts', 'harry potter is a horcrux', 'book 5: harry potter and the order of the phoenix', 'magic', 'crossover', 'teen and up audiences', 'during canon'}"
Harry Potter,18281825,"{'teen and up audiences', 'slow burn', 'marauders', 'mystery', 'romance', 'marauders era (harry potter)', 'original character(s)', 'adventure', 'drama'}"
Harry Potter,18117560,"{'teen and up audiences', 'master of death harry potter', 'manipulative albus dumbledore', 'slytherin harry potter', 'professor tom riddle', 'female harry potter', 'genderbending', 'time travel fix-it', 'seer luna lovegood', 'light angst', 'sane tom riddle'}"
Harry Potter,18098528,"{'drarry', 'nightmares', 'violence', 'teen and up audiences', 'angst'}"
Harry Potter,14828268,"{'mature', 'hogwarts', 'post-traumatic stress disorder - ptsd', 'trauma', 'sex'}"
Harry Potter,17670422,"{'sirius black lives', 'teen and up audiences'}"
Harry Potter,18559873,{'teen and up audiences'}
Harry Potter,17059703,"{'depression', 'au', 'teen and up audiences', 'angst'}"
Harry Potter,18087083,{'mature'}
Harry Potter,17842508,"{'drama & romance', 'gay', 'marauders friendship (harry potter)', 'family drama', 'romance', 'marauders era (harry potter)', 'teenage drama', 'not rated'}"
Harry Potter,18522886,"{'explicit', 'kid fic', 'top harry', 'anal sex', 'vaginal sex', 'bottom draco', 'established relationship', 'oral sex'}"
Harry Potter,12150615,"{'mature', 'time travel'}"
Harry Potter,17958095,{'mature'}
Harry Potter,18030464,"{'bad puns', 'marriage', 'past relationship(s)', 'dark mark (harry potter)', 'sane!voldemort', 'emotional hurt/comfort', 'mature', 'past rape/non-con', 'parseltongue', 'alternate universe - canon divergence', 'not beta read', 'necromancy', 'sequel', 'cuddling & snuggling', 'fluff and angst', 'dark magic', 'temporary character death', 'childhood trauma', 'friendship/love'}"
Harry Potter,18030464,"{'bad puns', 'marriage', 'past relationship(s)', 'dark mark (harry potter)', 'sane!voldemort', 'emotional hurt/comfort', 'mature', 'past rape/non-con', 'parseltongue', 'alternate universe - canon divergence', 'not beta read', 'necromancy', 'sequel', 'cuddling & snuggling', 'fluff and angst', 'dark magic', 'temporary character death', 'childhood trauma', 'friendship/love'}"
Harry Potter,17850098,"{'alternate universe - modern setting', 'hogwarts', 'letters', 'romance', 'love letters', 'alternate universe - high school', 'fluff', 'not rated'}"
Harry Potter,17333024,"{'explicit', 'horcrux hunting', 'dramione - freeform', 'eventual smut', 'eventual romance', 'eventual relationships', 'enemies to friends to lovers', 'friends to lovers', 'fluff and angst', 'smut', 'draco malfoy in the muggle world', 'fluff and smut', 'redeemed draco malfoy', 'hogwarts era'}"
Harry Potter,13475385,"{'explicit', 'mating cycles/in heat', 'bonding', 'alpha/beta/omega dynamics', 'oral sex', 'anal sex', 'rimming', 'anal fingering'}"
Harry Potter,18553132,"{'explicit', 'first war with voldemort', 'smut', 'first love', 'marauders era (harry potter)', 'betrayal'}"
Harry Potter,11291094,"{'past child abuse', 'therapy', 'teen and up audiences', 'occlumency'}"
Harry Potter,14344206,"{'angst', 'friendship', 'ravenclaw', 'gryffindor', 'slytherin', 'hogwarts', 'lgbtq character', 'hufflepuff', 'lgbtq themes', 'hurt/comfort', 'mutual pining', 'magic', 'sorry not sorry', 'romance', 'teen and up audiences', 'reader-insert', 'love'}"
Harry Potter,16650829,"{'explicit', 'alternate universe', 'pov alternating'}"
Harry Potter,15959441,"{'alternate universe - canon divergence', 'teen and up audiences'}"
Harry Potter,18488668,"{'mind manipulation', 'female harry potter', 'teen and up audiences'}"
Harry Potter,17785199,"{'explicit', 'original percival graves is a softie', 'hurt/comfort', 'panic attacks', 'family fluff', 'emotional hurt/comfort', 'angst', 'anal sex', 'healing', 'smut', 'implied/referenced torture', 'credence barebone needs a hug', 'fluff and angst', 'anal fingering', 'fluff and smut', 'credence barebone gets a hug', 'self-harm', 'anxiety', 'post-traumatic stress disorder - ptsd', 'anxiety attacks'}"
Harry Potter,18554956,"{'explicit', 'mating cycles/in heat', 'alpha/beta/omega dynamics', 'rimming', 'dubious consent'}"
Harry Potter,18465418,"{'mature', 'female harry potter', 'harry potter is a horcrux', 'post-harry potter and the deathly hallows'}"
Harry Potter,17971835,"{'explicit', 'established relationship', 'pov first person', 'daddy kink'}"
Harry Potter,18499117,{'explicit'}
Harry Potter,18553426,"{'alternate universe - canon divergence', 'teen and up audiences'}"
Harry Potter,18473500,"{'explicit', 'hurt/comfort', 'trauma'}"
Harry Potter,18510901,"{'explicit', 'alternate universe - voldemort wins', 'betrayal'}"
Harry Potter,18449336,"{'explicit', 'alternate universe - modern setting', 'non-graphic violence', 'infidelity', 'dubious consent'}"
Harry Potter,15128804,"{'established relationship', 'alternate universe - soulmates', 'letters', 'post-traumatic stress disorder - ptsd', 'soulmate-identifying marks', 'domestic fluff', 'pov alternating', 'teen and up audiences', 'fluff'}"
Harry Potter,18087908,"{'explicit', 'underage sex'}"
Harry Potter,18398105,"{'explicit', 'time travel', 'alternate universe - time travel'}"
Harry Potter,18319610,{'teen and up audiences'}
Harry Potter,18553771,{'explicit'}
Harry Potter,18431963,"{'fem!harry', 'sane!voldemort', 'not rated'}"
Harry Potter,18555160,"{'mature', 'hand jobs'}"
Harry Potter,18536344,"{'slow burn', 'teen and up audiences'}"
Harry Potter,18071879,"{'explicit', 'explicit sexual content', 'eventual smut', 'eventual romance', 'enemies to friends to lovers', 'pining', 'mutual pining', 'post-canon'}"
Harry Potter,18522778,"{'general audiences', 'alternate universe - soulmates', 'dimension travel', 'time travel', 'soulmate-identifying marks'}"
Harry Potter,16191083,"{'post-hogwarts', 'not epilogue compliant', 'teen and up audiences', 'roommates'}"
Harry Potter,18555043,"{'teen and up audiences', 'mpreg', 'angst'}"
Harry Potter,18559015,{'not rated'}
Harry Potter,14440419,"{'mature', 'post-war', 'slow burn', 'other additional tags to be added'}"
Harry Potter,18302792,"{'blood magic', 'harry potter was raised by other(s)', 'teen and up audiences', 'heir of hogwarts founders'}"
Harry Potter,18077900,"{'explicit', 'recreational drug use', 'depression', 'hurt/comfort', 'blow jobs', 'past child abuse', 'angst with a happy ending', 'pining', 'anal sex', 'rimming', 'mental health issues', 'draco malfoy in the muggle world', 'post-traumatic stress disorder - ptsd', 'anxiety attacks'}"
Harry Potter,12512868,"{'wolfstar', 'jily', 'fluff and angst', ""marauders' era"", 'teen and up audiences'}"
Harry Potter,17409410,"{'hogwarts', 'book 5: harry potter and the order of the phoenix', 'genderbending', 'psychological trauma', 'teen and up audiences'}"
Harry Potter,18558724,"{'general audiences', 'first kiss', 'fluff', 'love'}"
Harry Potter,18491767,"{'femslash', 'one shot', 'teen and up audiences'}"
Harry Potter,16589240,"{'family', 'fix-it', 'albus dumbledore bashing', 'molly weasley bashing', 'teen and up audiences', 'sequel'}"
Harry Potter,17578430,"{'mature', 'drarry', 'smut', 'romance', 'hogwarts eighth year'}"
Harry Potter,18558388,"{'bad puns', 'wolfstar', 'teen and up audiences'}"
Harry Potter,18531466,"{'explicit', 'child abuse', 'recreational drug use', 'violence', 'angst'}"
Harry Potter,18474628,"{'explicit', 'post-hogwarts', 'eventual romance', 'slow burn', 'smut', 'fluff and smut'}"
Harry Potter,17848745,"{'mature', 'eventual smut', 'drarry', 'fluff and angst', 'angst'}"
Harry Potter,16362467,{'teen and up audiences'}
Harry Potter,14633025,"{'angst', 'friendship', 'teen and up audiences', 'fluff'}"
Harry Potter,17733530,"{'explicit', 'torture', 'murder', 'death', 'alternate universe - canon divergence', 'parenthood', 'battle of hogwarts', 'death eaters', 'war', 'drama', 'post-battle of hogwarts'}"
Harry Potter,16454222,"{'reader-insert', 'alternate universe - harry potter setting', 'alternate universe - fantasy', 'alternate universe - soulmates', 'alternate universe - modern setting', 'alternate universe - high school', 'not rated'}"
Harry Potter,18427925,"{'explicit', 'wolfstar', 'hogwarts', 'sirius black lives', 'fluff and angst', 'first love', 'post-battle of hogwarts', 'angst and hurt/comfort', 'friendship/love', 'angst'}"
Harry Potter,16236152,"{'explicit', 'friendship', 'canon compliant', 'explicit sexual content', 'falling in love', 'eventual romance', 'hogwarts', 'smut', ""marauders' era"", 'severus snape has a heart', 'love'}"
Harry Potter,18557425,{'teen and up audiences'}
Harry Potter,18026285,"{'explicit', 'good draco malfoy', 'mpreg', 'severus snape has a heart'}"
Harry Potter,18152387,"{'friendship', 'general audiences'}"
Harry Potter,18557236,"{'other additional tags to be added', 'alternate universe - canon divergence', 'suicide', 'teen and up audiences'}"
Harry Potter,17031081,"{'harry potter epilogue what epilogue | ewe', 'past relationship(s)', 'pov hermione granger', 'teen and up audiences', 'post-battle of hogwarts', 'alternate universe - time travel'}"
Harry Potter,18177995,"{'harry is lord potter', 'ron weasley bashing', 'hermione granger bashing', 'horcruxes', 'seer luna lovegood', 'sane tom riddle', 'mates', 'mature', 'hogwarts sixth year', 'harry is lord black', 'harry potter is a horcrux', 'creature harry potter', 'dark lord harry potter', 'creature inheritance', 'albus dumbledore bashing', 'dark harry'}"
Harry Potter,18557113,"{'angst', 'wolfstar', 'hurt/comfort', 'not rated'}"
Harry Potter,18556663,{'mature'}
Harry Potter,18556567,{'explicit'}
Harry Potter,12235752,"{'alternate universe - canon divergence', 'alternate universe - no voldemort', 'evil dumbledore', 'not rated'}"
Harry Potter,9779777,"{'male slash', 'slash', 'established relationship', 'mature', 'past child abuse', 'post-hogwarts', 'past sexual abuse', 'past rape/non-con', 'mpreg', 'time travel', 'alternate universe', 'post-battle of hogwarts'}"
Harry Potter,9201080,"{'teen and up audiences', 'past abuse', 'hurt/comfort'}"
Harry Potter,18556240,"{'explicit', 'light angst', 'cunnilingus', 'daddy kink', 'vaginal fingering'}"
Harry Potter,15400443,{'general audiences'}
Harry Potter,18180227,"{'explicit', 'porn with plot', 'explicit sexual content', 'shameless smut', 'fluff and smut'}"
Harry Potter,18553954,"{'explicit', 'mating cycles/in heat', 'mating bites', 'oral sex', 'alpha/beta/omega dynamics', 'loss of virginity', 'mating', 'not beta read'}"
Harry Potter,18555625,"{'explicit', 'alternate universe - voldemort wins', 'alternate universe - soulmates', 'soulmate-identifying marks', 'dubious consent'}"
Harry Potter,10296875,"{'mature', 'canon-typical violence', 'minor character death', 'time travel', 'alternate universe', 'romance', 'drama'}"
Harry Potter,15861780,"{'teen and up audiences', 'established relationship', 'battle of hogwarts', 'first dates', 'quidditch'}"
Harry Potter,16109900,"{'falling in love', 'triwizard tournament', 'reader-insert', 'alternate universe - canon divergence', 'black family (harry potter) - freeform', 'teen and up audiences', 'fluff', 'crushes', 'developing relationship', 'durmstrang', 'book 4: harry potter and the goblet of fire', 'friendship/love'}"
Harry Potter,17748185,"{'hogwarts', 'angst', 'pining draco malfoy', 'alternate universe - canon divergence', 'teen and up audiences', 'hogwarts sixth year', 'hogwarts seventh year', 'developing relationship', 'humor', 'secret relationship'}"
Harry Potter,17130248,{'mature'}
Harry Potter,18392858,"{'mature', 'enemies to friends', 'slow burn'}"
Harry Potter,17913314,{'not rated'}
Harry Potter,14748930,"{'family', 'friendship', 'comedy', 'humor', 'teen and up audiences'}"
Harry Potter,18555487,{'teen and up audiences'}
Harry Potter,18555406,"{'teen and up audiences', 'hogwarts era'}"
Harry Potter,18469639,"{'abusive dursley family (harry potter)', 'manipulative albus dumbledore', 'female harry potter', 'alternate universe - canon divergence', 'not rated'}"
Harry Potter,17913257,"{'explicit', 'professor tom riddle', 'kidnapping', 'alternate universe', 'emotional manipulation', 'dark mark (harry potter)'}"
Harry Potter,18554884,"{'general audiences', 'humor', 'marauders', 'marauders era (harry potter)', 'fluff'}"
Harry Potter,18365912,"{'explicit', 'not canon compliant', 'death', 'mildly dubious consent', 'character death', 'violence', 'redeemed draco malfoy', 'alternate universe', 'magic'}"
Harry Potter,18554896,{'explicit'}
Harry Potter,18345308,{'not rated'}
Harry Potter,15776991,"{'action/adventure', 'friendship', 'master of death harry potter', 'humor', 'female harry potter', 'alternate universe - canon divergence', 'alternate universe', 'teen and up audiences'}"
Harry Potter,17987048,"{'albus dumbledore bashing', 'female harry potter', 'james potter lives', 'not rated'}"
Harry Potter,17995211,"{'alternate universe - modern setting', 'au', 'drama', 'angst', 'fem!harry', 'wandless magic', 'teen and up audiences', 'female harry potter', 'animagus', 'slow build', 'fluff', 'no character bashing', 'the author regrets nothing', 'alternate universe'}"
Harry Potter,18554620,{'general audiences'}
Harry Potter,14438922,"{'general audiences', 'harry potter was raised by other(s)', ""i'm bad at tagging""}"
Harry Potter,18526258,"{'explicit', 'child abuse', 'friendship', 'horror', 'family', 'rape', 'abuse', 'suicide', 'war', 'drama'}"
Harry Potter,18526177,"{'teen and up audiences', 'post-war', 'hurt/comfort', 'hogwarts eighth year', 'angst'}"
Harry Potter,15899118,"{'post-war', 'slow build', 'not rated'}"
Harry Potter,16660648,"{'gay sex', 'mature'}"
Harry Potter,18553933,"{'explicit', 'plot what plot/porn without plot', 'lemon', 'anal sex', 'rimming', 'au', 'daddy kink'}"
Harry Potter,18553843,{'teen and up audiences'}
Harry Potter,18553810,"{'swearing', 'teen and up audiences'}"
Harry Potter,18553693,"{'post-hogwarts', 'getting back together', 'love letters', 'teen and up audiences', 'light angst'}"
Harry Potter,17831663,"{'harry is lord potter', 'smart harry potter', 'alternate universe - harry potter setting', 'harry is lord black', 'hogwarts seventh year', 'powerful harry potter', 'slash', 'general audiences'}"
Harry Potter,18440132,"{'angst', 'mature', 'hurt/comfort', 'abuse', 'drama', 'potions'}"
Harry Potter,18482365,"{'mature', 'arranged marriage', 'alternate universe - voldemort wins', 'implied/referenced rape/non-con', 'romance'}"
Harry Potter,17452523,"{'child abuse', 'mature', 'albus dumbledore bashing', 'molly weasley bashing', 'smart harry potter', 'soul bond', 'lemon', 'animagus', 'morally grey harry potter', 'ron weasley bashing', 'heir of hogwarts founders'}"
Harry Potter,18553345,"{'albus dumbledore bashing', 'molly weasley bashing', 'teen and up audiences'}"
Harry Potter,18411080,"{'explicit', 'biting', 'mating bites', 'alpha/beta/omega dynamics', 'mating'}"
Harry Potter,17184329,"{'family', 'work in progress', 'mature', 'alternate universe - canon divergence', 'alternate universe', 'romance'}"
Harry Potter,18455495,"{'eating disorders', 'self-harm', 'suicide attempt', 'panic attacks', 'emotional hurt/comfort', 'not rated'}"
Harry Potter,16736265,"{'explicit', 'pureblood culture (harry potter)', 'implied/referenced character death', 'implied/referenced rape/non-con', 'minor character death', 'first time', 'mildly dubious consent', 'past child abuse', 'past rape/non-con', 'porn with plot', 'underage sex', 'eventual romance', 'other additional tags to be added', 'dubious consent', 'past abuse', 'past sexual abuse', 'alternate universe', 'implied/referenced child abuse', 'first love', 'romance', 'implied/referenced abuse'}"
Harry Potter,18146660,"{'master of death harry potter', 'albus dumbledore bashing', 'murder', 'morally grey harry potter', 'ron weasley bashing', 'time travel fix-it', 'teen and up audiences', 'ginny weasley bashing', 'sane tom riddle'}"
Harry Potter,18250589,"{'explicit', 'wandless magic', 'death eaters', 'dark mark (harry potter)'}"
Harry Potter,18321773,"{'ron weasley bashing', 'alternate universe - canon divergence', 'eventual romance', 'general audiences', 'friends to lovers'}"
Harry Potter,18545035,"{'eventual smut', 'slow burn', 'fluff and smut', 'fluff', 'not rated'}"
Harry Potter,18552787,"{'angst with a happy ending', 'fluff and angst', 'pov harry potter', 'teen and up audiences', 'angst'}"
Harry Potter,16052705,"{'explicit', 'bdsm', 'infidelity', 'past child abuse', 'betrayal', 'heavy angst', 'trauma', 'healing', 'rimming', 'anal sex', 'therapy', 'post-war', 'dubious consent', 'slow burn', 'auror harry potter', 'punishment'}"
Harry Potter,18116798,{'explicit'}
Harry Potter,15783222,"{'harry is lord black', 'angst with a happy ending', 'good draco malfoy', 'rape', 'soul bond', 'post-traumatic stress disorder - ptsd', 'morally grey harry potter', 'ron weasley bashing', 'animagus', 'pov hermione granger', 'violence', 'evil albus dumbledore', 'dark harry potter', 'slytherin harry potter', 'powerful harry', 'friendship/love', 'not rated'}"
Harry Potter,18461207,"{'angst with a happy ending', 'mature', 'implied/referenced character death', 'minor character death', 'other additional tags to be added', 'alpha/beta/omega dynamics', 'how do i tag'}"
Harry Potter,18527299,{'explicit'}
Harry Potter,18552220,"{'good tom riddle', 'mature', 'creature fic', 'evil albus dumbledore'}"
Harry Potter,11660775,"{'general audiences', 'alternate universe', 'slytherin harry potter', 'my first work in this fandom'}"
Harry Potter,18043160,"{'family', 'friendship', 'alternate universe - hogwarts', 'alternate universe - fantasy', 'quidditch', 'mystery', 'teen and up audiences', 'alternate universe - harry potter setting'}"
Harry Potter,17906666,"{'kidnapping', 'crack treated seriously', 'crack', 'violence', 'not rated'}"
Harry Potter,18552133,"{'explicit', 'post-hogwarts', 'plot what plot/porn without plot', 'lemon', 'rimming', 'daddy kink'}"
Harry Potter,18402122,"{'alternate universe', 'not rated'}"
Harry Potter,18552010,"{'biting', 'book 6: harry potter and the half-blood prince', 'drarry', 'bdsm', 'sex', 'top harry', 'mature', 'bottom draco malfoy', 'anal sex', 'smut', 'rough sex', 'hogwarts sixth year', 'room of requirement', 'top harry potter', 'bottom draco', 'fluff', 'established relationship', 'oral sex', 'punishment', 'secret relationship'}"
Harry Potter,16682401,"{'mature', 'slow burn', 'angst and tragedy', 'durmstrang', 'dark', 'blood magic'}"
Harry Potter,11753973,"{'mates', 'creature inheritance', 'bonding', 'creature fic', 'attempted rape/non-con', 'mpreg', 'not rated'}"
Harry Potter,18256604,"{'general audiences', 'anxiety', 'pining', 'depression', 'slow burn', 'healing', 'pre-slash', 'heartbreak', 'love'}"
Harry Potter,14827502,"{'triwizard tournament', 'hogwarts fourth year', 'ministry of magic (harry potter)', 'horcruxes', 'parseltongue', 'alternate universe - canon divergence', 'teen and up audiences', 'horcrux hunting', 'durmstrang', 'death eaters', 'teenage drama', 'time turner (harry potter)'}"
Harry Potter,17006835,"{'first war with voldemort', 'death eaters', 'not rated'}"
Harry Potter,17477420,"{'room of requirement', ""dumbledore's army"", 'teen and up audiences', 'secret relationship'}"
Harry Potter,17110424,{'teen and up audiences'}
Harry Potter,18551833,"{'teen and up audiences', 'alternate universe - harry potter setting', 'mentions of abuse', 'cuddling & snuggling', 'fluff and angst', 'first kiss'}"
Harry Potter,18332048,"{'general audiences', 'crack'}"
Harry Potter,16371752,"{'explicit', 'established relationship', 'dimension travel', 'violence', 'war', 'angst'}"
Harry Potter,11402901,"{'emotional hurt', 'mature', 'angst'}"
Harry Potter,13590219,"{'explicit', 'porn with plot', 'explicit language', 'top harry potter', 'explicit sexual content', 'sexual tension', 'bottom draco malfoy', 'dark harry potter', 'violence'}"
Harry Potter,18491608,"{'mature', 'panic attacks', 'self-harm', 'depression', 'hurt/comfort', 'lgbtq themes', 'romance', 'angst'}"
Harry Potter,15645108,"{'family', 'teen and up audiences', 'unplanned pregnancy'}"
Harry Potter,17593373,"{'explicit', 'eventual smut', 'depression', 'infidelity', 'past child abuse', 'implied/referenced suicide', 'child abuse', 'suicide attempt', 'smut', 'mental health issues', 'original character(s)', 'suicide', 'fluff', 'self-harm', 'implied/referenced child abuse', 'teacher-student relationship', 'childhood trauma'}"
Harry Potter,18551491,"{'explicit', 'post-hogwarts', 'bottom draco', 'plot what plot/porn without plot', 'lemon', 'smut', 'daddy kink', 'anal fingering', 'top harry', 'light angst'}"
Harry Potter,7886410,"{'explicit', 'post-hogwarts', 'friends to lovers', 'i wrote this instead of sleeping', 'suicide attempt', 'death eaters', ""marauders' era"", 'implied/referenced suicide'}"
Harry Potter,13232049,"{'rape', 'ron weasley bashing', 'child abuse', 'mature', 'suicide attempt', 'i wrote this instead of sleeping', 'dark harry potter', 'pre-slash', 'suicidal thoughts', 'good slytherins', 'work in progress', 'dumbledore bashing', 'dark', 'how do i tag', 'slytherin harry potter', 'self-esteem issues', 'eating disorders', 'self-harm', 'abuse', 'the author regrets nothing', 'evil dumbledore', 'implied/referenced abuse'}"
Harry Potter,16821571,"{'vampires', 'mature', 'pureblood culture (harry potter)', 'humor', 'auror harry potter', 'pov hermione granger', 'mystery', 'hogwarts eighth year', 'potions'}"
Harry Potter,17720321,"{'explicit', 'first dates', 'dirty talk', 'quidditch', 'hand jobs', 'masturbation', 'family', 'vaginal sex', 'harry potter epilogue what epilogue | ewe', 'anal fingering'}"
Harry Potter,18057230,"{'mature', 'alternate universe - muggle', 'pov harry potter', 'fluff and smut', 'pov draco malfoy'}"
Harry Potter,15759525,"{'explicit', 'oral sex', 'masturbation', 'anal sex'}"
Harry Potter,18551083,"{'mature', 'romance'}"
Harry Potter,17469269,"{'abusive dursley family (harry potter)', 'alternate universe - canon divergence', 'teen and up audiences'}"
Harry Potter,18241028,"{'explicit', 'angst with a happy ending', 'bisexual harry potter', 'heavy angst', 'harry potter epilogue what epilogue | ewe', 'recovery', 'suicide attempt', 'self harm', 'depression', 'other additional tags to be added', 'mental health issues', 'bottom harry', 'suicidal thoughts', 'hogwarts eighth year', 'angst'}"
Harry Potter,16721334,"{'manipulation', 'mature', 'mind manipulation', 'emotional manipulation', 'soulmates', 'self harm', 'nightmares', 'violence', 'blood magic', 'angst and hurt/comfort', 'self-esteem issues', 'slow burn', 'one-sided attraction', 'magic'}"
Harry Potter,18449033,"{'explicit', 'porn with plot', 'underage sex', 'rape', 'oral sex', 'anal sex', 'alternate universe', 'teacher-student relationship', 'emotional hurt/comfort', 'out of character', 'father-daughter relationship'}"
Harry Potter,17919590,"{'mature', 'alternate universe - canon divergence', 'hurt/comfort'}"
Harry Potter,18538417,{'teen and up audiences'}
Harry Potter,16660285,"{'pov alternating', 'not rated'}"
Harry Potter,18181853,"{'angst', 'mature', 'manipulative albus dumbledore', 'not epilogue compliant', 'enemies to friends to lovers', 'slow burn', 'parseltongue', 'alternate universe - canon divergence', 'time travel', 'implied/referenced child abuse', 'alternate universe - time travel'}"
Harry Potter,16813369,"{'first war with voldemort', 'the noble and most ancient house of black', 'marauders', 'slow burn', 'wolfstar', 'marauders friendship (harry potter)', 'jily', 'black family (harry potter) - freeform', ""marauders' era"", 'teen and up audiences'}"
Harry Potter,18479446,"{'angst', 'friendship', 'first war with voldemort', 'eventual romance', 'marauders', 'pining', 'hogwarts', 'slow burn', 'romance', 'marauders era (harry potter)', 'fluff', 'not rated'}"
Harry Potter,15675435,"{'teen and up audiences', 'master of death harry potter', 'murder', 'one-sided attraction', 'depression', 'alternate universe - canon divergence', 'time travel', 'violence', 'war', 'redemption', 'drama', 'friendship/love'}"
Harry Potter,18550462,"{'bisexual harry potter', 'friends to lovers', 'quidditch', 'hogwarts eighth year', 'teen and up audiences'}"
Harry Potter,18158690,"{'explicit', 'action/adventure', 'mutual pining', 'romance'}"
Harry Potter,8246719,{'mature'}
Harry Potter,17985845,"{'drama', 'angst with a happy ending', 'newtina', 'eventual romance', 'love letters', 'first kiss', 'teen and up audiences', 'heartbreak'}"
Harry Potter,16310867,"{'family', 'action/adventure', 'friendship', 'general audiences', 'comedy', 'fluff'}"
Harry Potter,18230390,"{'manipulative albus dumbledore', 'other additional tags to be added', 'kid fic', 'teen and up audiences', 'alternate universe - harry potter setting'}"
Harry Potter,18035879,"{'alternate universe - hogwarts', 'general audiences'}"
Harry Potter,15425364,"{'minor character death', 'hurt/comfort', 'plot twists', 'angst', 'mature', 'severitus', 'hogwarts sixth year', 'canonical character death', 'developing relationship', 'implied/referenced child abuse', 'adoption'}"
Harry Potter,16940991,"{'good severus snape', 'mature', 'slytherin', 'gryffindor', 'hurt/comfort', 'romance', 'adventure', 'drama', 'severus snape has a heart', 'love'}"
Harry Potter,18505465,"{'angst', 'mature', 'dramione - freeform', 'death', 'sexual tension', 'hogwarts seventh year', 'alternate universe - canon divergence', 'battle of hogwarts', 'romance', 'horcruxes', 'hogwarts era', 'sequel'}"
Harry Potter,18271745,"{'manipulative albus dumbledore', 'evil albus dumbledore', 'seer luna lovegood', 'mature', 'molly weasley bashing', 'dark harry potter', 'ginny weasley bashing', 'bamf harry potter', 'dark lord harry potter', 'albus dumbledore bashing', 'morally grey harry potter'}"
Harry Potter,15160223,{'not rated'}
Harry Potter,17708288,"{'explicit', 'explicit sexual content', 'fluff', 'eventual smut', 'letters', 'oral sex', 'sex', 'cunnilingus', 'romance', 'rough sex', 'hand jobs', 'vaginal fingering', 'dirty talk', 'masturbation'}"
Harry Potter,18437846,"{'general audiences', 'rating may change', 'slow burn', 'fluff and angst'}"
Harry Potter,17304533,"{'explicit', 'post-hogwarts', 'slow romance', 'slow burn', 'sexual tension', 'quidditch', 'mystery', 'slow build', 'hogwarts sixth year'}"
Harry Potter,18549634,{'general audiences'}
Harry Potter,18549520,{'mature'}
Harry Potter,18220010,{'explicit'}
Harry Potter,18549142,"{'hogwarts', 'lgbtq character', 'love', 'adventure', 'fluff', 'crushes', 'general audiences', 'post-hogwarts', 'bisexual male character', 'romance', 'first kiss'}"
Harry Potter,14865153,{'teen and up audiences'}
Harry Potter,16576214,"{'teen and up audiences', 'alternate universe - canon divergence'}"
Harry Potter,18306677,"{'bullying', 'marauders friendship (harry potter)', 'hurt/comfort', 'family drama', 'au', 'past child abuse', 'drama', 'out of character', 'teen and up audiences', 'marauders', 'marauders era (harry potter)', 'adoption'}"
Harry Potter,17828390,"{'unplanned pregnancy', 'alternate universe - modern setting', 'mentions of abuse', 'marauders friendship (harry potter)', 'i wrote this instead of sleeping', 'alternate universe - muggle', 'marauders era (harry potter)', 'fluff', 'not rated'}"
Harry Potter,18436535,"{'slow burn', 'mutual pining', 'teen and up audiences'}"
Harry Potter,18346136,{'explicit'}
Harry Potter,15936890,{'explicit'}
Harry Potter,18367271,"{'mature', 'eventual romance', 'alternate universe - canon divergence', 'time travel', 'swearing', 'past child abuse'}"
Harry Potter,11628285,"{'book 4: harry potter and the goblet of fire', 'crossover', 'teen and up audiences'}"
Harry Potter,17657063,"{'teen romance', 'general audiences', 'animagus', 'fluff and angst', 'romance', 'fluff', 'angst'}"
Harry Potter,17650172,"{'not epilogue compliant', 'mature', 'alternate universe - muggle'}"
Harry Potter,18548881,"{'general audiences', 'romance', 'fluff'}"
Harry Potter,18548851,"{'fluff', 'friends to lovers', 'auror harry potter', 'redeemed draco malfoy', 'first kiss', 'teen and up audiences'}"
Harry Potter,17612096,"{'explicit', 'dramione - freeform', 'eventual smut', 'eventual romance', 'slow burn', 'draco malfoy in the muggle world', 'healer hermione granger'}"
Harry Potter,18189155,"{'male slash', 'general audiences', 'gay sex', 'time travel'}"
Harry Potter,16578917,"{'horror', 'mystery', 'not rated'}"
Harry Potter,15107933,"{'mature', 'heavy angst', 'psychological trauma', 'past child abuse', 'angst and hurt/comfort'}"
Harry Potter,18207992,"{'manipulative albus dumbledore', 'past relationship(s)', 'getting back together', 'hogwarts fourth year', 'family fluff', 'mature', 'black hermione granger', 'swearing', 'good slytherins', 'heir of hogwarts founders', 'father-daughter relationship', 'pov third person', 'fluff and angst', 'albus dumbledore bashing', 'bisexual male character', 'fix-it of sorts', 'parenthood', 'book 4: harry potter and the goblet of fire', 'gay character'}"
Harry Potter,18546748,{'mature'}
Harry Potter,17799590,"{'male slash', 'slash', 'creature harry potter', 'not rated'}"
Harry Potter,18548194,"{'roommates', 'general audiences', 'drarry', 'fluff and angst', 'nightmares', 'hogwarts eighth year', 'angst and hurt/comfort'}"
Harry Potter,18547903,"{'general audiences', 'alternate universe', 'implied/referenced child abuse', 'pre-slash'}"
Harry Potter,17276033,"{'harry potter was raised by other(s)', 'alternate universe - canon divergence', 'dumbledore bashing', 'redemption', 'creature inheritance', 'general audiences'}"
Harry Potter,17742092,{'general audiences'}
Harry Potter,18007436,{'teen and up audiences'}
Harry Potter,18547843,"{'canonical character death', 'canon compliant', 'mature', 'heavy angst', 'heartbreak'}"
Harry Potter,18358778,"{'mature', 'canon-typical violence', 'alternate universe - canon divergence', 'good slytherins', 'animagus', 'hogwarts sixth year', 'adoption', 'draco malfoy in the muggle world', 'powerful harry'}"
Harry Potter,18223226,"{'pining', 'teen and up audiences'}"
Harry Potter,18547714,"{'mature', 'rape/non-con elements'}"
Harry Potter,18547630,"{'explicit', 'top harry potter', 'bottom draco malfoy', 'bottom!draco', 'anal sex', 'top!harry', 'mating', 'anal fingering', 'smut'}"
Harry Potter,15183083,"{'slow burn', 'teen and up audiences'}"
Harry Potter,18547564,"{'teen and up audiences', 'alpha/beta/omega dynamics'}"
Harry Potter,17785529,"{'explicit', 'bottom harry', 'bottom draco malfoy', 'anal sex', 'hogwarts first year', 'rough sex', 'slytherin harry potter', 'hogwarts sixth year', 'dark magic'}"
Harry Potter,17672156,"{'master of death harry potter', 'explicit language', 'other additional tags to be added', 'harry potter is a horcrux', 'time travel', 'fix-it of sorts', 'horcruxes', 'teen and up audiences', 'fluff', 'dark harry'}"
Harry Potter,14757791,"{'action/adventure', 'friendship', 'not canon compliant - harry potter and the goblet of fire', 'plot twists', 'alternate universe - canon divergence', 'time travel', 'book 4: harry potter and the goblet of fire', 'alternate universe', 'mystery', 'pre-slash', 'teen and up audiences'}"
Harry Potter,18478624,"{'hurt/comfort', 'first time', 'angst', 'alternate universe - muggle', 'pov remus lupin', 'teen and up audiences', 'marauders', 'fluff and angst', 'marauders era (harry potter)', 'fluff', 'slow burn', 'friends to lovers', 'first love'}"
Harry Potter,17825717,"{'abusive dursley family (harry potter)', 'pureblood culture (harry potter)', 'manipulative albus dumbledore', 'female harry potter', 'smart harry potter', 'slow burn', 'bamf harry potter', 'powerful harry potter', 'not beta read', 'not rated'}"
Harry Potter,18205673,"{'slash', 'mature', 'suicide attempt', 'mpreg', 'romance', 'fluff', 'light angst'}"
Harry Potter,18267275,"{'mature', 'alternate universe - modern setting', 'canon-typical violence', 'ministry of magic (harry potter)', 'alternate universe - no voldemort'}"
Harry Potter,17800058,"{'mature', 'pining draco malfoy', 'good draco malfoy', 'one-sided attraction', 'sirius black lives', 'hogwarts sixth year', 'genderbending', 'angst'}"
Harry Potter,18546577,"{'maybe - freeform', 'mpreg', 'creature harry potter', 'plot what plot/porn without plot', 'not rated'}"
Harry Potter,18546418,"{'explicit', 'alternate universe - modern setting', 'bdsm', 'dirty talk'}"
Harry Potter,16511915,"{'mature', 'arranged marriage', 'enemies to lovers', 'fluff', 'eventual smut', 'eventual romance', 'slow burn', 'enemies to friends to lovers', 'bullying', 'family drama', 'implied/referenced child abuse', 'mental health issues', 'romance', 'hogwarts era', 'angst'}"
Harry Potter,13632129,{'mature'}
Harry Potter,16971111,"{'enemies to friends', 'minor character death', 'eventual relationships', 'hogwarts', 'hurt/comfort', 'emotional hurt/comfort', 'alternate universe - canon divergence', 'teen and up audiences', 'character death', 'canonical character death', 'werewolves', 'other additional tags to be added', 'violence', 'action/adventure', 'crushes', 'anxiety attacks'}"
Harry Potter,18301742,"{'pureblood culture (harry potter)', 'master of death harry potter', 'eating disorders', 'rating may change', 'slow burn', 'time travel', 'slow build', 'implied/referenced child abuse', 'teen and up audiences', 'alternate universe - time travel'}"
Harry Potter,16935633,"{'explicit', 'gay'}"
Harry Potter,18546106,{'not rated'}
Harry Potter,18406103,{'explicit'}
Harry Potter,15524910,"{'post-war', 'anxiety', 'depression', 'post-traumatic stress disorder - ptsd', 'panic attacks', 'suicidal thoughts', 'teen and up audiences', 'past abuse', 'implied/referenced suicide', 'light angst', 'sane tom riddle'}"
Harry Potter,17845589,"{'explicit', 'biting', 'mates', 'master of death harry potter', 'not epilogue compliant', 'suicide attempt', 'oral sex', 'sex', 'anal sex'}"
Harry Potter,18545986,"{'not canon compliant - harry potter and the goblet of fire', 'smart harry potter', 'teen and up audiences'}"
Harry Potter,18545884,"{'hogwarts sixth year', 'pre-slash', 'light angst', 'not rated'}"
Harry Potter,18440252,"{'post-hogwarts', 'au', 'teen and up audiences'}"
Harry Potter,17249435,"{'pov alternating', 'teen and up audiences', 'fluff', 'angst'}"
Harry Potter,18545515,"{'mature', 'crack', 'dark lord harry potter'}"
Harry Potter,17402534,{'explicit'}
Harry Potter,18535090,"{'explicit', 'top!harry', 'bottom!draco', 'post-hogwarts'}"
Harry Potter,16050518,"{'alternate universe - time travel', 'soulmate-identifying marks', 'not rated'}"
Harry Potter,18457619,"{'explicit', 'slow romance', 'slow build', 'angst'}"
Harry Potter,17771174,"{'time travel fix-it', 'light angst', 'general audiences', 'character death'}"
Harry Potter,18541177,"{'mature', 'horror', 'trauma', 'psychological trauma', 'drama', 'angst'}"
Harry Potter,18207455,"{'mature', 'slow burn', 'alternate universe'}"
Harry Potter,17583461,"{'child abuse', 'homophobia', 'mature', 'sirius black & james potter friendship', 'wolfstar', 'marauders', 'letters', 'implied/referenced child abuse', 'marauders era (harry potter)', 'angst and hurt/comfort', 'angst'}"
Harry Potter,18530980,"{'angst with a happy ending', 'mature', 'getting back together'}"
Harry Potter,16739860,"{'explicit', 'friendship', 'eventual smut', 'eventual romance', 'slow burn', 'severus snape lives', 'hurt/comfort', 'fluff and angst', 'sex', 'romance', 'hogwarts eighth year', 'fluff and smut'}"
Harry Potter,14143083,"{'teen and up audiences', 'alternate universe - time travel'}"
Harry Potter,18423651,"{'mature', 'self-harm', 'family drama', 'first time', 'loss of virginity', 'self-esteem issues'}"
Harry Potter,18540376,"{'albus dumbledore bashing', 'teen and up audiences', 'powerful harry', 'alternate universe - harry potter setting'}"
Harry Potter,17237618,"{'explicit', 'drama', 'explicit sexual content', 'dramione - freeform', 'harems', 'forced marriage', 'slow burn', 'fluff and angst', 'romance', 'angst'}"
Harry Potter,17633216,"{'sirius black & james potter friendship', 'eventual smut', 'gryffindor', 'marauders friendship (harry potter)', 'hogwarts', 'angst', 'not rated', 'marauders', 'hogwarts seventh year', 'hufflepuff', 'animagus', 'fluff and angst', 'marauders era (harry potter)', 'fluff and smut', 'fluff', 'fluff and humor', 'slow build', 'slytherin', 'slow burn', 'sirius black lives', 'romance', 'ravenclaw'}"
Harry Potter,18539491,"{'mature', 'alternate universe - soulmates', 'soulmates', 'post-traumatic stress disorder - ptsd', 'soulmate-identifying marks', 'non-graphic violence', 'pov harry potter', 'childhood trauma'}"
