fandom,id,tags
Marvel,18385385,"{'tony stark has issues', 'bucky barnes remembers', 'jotunn loki (marvel)', 'not rated'}"
Marvel,17723837,"{'mature', 'alternate universe - college/university', 'friends to lovers'}"
Marvel,18258107,"{'mature', 'alternate universe - human'}"
Marvel,17963243,"{'tony stark has a heart', 'irondad', 'hurt peter parker', 'teen and up audiences', ""tony stark acting as peter parker's parental figure""}"
Marvel,15246036,"{'bamf natasha romanov', 'hydra (marvel)', 'not captain america: civil war (movie) compliant', 'bamf peter parker', 'avengers family', 'not avengers: infinity war part 1 (movie) compliant', 'my first ao3 post', 'precious peter parker', 'hurt peter parker', 'peter parker needs a hug', 'teen and up audiences'}"
Marvel,6784606,"{'one shot collection', 'avengers: infinity war part 1 (movie) spoilers', 'stucky - freeform', 'spoilers', 'captain america: civil war (movie)', 'teen and up audiences'}"
Marvel,18172403,"{'explicit', 'slow burn', 'angst'}"
Marvel,18467749,"{'explicit', 'sibling incest', 'explicit sexual content', 'rape', 'first time', 'sexual content', 'rough sex', 'first kiss'}"
Marvel,17876309,"{'explicit', 'recovery', 'bucky barnes remembers', 'fix-it', 'soulmates', 'canon divergence - post-captain america: the winter soldier', 'humor'}"
Marvel,17626247,"{'mature', 'action', 'romance', 'violence', 'angst'}"
Marvel,18364295,"{'teen and up audiences', 'fluff'}"
Marvel,18316625,"{'mature', 'slow build'}"
Marvel,18352631,{'teen and up audiences'}
Marvel,18573829,"{'underage sex', 'underage drinking', 'teen and up audiences'}"
Marvel,18527020,"{'bullying', 'panic attacks', 'not rated', 'drinking'}"
Marvel,7560196,"{'friendship', 'general audiences', 'post-captain america: the winter soldier', 'chocolate'}"
Marvel,11151936,"{'explicit', 'porn', 'alpha/beta/omega dynamics', 'sex', 'smut', 'rape/non-con elements', 'alpha/omega', 'porn with plot', 'slow burn', 'stucky - freeform', 'light bondage', 'kissing'}"
Marvel,17822318,"{'hurt/comfort', 'alpha/beta/omega dynamics', 'not rated', 'healing', 'violence', 'fluff', 'omega peter parker', 'magic'}"
Marvel,16876644,"{'explicit', 'ficlet collection'}"
Marvel,18562471,"{'explicit', 'angst and fluff and smut', 'top bucky barnes', 'bottom steve rogers', 'alternate universe - canon divergence', 'hurt/comfort', 'coming out'}"
Marvel,18413576,"{'mature', 'alternate universe', 'au'}"
Marvel,18244880,"{'explicit', 'love confessions', 'top steve rogers', 'bottom tony stark', 'anal sex', 'explicit sexual content', 'dom/sub', 'cuddling & snuggling', 'praise kink', 'bottom steve rogers', 'light dom/sub', 'sleepy cuddles', 'oral sex', 'light bondage', 'domestic fluff'}"
Marvel,16757809,"{'tony stark has a heart', 'tony stark needs a hug', 'au', 'panic attacks', 'clint barton is a good bro', 'tony stark feels', ""peter parker is tony stark's biological child"", 'parent tony stark', 'i wrote this instead of sleeping', 'spiderson', 'civil war team iron man', 'hurt tony stark', 'teen and up audiences', 'other additional tags to be added', 'post-avengers: age of ultron (movie)', 'protective tony stark', 'hurt peter parker', 'tony-centric', 'tony stark has issues', 'irondad', 'kidnapping', 'anxiety attacks', 'pepperony - freeform'}"
Marvel,13853139,"{'family', 'alternate universe - no powers', 'falling in love', 'not rated'}"
Marvel,18489883,"{'implied/referenced torture', 'canon-typical violence', 'avengers family', 'protective steve rogers', 'pov steve rogers', 'hurt tony stark', 'teen and up audiences', 'team as family'}"
Marvel,18397061,"{'porn with plot', 'mature', 'out of character'}"
Marvel,18488017,"{'explicit', 'bottom tony stark', 'not canon compliant', 'not avengers: age of ultron (movie) compliant', 'attempted rape/non-con', 'alternate universe - werewolf', 'protective steve rogers', 'not avengers: infinity war part 1 (movie) compliant', 'anal sex', 'anal fingering'}"
Marvel,16716440,{'mature'}
Marvel,8487691,{'teen and up audiences'}
Marvel,18399509,"{'explicit', 'blow jobs', 'emotional hurt/comfort', 'dom/sub', 'praise kink', 'anal fingering', 'slow build', 'past abuse', 'oral sex', 'implied/referenced child abuse'}"
Marvel,18445358,{'explicit'}
Marvel,18573310,"{'explicit', 'biting', 'heavy angst', 'extremely dubious consent', 'loss of virginity', 'rough sex'}"
Marvel,18041456,"{'natasha romanov is not a robot', 'mature', 'mind control', 'protective natasha romanov', 'eventual romance', 'hurt/comfort', 'protective tony stark', 'protective steve rogers', 'protective clint barton', 'natasha romanov needs a hug', 'mind control aftermath & recovery', 'not avengers: infinity war part 1 (movie) compliant', 'protective bucky barnes', 'clint barton & natasha romanov friendship', 'action & romance'}"
Marvel,18552091,"{""i'm sorry"", 'sort of', ""i'm bad at tagging"", 'not avengers: infinity war part 1 (movie) compliant', 'teen and up audiences'}"
Marvel,18433586,"{'drama', 'irondad', 'teen and up audiences'}"
Marvel,17774357,{'mature'}
Marvel,18564001,"{'protective natasha romanov', 'irondad', 'not rated'}"
Marvel,18573016,"{'established relationship', 'humor', 'pre-serum steve rogers', 'post-avengers: infinity war part 1 (movie)', 'sort of', 'alternate universe - canon divergence', 'post-traumatic stress disorder - ptsd', 'teen and up audiences', 'light angst'}"
Marvel,18076193,"{'canon-typical violence', 'canon divergence - avengers: age of ultron (movie)', 'other additional tags to be added', 'avengers tower', 'teen and up audiences', 'flirting'}"
Marvel,18563284,"{'bucky barnes needs a hug', 'romantic soulmates', 'canon divergence - captain america: the winter soldier', 'general audiences', 'soulmates', 'hurt/comfort', 'steve rogers feels'}"
Marvel,18381926,{'explicit'}
Marvel,8616445,"{'tony stark has a heart', 'mature', 'other additional tags to be added', 'angst and humor', 'post-captain america: civil war (movie)', 'friendship/love', 'bamf tony stark', 'healing', 'not avengers: infinity war part 1 (movie) compliant', 'team as family'}"
Marvel,18572785,"{'general audiences', 'post-captain america: civil war (movie)'}"
Marvel,18407762,"{'dark tony stark', 'bamf natasha romanov', 'bamf tony stark', 'not rated'}"
Marvel,18453512,"{""howard stark's a+ parenting"", 'bucky barnes needs a hug', 'irondad', 'alternate universe - modern setting', 'precious peter parker', 'everyone needs a hug', 'teen and up audiences'}"
Marvel,17591705,"{'explicit', 'alpha/beta/omega dynamics', 'angst', 'smut', 'fluff'}"
Marvel,17568062,"{'homophobia', 'general audiences', 'irondad', 'twitter', 'spiderson', 'bisexual peter parker', 'irondad and spiderson'}"
Marvel,18572608,"{'fake/pretend relationship', 'teen and up audiences'}"
Marvel,18572578,"{'tony stark has a heart', 'not rated', 'angst', 'i wrote this instead of sleeping', ""i don't even know"", 'nebula & tony stark friendship', 'hurt steve rogers', 'out of character', 'post-avengers: infinity war part 1 (movie)', 'endgame', 'hopeful ending', ""tony stark acting as peter parker's parental figure""}"
Marvel,18545881,"{'reader-insert', 'comedy', 'other additional tags to be added', 'not rated'}"
Marvel,18273755,"{'child abuse', ""howard stark's a+ parenting"", ""howard stark's bad parenting"", 'alternate universe - college/university', 'slow burn', 'friends to lovers', 'abuse', 'fluff and angst', 'alcohol abuse/alcoholism', 'teen and up audiences', 'angst'}"
Marvel,17611670,"{'peter parker is a mess', 'bamf peter parker', 'high school', 'protective peter parker', 'precious peter parker', 'not rated'}"
Marvel,18086894,"{'explicit', 'alternate universe - modern setting', 'canon-typical violence', 'flashbacks', 'post-traumatic stress disorder - ptsd', 'post-serum steve rogers', 'blow jobs', 'panic attacks', 'masturbation'}"
Marvel,18290822,"{'tony stark needs a hug', 'hurt peter parker', 'peter parker needs a hug', 'teen and up audiences', ""tony stark acting as peter parker's parental figure""}"
Marvel,18566881,"{'bucky barnes recovering', 'emotional/psychological abuse', 'mature', 'bucky barnes needs a hug', 'sleepy cuddles', 'artist steve rogers', 'fluff', 'recovery', 'cuddling & snuggling', 'other additional tags to be added', 'protective steve rogers', 'abuse', 'bisexual steve rogers', 'emotional hurt/comfort', 'past abuse', 'angst and hurt/comfort', 'bucky barnes feels', 'hurt bucky barnes'}"
Marvel,18531817,"{'explicit', 'mating cycles/in heat', 'alpha steve rogers', 'tony stark needs a hug', 'extremely dubious consent', 'alpha/beta/omega dynamics', 'anal sex', 'rape/non-con elements', 'anal fingering'}"
Marvel,17658008,"{'canon divergence - post-thor: ragnarok (2017)', 'slow burn', 'not avengers: infinity war part 1 (movie) compliant', 'not rated'}"
Marvel,17610197,"{'mind control', 'alternate universe - fantasy', 'language', 'implied/referenced child abuse', 'magic', 'violence', 'teen and up audiences'}"
Marvel,18433784,"{'pre-serum steve rogers', 'alternate universe - historical', 'romance', 'teen and up audiences', 'angst'}"
Marvel,17743757,"{'general audiences', 'humor', 'twitter'}"
Marvel,18203615,"{'mutual pining', 'emotional/psychological abuse', 'mature', 'post-avengers: infinity war part 1 (movie)', 'other additional tags to be added', 'physical abuse', 'violence', 'tony stark-centric', 'kidnapping', 'post-endgame', 'bamf tony stark'}"
Marvel,17875436,"{'explicit', 'au'}"
Marvel,18312704,"{'explicit', 'tumblr prompt'}"
Marvel,18429857,"{'explicit', 'alternate universe - modern setting', 'alternate universe - werewolf'}"
Marvel,18572131,"{'tony stark has a heart', ""howard stark's a+ parenting"", ""howard stark's bad parenting"", 'tony stark feels', 'tony stark needs a hug', 'steve rogers feels', 'hurt tony stark', 'tony stark-centric', 'not rated'}"
Marvel,18334901,"{'mature', 'confusion'}"
Marvel,18209420,"{'teen and up audiences', 'post-avengers: infinity war part 1 (movie)', 'angst and feels', 'angst'}"
Marvel,16771282,"{'avengers - freeform', 'crossover', 'teen and up audiences'}"
Marvel,18527572,"{'teen and up audiences', 'alternate universe - canon divergence', 'canon divergence - avengers: age of ultron (movie)'}"
Marvel,18561301,"{'established relationship', 'family feels', 'alternate universe - canon divergence', 'mutual pining', 'fluff and angst', 'teen and up audiences', 'past abuse'}"
Marvel,17820839,"{'explicit', 'winterhawk - freeform', 'developing relationship', 'canon-typical violence', 'hurt/comfort', 'post-traumatic stress disorder - ptsd', 'post-captain america: the winter soldier', 'post-avengers (2012)', 'mind control aftermath & recovery', 'angst'}"
Marvel,18571885,{'mature'}
Marvel,18176159,"{'depression', 'hurt/comfort', 'first time', 'memory loss', 'panic attacks', 'emotional hurt/comfort', 'mature', 'alternate universe - college/university', 'anal sex', 'mental health issues', 'praise kink', 'anxiety', 'college', 'friends to lovers', 'oral sex'}"
Marvel,18481564,"{'tony stark has a heart', 'au', 'panic attacks', 'angst', 'angst with a happy ending', 'murder', 'adoption', 'teen and up audiences', 'love', 'post-spider-man: homecoming', 'iron dad and spider son', 'peter parker needs a hug', 'fluff', 'flashbacks', 'pepperony - freeform'}"
Marvel,14632553,"{'tony stark has a heart', ""howard stark's a+ parenting"", 'team bonding', 'not rated', 'tony stark feels', 'team dynamics', 'team as family', 'minor injuries', 'bruce banner & tony stark friendship', 'post-avengers (2012)', 'tony stark-centric', 'friendship', 'bamf tony stark'}"
Marvel,14333832,"{'friendship', 'comfort', 'hurt/comfort', 'romance', 'teen and up audiences', 'reader-insert', 'love'}"
Marvel,18469708,"{'teen and up audiences', 'hurt peter', 'angst'}"
Marvel,18504892,"{'marvel - freeform', 'marvel universe', 'post-thor: ragnarok (2017)', 'avengers: infinity war part 1 (movie) compliant', 'teen and up audiences', 'family', 'family feels', 'post-avengers: infinity war part 1 (movie)', 'friendship', 'alternate universe', 'post-endgame'}"
Marvel,18566446,"{'mature', 'slow burn', 'minor character death', 'friends to lovers', 'minor violence', 'slow build', 'fluff', 'angst'}"
Marvel,18504892,"{'marvel - freeform', 'marvel universe', 'post-thor: ragnarok (2017)', 'avengers: infinity war part 1 (movie) compliant', 'teen and up audiences', 'family', 'family feels', 'post-avengers: infinity war part 1 (movie)', 'friendship', 'alternate universe', 'post-endgame'}"
Marvel,18566920,{'general audiences'}
Marvel,18288467,"{'sleepy cuddles', 'tony stark needs a hug', 'wetting', 'bruce banner & tony stark friendship', 'hurt/comfort', 'tony stark-centric', 'fluff', 'diapers', 'not rated'}"
Marvel,16982250,"{'mature', 'family drama', 'implied/referenced child abuse', 'crack treated seriously', 'character study', 'past child abuse'}"
Marvel,18132074,"{'tony stark has a heart', 'bisexual peter parker', 'peter parker is a little shit', 'tony stark does what he wants', 'parent tony stark', 'protective tony stark', 'fluff and humor', 'domestic avengers', 'general audiences', 'bamf peter parker', 'twitter', 'protective may parker (spider-man)', 'crack treated seriously', 'bamf tony stark', 'precious peter parker', ""tony stark acting as peter parker's parental figure""}"
Marvel,18567652,"{'tony stark has a heart', 'general audiences'}"
Marvel,18416732,"{'canon compliant', 'post-endgame', 'marriage proposal', 'not avengers: endgame (movie) compliant', 'feels', 'teen and up audiences'}"
Marvel,17330885,"{'explicit', 'drug use', 'depression', 'hurt/comfort', 'dirty talk', 'bucky barnes needs a hug', 'anal sex', 'masturbation', 'frottage', 'top bucky barnes', 'bottom steve rogers', 'pre-serum steve rogers', 'hopeful ending'}"
Marvel,17858681,"{'angst', 'bamf natasha romanov', 'teen and up audiences', 'jewish bucky barnes', 'deaf clint barton', 'violence', 'ceiling vent clint barton', 'fluff'}"
Marvel,18566383,"{'general audiences', 'fluff and crack', 'humor', 'podfic', 'domestic fluff', 'coming out'}"
Marvel,18568339,"{'general audiences', 'fluff'}"
Marvel,17944583,"{'general audiences', 'tony stark needs a hug', 'science bros', 'michelle jones is a good bro', 'peter parker whump', 'precious peter parker', 'hurt peter parker', 'ned leeds is a good bro', 'peter parker needs a hug', 'hurt peter', 'field trip'}"
Marvel,17899589,"{'explicit', 'alternate universe - no powers', 'alternate universe - fantasy', 'explicit sexual content', 'knotting', 'alpha/beta/omega dynamics', 'rough sex', 'age difference', 'double penetration', 'humiliation'}"
Marvel,18349376,"{'pre-slash', 'teen and up audiences', 'eventual romance', 'other additional tags to be added', 'fluff', 'action/adventure', 'friendship', 'canon-typical violence', 'alternate universe', 'infinity gems', 'alternate universe - magic', 'light angst'}"
Marvel,18566068,"{'team dynamics', 'podfic', 'kid fic', 'implied/referenced child abuse', 'violence', 'teen and up audiences', 'age regression/de-aging'}"
Marvel,17213945,"{'family', 'eventual romance', 'hurt/comfort', 'teen and up audiences', 'fluff', 'friendship/love'}"
Marvel,18469876,{'teen and up audiences'}
Marvel,18335192,"{'tony stark has a heart', 'ceiling vent clint barton', 'general audiences', 'humor', 'tony stark needs a hug', 'deaf clint barton', 'post-avengers: infinity war part 1 (movie)', 'slow burn', 'other additional tags to be added', 'fluff and angst', 'post-endgame', 'not beta read', 'nebula & tony stark friendship', 'clint barton & natasha romanov friendship', 'fluff', 'angst'}"
Marvel,18239969,{'general audiences'}
Marvel,16748503,"{'tony stark has a heart', 'depression', 'panic attacks', 'protective bucky barnes', 'angst', 'parent tony stark', 'suicide attempt', 'therapy', 'suicidal thoughts', 'teen and up audiences', 'protective tony stark', 'nightmares', 'peter parker needs a hug', 'hurt peter parker', 'self-harm', ""tony stark acting as peter parker's parental figure"", 'anxiety', 'precious peter parker'}"
Marvel,18419057,"{'team dynamics', 'bruce banner & tony stark friendship', 'not wanda maximoff friendly', 'post-avengers: age of ultron (movie)', 'alternate universe - canon divergence', 'not steve rogers friendly', 'teen and up audiences'}"
Marvel,18518275,"{'tony stark has a heart', 'protective tony stark', 'bamf tony stark', 'peter parker needs a hug', 'tony stark is a good bro', 'not rated'}"
Marvel,18489034,"{""howard stark's a+ parenting"", 'tony stark needs a hug', 'pov steve rogers', 'alcohol abuse/alcoholism', 'emotional hurt/comfort', 'coming out', 'angst', 'parent-child relationship', 'parent tony stark', 'emotional manipulation', 'teen and up audiences', 'character death', 'so much angst', 'self-esteem issues', 'alternate universe - no powers', 'getting together', 'domestic fluff', 'first kiss'}"
Marvel,18489034,"{""howard stark's a+ parenting"", 'tony stark needs a hug', 'pov steve rogers', 'alcohol abuse/alcoholism', 'emotional hurt/comfort', 'coming out', 'angst', 'parent-child relationship', 'parent tony stark', 'emotional manipulation', 'teen and up audiences', 'character death', 'so much angst', 'self-esteem issues', 'alternate universe - no powers', 'getting together', 'domestic fluff', 'first kiss'}"
Marvel,18548362,"{'mature', 'humor', 'crack', 'fluff'}"
Marvel,16475465,"{'tony stark needs a hug', 'drug use', 'alcohol abuse/alcoholism', 'unhealthy coping mechanisms', 'heavy angst', 'alternate universe - canon divergence', 'emotional manipulation', 'teen and up audiences', 'suicidal thoughts', 'deaf clint barton', 'bucky barnes has issues', 'post-traumatic stress disorder - ptsd', 'denial of feelings', 'character study', 'whump'}"
Marvel,18016103,"{'slow burn', 'mature'}"
Marvel,18452246,"{""howard stark's a+ parenting"", 'depression', 'soulmate-identifying marks', 'panic attacks', 'angst', 'angst with a happy ending', 'murder', 'suicide attempt', 'teen and up audiences', 'soulmates', 'self-esteem issues', 'tony stark has issues', 'alternate universe - soulmates', 'college'}"
Marvel,18380741,"{'general audiences', 'hurt/comfort', 'pregnancy', 'fluff', 'angst'}"
Marvel,15144194,"{'angst with a happy ending', 'mature', 'implied/referenced rape/non-con', 'misunderstandings', 'hurt/comfort', 'grief/mourning', 'fluff', 'angst'}"
Marvel,18571408,"{'period-typical homophobia', 'smoking', 'teen and up audiences', 'fluff', 'tony stark is a good bro'}"
Marvel,18308315,"{'sex', 'au', 'reader-insert', 'age difference', 'mature', 'winterhawk - freeform', 'sexual content', 'mild language', 'explicit sexual content', 'language', 'alternate universe - werewolf', 'established relationship', 'oral sex', 'alternate universe', 'kissing', 'first kiss'}"
Marvel,18486364,{'teen and up audiences'}
Marvel,18530482,"{'mature', 'pre-serum steve rogers', 'tony stark needs a hug', 'canon-typical violence', 'bamf peter parker', 'post-serum steve rogers', 'protective steve rogers', 'peter parker is a little shit', ""tony stark acting as peter parker's parental figure""}"
Marvel,18547030,"{'not canon compliant', 'minor character death', 'soulmate-identifying marks', 'alternate universe - canon divergence', 'mind control aftermath & recovery', 'canonical character death', 'soulmates', 'other additional tags to be added', 'general audiences', 'alternate universe - soulmates', 'magic'}"
Marvel,18081374,"{'explicit', ""howard stark's a+ parenting"", 'sex', 'anal sex', 'rimming', 'alternate universe - historical', 'kidnapping', 'oral sex', 'blood and gore'}"
Marvel,18103958,{'mature'}
Marvel,18395510,"{""howard stark's a+ parenting"", 'past child abuse', 'teen and up audiences'}"
Marvel,12768075,"{'hydra (marvel)', 'eventual relationships', 'hurt/comfort', 'bucky barnes feels', 'crossover pairings', 'mature', 'bucky barnes needs a hug', 'bucky barnes remembers', 'eventual fluff', 'eventual happy ending', 'minor injuries', 'eventual romance', 'post-captain america: civil war (movie)', 'violence', 'spoilers', 'bucky barnes has issues', 'flashbacks', ""bucky barnes's metal arm"", 'action', 'alternate universe', 'emotional baggage', 'minor violence', 'crossover'}"
Marvel,18571306,"{'post-spider-man: homecoming', 'mild hurt/comfort', 'captain america: the first avenger', 'teen and up audiences', 'fluff', 'flirting'}"
Marvel,18554461,"{'domestic avengers', 'general audiences', 'superfamily (marvel)', 'avengers family', 'avengers tower', 'domestic fluff', 'fluff', ""peter parker's field trip to stark industries"", 'field trip'}"
Marvel,18348011,"{'tony stark has a heart', 'tony stark needs a hug', 'implied/referenced rape/non-con', 'hurt/comfort', 'panic attacks', 'torture', 'mature', 'tony stark feels', 'team dynamics', 'not avengers: endgame (movie) compliant', 'team as family', 'post-avengers: infinity war part 1 (movie)', 'pov alternating', 'tony stark-centric', 'post-traumatic stress disorder - ptsd', 'implied/referenced alcohol abuse/alcoholism', ""tony stark acting as peter parker's parental figure""}"
Marvel,14201691,"{'hurt/comfort', 'tony feels', 'emotional hurt/comfort', 'team as family', 'father-son relationship', 'protective tony stark', 'fluff and angst', 'angst and hurt/comfort', 'action/adventure', 'friendship', 'general audiences', 'humor', 'slow burn', 'ironstrange'}"
Marvel,18538759,"{'drinking', 'mature', 'pining', 'character study'}"
Marvel,17521433,"{'marvel universe', 'not rated'}"
Marvel,18571195,"{'drug use', 'slow burn', 'alternate universe', 'smut', 'au', 'anal fingering', 'fingering', 'not rated'}"
Marvel,18475144,"{'bottom tony stark', 'mature', 'lemon', 'smut', 'threesome - f/m/m', 'fluff', 'threesome - m/m/m'}"
Marvel,18571159,"{'mature', 'slow romance', 'eventual smut', 'i guess', 'au'}"
Marvel,18168917,"{'fluff', 'iron dad and spider son', 'fluff and angst', 'teen and up audiences', ""tony stark acting as peter parker's parental figure""}"
Marvel,18571060,"{'angst with a happy ending', 'fluff and angst', 'memory loss', 'teen and up audiences', 'love'}"
Marvel,18571012,"{'slow burn', 'friends to lovers', 'fluff and angst', 'swearing', 'self-esteem issues', 'not rated'}"
Marvel,17071712,"{'aftermath of violence', 'slow burn', 'post-traumatic stress disorder - ptsd', 'romance', 'teen and up audiences'}"
Marvel,18571003,"{'general audiences', 'angst'}"
Marvel,18495994,"{'alternate universe - no powers', 'fluff', 'jealousy', 'alternate universe', 'pre-slash', 'teen and up audiences', 'drabble', 'angst'}"
Marvel,18570901,"{'general audiences', 'irondad'}"
Marvel,16651177,"{'asgard', 'mature'}"
Marvel,18570832,"{'tony stark has a heart', 'not canon compliant', 'general audiences', 'tony stark does what he wants', 'bamf tony stark'}"
Marvel,18570817,"{""howard stark's a+ parenting"", 'angst with a happy ending', 'mature', 'tony stark needs a hug', 'fluff', 'emotional hurt/comfort', 'hurt/comfort', 'protective steve rogers', 'tony feels', 'steve rogers needs a hug', 'tony-centric'}"
Marvel,18570685,"{'crack treated seriously', 'crack', 'teen and up audiences', 'flirting'}"
Marvel,18531361,"{'explicit', 'torture', 'eventual smut', 'oral sex', 'violence', 'double penetration'}"
Marvel,14209227,"{'explicit', 'not canon compliant', 'jealousy', 'alpha/beta/omega dynamics', 'alpha tony stark', 'angst', 'bucky barnes needs a hug', 'heavy angst', 'alternate universe - canon divergence', 'rape/non-con elements', 'smut', 'mating cycles/in heat', 'explicit sexual content', 'other additional tags to be added', 'mpreg', 'knotting', 'dubious consent', 'pregnancy', 'slow build', 'sort of'}"
Marvel,12224019,"{'mature', 'confusion', 'blood', 'extremely dubious consent', 'loss of virginity', 'mildly dubious consent', 'blow jobs', 'magic', 'bondage'}"
Marvel,18416033,"{'explicit', 'bucky barnes needs a hug', 'artist steve rogers', 'mutual pining', 'post-serum steve rogers', 'alternate universe - high school', 'top steve rogers', 'steve rogers needs a hug', 'bottom bucky barnes'}"
Marvel,15859656,"{'family', 'amnesia', 'happy ending', 'found family', 'memory loss', 'teen and up audiences', 'emotional hurt/comfort', 'angst'}"
Marvel,16964307,{'general audiences'}
Marvel,12793779,"{'feels', 'general audiences', 'light angst', 'love'}"
Marvel,18540121,"{'angst', 'thor (marvel) is a good bro', 'post-endgame', 'not a fix-it', 'implied sexual content', 'not rated'}"
Marvel,18518161,"{'tumblr prompt', 'hurt no comfort', 'alternate universe - canon divergence', 'teen and up audiences'}"
Marvel,18568966,"{'explicit', 'sexual content', 'anal sex', 'bisexual tony stark', 'masturbation'}"
Marvel,14731811,"{'explicit', 'implied/referenced rape/non-con', 'minor character death', 'attempted rape/non-con', 'unhealthy coping mechanisms', 'angst', 'murder', 'alternate universe - canon divergence', 'suicidal thoughts', 'violence', 'self-harm', 'flashbacks', 'action', 'grief/mourning', 'abuse'}"
Marvel,12750012,"{'tony stark has a heart', 'falling in love', 'implied/referenced torture', 'not captain america: civil war (movie) compliant', 'canon divergence - avengers: age of ultron (movie)', 'other additional tags to be added', 'fluff and angst', 'violence', 'aftermath of torture', 'teen and up audiences', 'domestic avengers'}"
Marvel,18569650,"{'drinking', 'mature', 'post-avengers: infinity war part 1 (movie)', 'friends to lovers', 'avengers: infinity war part 1 (movie) spoilers', 'smut', 'emotional hurt/comfort'}"
Marvel,18570013,"{'tony stark has a heart', 'general audiences', 'confusion', 'hurt/comfort', 'vomiting', 'precious peter parker'}"
Marvel,18569725,"{'getting together', 'idiots in love', 'romantic fluff', 'teen and up audiences', 'fluff', 'fluff and humor'}"
Marvel,13971702,"{'canon-typical violence', 'general audiences'}"
Marvel,18569701,"{'angst with a happy ending', ""i don't even know"", 'not rated'}"
Marvel,17658263,{'teen and up audiences'}
Marvel,18401003,"{'friendship', 'angst with a happy ending', 'sad with a happy ending', 'protective natasha romanov', 'fluff and angst', 'psychological trauma', 'clint barton & natasha romanov friendship', 'snakes', 'not rated'}"
Marvel,18221270,"{'mature', 'angst and hurt/comfort', 'falling in love', 'eventual smut', 'eventual romance', 'i guess', 'emotional baggage', 'crossover', 'emotional hurt/comfort'}"
Marvel,15873033,"{'eventual happy ending', 'mature', 'marvel universe', 'loki (marvel) needs a hug', 'eventual smut', 'slow burn', 'friends to lovers', 'enemies to friends to lovers', 'fluff and angst', 'domestic fluff', 'asgard'}"
Marvel,18328445,"{'general audiences', 'irondad', 'post-avengers: infinity war part 1 (movie)', 'bamf pepper potts', 'nebula & tony stark friendship'}"
Marvel,18429692,"{'general audiences', 'depression', 'whump'}"
Marvel,15995543,"{'tony stark has a heart', 'wetting', 'hurt/comfort', 'group chat', 'road trips', 'emotional hurt/comfort', 'angst', 'torture', 'i wrote this instead of sleeping', 'feels', 'teen and up audiences', 'diapers', 'humiliation', 'friendship', 'vomiting'}"
Marvel,7286815,"{'hurt/comfort', 'family drama', 'psychological trauma', 'action & romance', 'teen and up audiences', 'canon compliant', 'drama & romance', 'post-spider-man: homecoming', 'eventual romance', 'fluff and angst', 'physical abuse', 'slow build', 'slow burn', 'friends to lovers', 'secret relationship', 'friendship/love'}"
Marvel,18415259,"{'one shot collection', 'teen and up audiences', 'fluff', 'angst'}"
Marvel,17843105,"{'fix-it', 'sort of', 'post-avengers: infinity war part 1 (movie)', 'hurt/comfort', 'post-traumatic stress disorder - ptsd', 'time travel', ""i'm bad at tagging"", 'how do i tag', 'panic attacks', 'not rated'}"
Marvel,18569239,"{'tony stark has a heart', 'implied/referenced self-harm', 'mature', ""peter parker is tony stark's biological child"", 'depression', 'hurt/comfort', 'protective tony stark', 'protective steve rogers', 'suicidal thoughts', 'emotional hurt/comfort', 'angst'}"
Marvel,18537223,"{'explicit', 'fix-it', 'post-avengers: infinity war part 1 (movie)', 'slow burn', 'pining', 'alternate universe - canon divergence', 'first time', 'not avengers: endgame (movie) compliant'}"
Marvel,18529600,"{'mature', 'found family', 'post-avengers: infinity war part 1 (movie)', 'grief/mourning', 'healing', 'emotional hurt/comfort', 'team as family', 'angst'}"
Marvel,18181769,{'mature'}
Marvel,16328444,{'teen and up audiences'}
Marvel,18568921,"{'tooth-rotting fluff', 'fluff and humor', 'general audiences', 'idiots in love'}"
Marvel,18540706,"{'explicit', 'explicit sexual content', 'slow burn', 'other additional tags to be added', 'violence', 'secret relationship'}"
Marvel,18403847,"{'tony stark needs a hug', 'james ""rhodey"" rhodes is a good bro', 'tony feels', 'not rated', 'tony stark feels', 'avengers family', 'james ""rhodey"" rhodes & tony stark friendship', 'hurt tony stark', 'other additional tags to be added', 'domestic avengers', 'tony stark has issues', 'fake/pretend relationship', 'avengers tower'}"
Marvel,18565552,{'not rated'}
Marvel,11980458,"{'mature', 'dubious consent', 'car sex', 'praise kink', 'dirty talk', 'blow jobs', 'mildly dubious consent', 'flirting', 'bondage'}"
Marvel,18556141,"{'one shot collection', 'romance', 'adventure', 'teen and up audiences'}"
Marvel,17823032,"{""howard stark's a+ parenting"", ""peter parker is tony stark's biological child"", 'alternate universe', 'implied/referenced child abuse', 'teen and up audiences', ""tony stark acting as peter parker's parental figure""}"
Marvel,15208565,"{'torture', 'tony stark has a heart', 'protective tony stark', 'protective steve rogers', 'nightmares', 'precious peter parker', 'bisexual steve rogers', 'protective bucky barnes', 'teen and up audiences'}"
Marvel,18344513,"{'explicit', 'underage sex', 'first time', 'light bondage', 'light dom/sub', 'masturbation'}"
Marvel,16361552,"{'depression', 'action', 'violence', 'romance', 'not rated'}"
Marvel,17928011,"{'avengers - freeform', 'slow burn', 'smut', 'romance', 'asgard', 'not rated'}"
Marvel,18442673,"{'explicit', 'angst with a happy ending', 'romance', 'drama'}"
Marvel,6939931,{'teen and up audiences'}
Marvel,13552857,"{'tony stark has a heart', 'tony stark needs a hug', 'past child abuse', 'not rated', 'female tony stark', 'parent tony stark', 'civil war team iron man', 'not steve friendly', 'past character death', 'other additional tags to be added', 'post-captain america: civil war (movie)', 'protective tony stark', 'not thor: ragnarok (2017) compliant', 'bamf tony stark'}"
Marvel,18568405,{'general audiences'}
Marvel,17835371,"{'explicit', 'eventual smut', 'comfort/angst', 'eventual relationships', 'attempted rape/non-con', 'alpha/beta/omega dynamics', 'alpha tony stark', 'loss of virginity', 'smut', 'alpha/omega', 'mating cycles/in heat', 'eventual romance', 'natasha romanov is a good bro', 'knotting', 'fluff and smut', 'fluff', 'domestic avengers', 'domestic fluff', 'light angst'}"
Marvel,16521284,"{'explicit', 'canonical character death', 'not canon compliant', 'porn with plot', 'post-thor: the dark world', 'enemies to friends to lovers', 'hurt/comfort', 'blood', 'emotional baggage', 'smut'}"
Marvel,17838389,"{'mature', 'past rape/non-con', 'suicide attempt', 'attempted rape/non-con', 'alternate universe - canon divergence', 'depression', 'mental health issues', 'alcohol abuse/alcoholism', 'angst'}"
Marvel,18458798,{'teen and up audiences'}
Marvel,18246710,"{'homophobia', 'homophobic language', 'mature', 'parent tony stark', 'alternate universe - canon divergence', 'gay male character', 'fluff and angst', 'mental health issues', 'bisexual steve rogers', 'not beta read', 'temporary character death', 'bisexual tony stark'}"
Marvel,14052186,"{'friendship', 'general audiences', 'humor', 'comedy', 'fluff and angst', 'adventure', 'fluff and humor', 'angst'}"
Marvel,18366821,"{'aftermath of violence', 'hydra (marvel)', 'hurt/comfort', 'kid fic', 'panic attacks', 'protective bucky barnes', 'past child abuse', 'bucky barnes feels', 'mature', 'family bonding', 'avengers family', 'trauma', 'canon-typical violence'}"
Marvel,18362729,{'teen and up audiences'}
Marvel,16201679,"{'ptsd', 'mind control', 'bruce banner is a good bro', 'eventual smut', 'jotunn loki (marvel)', 'angst and humor', 'pov loki (marvel)', 'not agents of s.h.i.e.l.d. compliant', 'memory loss', 'psychological trauma', 'emotional hurt/comfort', 'mature', 'loki (marvel) feels', 'trauma', 'smut', 'eventual romance', 'bruce banner & tony stark friendship', 'post-avengers (2012)', 'angst and hurt/comfort', 'shield', 'post-thor: the dark world', 'slow burn', 'friends to lovers', 'grief/mourning', 'magic', 'romance'}"
Marvel,17704280,"{'avengers - freeform', 'not rated'}"
Marvel,17846420,"{'mature', 'pregnancy', 'fluff and angst', 'medical procedures', 'emotional hurt/comfort', 'implied sexual content', 'angst'}"
Marvel,18335579,"{'explicit', 'alpha steve rogers', 'mating cycles/in heat', 'alpha/beta/omega dynamics', 'daddy kink', 'omega bucky barnes', 'clint barton is a good bro'}"
Marvel,13950030,{'general audiences'}
Marvel,17160125,"{'mild language', 'alternate universe - modern setting', 'jealousy', 'emotional hurt/comfort', 'alternate universe - canon divergence', 'post-traumatic stress disorder - ptsd', 'alternate universe', 'sexual content', 'nightmares', 'emotional baggage', 'smoking', 'teen and up audiences', 'angst'}"
Marvel,18361316,{'general audiences'}
Marvel,17334269,{'general audiences'}
Marvel,18024806,{'teen and up audiences'}
Marvel,18205025,"{'one shot collection', 'mature'}"
Marvel,15919551,{'explicit'}
Marvel,17435618,"{'tony stark has a heart', 'depression', 'hurt/comfort', 'panic attacks', 'emotional hurt/comfort', 'not rated', 'angst', 'tony stark feels', 'bucky barnes needs a hug', 'everyone needs a hug', 'hurt tony stark', 'suicidal thoughts', 'nightmares', 'endgame', 'avengers - freeform', 'anxiety'}"
Marvel,17910326,"{""howard stark's a+ parenting"", 'hurt/comfort', 'jotunn loki (marvel)', 'emotional hurt/comfort', 'healing', 'pre-slash', 'teen and up audiences', 'alternate universe - high school', 'aftermath of torture', 'tony stark has issues', 'underage drinking'}"
Marvel,18103700,"{'mature', 'family drama'}"
Marvel,18546400,"{'explicit', 'female tony stark', 'not beta read', 'out of character'}"
Marvel,17005884,"{'explicit', 'angst and fluff and smut', 'protective natasha romanov', 'alternate universe - soulmates', 'found family', 'hurt/comfort', 'soulmate-identifying marks', 'crack treated seriously', 'polyamory'}"
Marvel,17915444,"{'explicit', 'hurt no comfort', 'falling in love', 'rape', 'pre-avengers (2012)', 'angst', 'torture', 'anal sex', 'eventual romance', 'other additional tags to be added', 'protective steve rogers', 'possessive thor (marvel)', 'slow build', 'blood and gore'}"
Marvel,17962538,"{'mind control', 'jealousy', 'action & romance', 'alternate universe - fantasy', 'mind control aftermath & recovery', 'teen and up audiences', 'other additional tags to be added', 'protective peter parker', 'peter parker needs a hug', 'hurt peter parker', 'fantasy', 'action/adventure', 'friends to lovers', 'alternate universe', 'magic', 'precious peter parker', 'alternate universe - magic'}"
Marvel,14438904,"{'explicit', 'past relationship(s)', 'thor (marvel) is a good bro', 'blow jobs', 'angst', 'torture', 'enemies to friends to lovers', 'post-thor: ragnarok (2017)', 'alternate universe - canon divergence', 'masturbation', 'redemption', 'slow burn', 'not avengers: infinity war part 1 (movie) compliant', 'character study'}"
Marvel,5800267,"{'explicit', 'intersex loki', 'falling in love', 'alpha/beta/omega dynamics', 'emotional baggage', 'past abuse'}"
Marvel,14362209,"{'angst', 'alternate universe - canon divergence', 'hurt/comfort', 'father-son relationship', 'whump', 'ned leeds is a good bro', 'fluff', 'not rated'}"
Marvel,17558585,"{'angst with a happy ending', 'eventual fluff', 'denial of feelings', 'teen and up audiences', 'emotional hurt/comfort', 'angst'}"
Marvel,18516769,"{'ficlet collection', 'drabble collection', 'comfort', 'falling in love', 'chocolate', 'tooth-rotting fluff', 'love', 'post-avengers: infinity war part 1 (movie)', 'fluff and humor', 'tumblr prompt', 'established relationship', 'general audiences', 'domestic fluff', 'romance'}"
Marvel,16089641,"{'explicit', 'biting', 'alternate universe - college/university', 'mutual pining', 'light bondage', 'blow jobs', 'smut', 'possessive thor (marvel)', 'romance', 'fluff', 'angst'}"
Marvel,18548446,"{'how do i tag', 'not rated'}"
Marvel,18351401,"{'tony stark has a heart', 'tony stark has post-traumatic stress disorder', 'tony stark needs a hug', 'parent tony stark', 'tony feels', 'superfamily (marvel)', 'hurt peter', 'precious peter parker', 'peter parker needs a hug', 'teen and up audiences'}"
Marvel,15981851,"{'friendship', 'mature', 'falling in love', 'post-traumatic stress disorder - ptsd', 'heartbreak', 'friendship/love', 'love'}"
Marvel,17625677,"{'comfort/angst', 'implied/referenced rape/non-con', 'romantic fluff', 'top steve rogers', 'emotional hurt/comfort', 'bottom bucky barnes', 'bucky barnes feels', 'bucky barnes recovering', 'mature', 'marvel universe', 'bucky barnes remembers', 'suicide attempt', 'mental health issues', 'steve rogers feels', 'rough sex', 'tony stark is a good bro', 'eventual happy ending', 'angst and fluff and smut', 'protective steve rogers', 'fluff and angst', 'past abuse', 'angst and hurt/comfort', 'bucky barnes has issues', 'mental instability', 'post-traumatic stress disorder - ptsd', 'post-serum steve rogers', 'dorks in love', 'hurt bucky barnes'}"
Marvel,17721851,"{'explicit', 'rape', 'rape/non-con elements', 'alternate universe'}"
Marvel,13540398,"{'teen and up audiences', 'au'}"
Marvel,18161963,{'not rated'}
Marvel,15930263,"{'slow burn', 'love', 'violence', 'romance', 'teen and up audiences', 'angst'}"
Marvel,11882577,"{'ptsd', 'family drama', 'angst', 'angst with a happy ending', 'mature', 'enemies to friends to lovers', 'frostiron - freeform', 'alternate universe - canon divergence', 'time travel', 'post-captain america: civil war (movie)', 'not thor: ragnarok (2017) compliant', 'adventure', 'fantasy', 'post-thor: the dark world', 'slow burn', 'not avengers: infinity war part 1 (movie) compliant', 'temporary character death', 'infinity gems'}"
Marvel,18566704,"{'general audiences', 'protective tony stark', 'fluff and angst', 'emotional hurt/comfort'}"
Marvel,16090190,"{'not canon compliant', 'trans peter parker', 'not captain america: civil war (movie) compliant', 'how do i tag', 'teen and up audiences'}"
Marvel,18528013,{'not rated'}
Marvel,18289133,"{'angst with a happy ending', 'mature', 'bucky barnes has issues', 'past rape/non-con', 'post-captain america: civil war (movie)'}"
Marvel,18566644,{'not rated'}
Marvel,17489447,"{'drama', 'mpreg', 'romance', 'teen and up audiences'}"
Marvel,11911191,"{'eventual happy ending', 'not steve friendly', 'general audiences', 'not wanda maximoff friendly', 'not thor: ragnarok (2017) compliant', 'not avengers: infinity war part 1 (movie) compliant', 'civil war team iron man', 'not steve rogers friendly'}"
Marvel,18564040,"{'eventual smut', 'recovery', 'hurt/comfort', 'not rated', 'bucky barnes recovering', 'bucky barnes needs a hug', 'bucky barnes remembers', 'weddings', 'marriage proposal', 'feels', 'protective steve rogers', 'mild smut', 'fluff', 'domestic avengers', ""bucky barnes's metal arm"", 'post-serum steve rogers', 'dorks in love', 'not avengers: infinity war part 1 (movie) compliant', 'romance', 'happy ending', 'hurt bucky barnes'}"
Marvel,18566536,{'not rated'}
Marvel,18527578,"{'homophobic language', 'reincarnation', 'angst', 'angst with a happy ending', 'mature', 'jewish bucky barnes', 'eventual happy ending', 'past character death', 'period-typical homophobia', 'homophobia', 'alternate universe - soulmates', 'canon-typical violence', 'temporary character death'}"
Marvel,18321377,"{'tony stark has a heart', 'tony stark needs a hug', 'secret identity', 'tony stark-centric', 'omega peter parker', 'hurt tony stark', 'anxiety attacks', 'alpha tony stark', 'not rated'}"
Marvel,17720612,"{'mature', 'alternate universe - no powers', 'alternate universe - modern setting', 'recreational drug use', 'other additional tags to be added', 'alternate universe', 'implied/referenced child abuse', 'implied/referenced alcohol abuse/alcoholism', 'implied childhood sexual abuse'}"
Marvel,16968528,"{'hurt/comfort', 'teen and up audiences'}"
Marvel,18566266,"{'explicit', 'established relationship', 'heavy angst', 'explicit sexual content', 'jewish bucky barnes', 'slow burn', 'alternate universe - canon divergence', 'protective steve rogers', 'character study'}"
Marvel,18566224,"{'bucky barnes recovering', 'bucky barnes needs a hug', 'bucky barnes has issues', 'general audiences', 'deaf clint barton', 'alternate universe - soulmates', ""bucky barnes's metal arm"", 'canon divergence - post-captain america: the winter soldier', 'protective clint barton', 'clint barton & natasha romanov friendship'}"
Marvel,18091994,"{'tony stark has a heart', 'anxiety', ""i don't even know"", 'whump', 'peter parker needs a hug', 'character study', 'implied/referenced alcohol abuse/alcoholism', 'teen and up audiences', 'angst'}"
Marvel,18516025,"{'tony stark has a heart', 'hurt/comfort', 'emotional hurt/comfort', 'coming out', 'angst', 'teen and up audiences', 'gay bucky barnes', 'pansexual tony stark', 'so much angst', 'superfamily (marvel)', 'natasha romanov is a good bro', 'how do i tag', 'peter parker needs a hug', 'bisexual steve rogers', ""tony stark acting as peter parker's parental figure""}"
Marvel,18566197,{'not rated'}
Marvel,17232227,{'teen and up audiences'}
Marvel,18565987,"{'alternate universe - canon divergence', 'teen and up audiences'}"
Marvel,18268739,{'explicit'}
Marvel,18565927,"{'tony stark has a heart', 'implied/referenced self-harm', 'angst with a happy ending', ""tony stark acting as peter parker's parental figure"", 'depression', 'post-traumatic stress disorder - ptsd', 'hurt/comfort', 'how do i tag', 'peter parker needs a hug', 'suicidal thoughts', 'hurt peter', 'emotional hurt/comfort', 'peter parker is a mess', 'not rated'}"
Marvel,17456630,"{'asgard', 'secret identity', 'father-son relationship', 'teen and up audiences', 'adoption'}"
Marvel,18322214,"{""howard stark's a+ parenting"", 'comfort', 'wetting', 'emotional hurt/comfort', 'pre-avengers (2012)', 'angst', 'age regression/de-aging', 'avengers family', 'captain america: the first avenger', 'teen and up audiences', 'diapers', 'slow build', 'slow burn', 'implied/referenced child abuse', 'happy ending'}"
Marvel,18565798,{'general audiences'}
Marvel,18469720,"{'shield', 'general audiences', 'crossover', 'pre-avengers (2012)'}"
Marvel,18084407,"{'hurt/comfort', 'bisexual peter parker', 'coming out', 'angst', 'teen and up audiences', 'protective tony stark', 'peter parker needs a hug', 'redemption', 'fluff', 'action/adventure', 'slow burn', 'gay male character', 'first kiss', 'implied sexual content'}"
Marvel,18565786,"{'period-typical homophobia', 'alternate universe - historical', 'flashbacks', 'post-traumatic stress disorder - ptsd', 'hurt/comfort', 'fluff and angst', 'panic attacks', 'protective bucky barnes', 'teen and up audiences', 'emotional hurt/comfort'}"
Marvel,18565639,"{'fix-it', 'love confessions', 'post-traumatic stress disorder - ptsd', 'trauma', 'not avengers: endgame (movie) compliant', 'avengers: infinity war part 1 (movie) compliant', 'teen and up audiences'}"
Marvel,18565657,"{'established relationship', 'teen and up audiences'}"
Marvel,18538987,"{'tony stark has a heart', 'bamf pepper potts', 'mpreg', 'alpha/beta/omega dynamics', 'bamf tony stark', 'teen and up audiences'}"
Marvel,18565606,{'general audiences'}
Marvel,18160052,"{'angst with a happy ending', 'post-avengers: infinity war part 1 (movie)', 'alternate universe - canon divergence', 'teen and up audiences'}"
Marvel,17821868,"{'mature', 'mild hurt/comfort', 'fluff and angst', 'fluff', 'angst'}"
Marvel,18565537,"{'dark tony stark', 'tony stark does what he wants', 'bruce banner & tony stark friendship', 'jotunn loki (marvel)', 'magic', 'bamf tony stark', 'teen and up audiences'}"
Marvel,15419610,"{'crack', 'mature'}"
Marvel,18419399,"{'fluff', 'cuddling & snuggling', 'minor violence', 'road trips', 'teen and up audiences', 'implied sexual content'}"
Marvel,18512749,"{'tony stark has a heart', 'homophobic language', 'minor injuries', 'general audiences', 'kidnapping', 'minor character death', 'bullying', 'minor violence', 'hurt peter parker', 'peter parker needs a hug', 'hurt peter', ""tony stark acting as peter parker's parental figure""}"
Marvel,18565504,"{'explicit', 'porn with plot', 'porn', 'alternate universe', 'smut', 'rape/non-con elements', 'out of character', 'masturbation'}"
Marvel,16377944,"{'explicit', 'eventual smut', 'fluff', 'sort of', 'kissing'}"
Marvel,18445037,"{'not canon compliant', 'not avengers: age of ultron (movie) compliant', 'my first ao3 post', 'polyamory', 'age difference', 'alternate universe - canon divergence', 'everyone needs a hug', 'teen and up audiences', 'eventual romance', 'alternate universe - soulmates', 'first kiss', 'happy ending'}"
Marvel,18122573,"{'hurt no comfort', 'depression', 'bullying', 'post-traumatic stress disorder - ptsd', 'other additional tags to be added', 'mental health issues', 'peter parker needs a hug', 'panic attacks', 'anxiety attacks', 'implied childhood sexual abuse', 'not rated'}"
Marvel,18565423,"{'drinking', 'general audiences', 'science bros', 'humor', 'crack', 'vomiting', 'whump'}"
Marvel,18242663,"{'explicit', 'porn', 'mpreg', 'protective tony stark', 'protective steve rogers', 'implied/referenced child abuse', 'polyamory', 'anal sex', 'alternate universe', 'anal fingering', 'emotional hurt/comfort', 'threesome - m/m/m', 'bucky barnes feels'}"
Marvel,17574980,"{'explicit', 'rimming', 'bondage'}"
Marvel,18494722,"{'angst', 'bucky barnes needs a hug', 'implied/referenced torture', 'kidnapping', 'blood and injury', 'nightmares', 'violence', 'not rated'}"
Marvel,18565252,"{'established relationship', 'tony stark feels', 'loki (marvel) feels', 'tony stark needs a hug', 'loki (marvel) needs a hug', 'avengers: infinity war part 1 (movie) spoilers', 'alternate universe - canon divergence', 'nightmares', 'hopeful ending', 'teen and up audiences', 'angst'}"
Marvel,18270659,"{'not steve friendly', 'avengers: infinity war part 1 (movie)', 'post-avengers: age of ultron (movie)', 'alternate universe - canon divergence', 'post-captain america: civil war (movie)', 'post-captain america: the winter soldier', 'canon divergence - thor: the dark world', 'not team cap friendly', 'civil war team iron man', 'captain america: civil war (movie)', 'not rated'}"
Marvel,18096695,"{'shield', 'general audiences', 'fluff and humor', 'group chat'}"
Marvel,18565174,"{'teen and up audiences', 'out of character', 'drabble'}"
Marvel,18376595,"{'fluff and crack', 'teen and up audiences'}"
Marvel,15627186,"{'teen and up audiences', 'love', 'grief/mourning'}"
Marvel,17663978,"{'explicit', 'bucky barnes recovering', 'mating cycles/in heat', 'alpha steve rogers', 'canon divergence - captain america: the winter soldier', 'implied/referenced torture', 'secret identity', 'eventual smut', 'slow burn', 'alpha/beta/omega dynamics', 'omega bucky barnes', 'pov alternating'}"
Marvel,18565054,"{'teen and up audiences', 'fluff', 'fluff and angst', 'angst'}"
Marvel,14141043,"{'tony stark has a heart', 'tony stark needs a hug', 'hurt/comfort', 'peter parker whump', 'angst', 'torture', 'suicide attempt', 'blood and injury', 'teen and up audiences', 'team as family', 'protective tony stark', 'fluff and angst', 'hurt peter parker', 'peter parker needs a hug', 'precious peter parker'}"
Marvel,16888602,"{'general audiences', 'alpha/beta/omega dynamics', 'mutual pining', ""i don't even know"", 'omega peter parker', 'panic attacks', 'fluff', 'angst and hurt/comfort'}"
Marvel,18428591,"{'not avengers: infinity war part 1 (movie) compliant', 'teen and up audiences', 'avengers: infinity war part 1 (movie) spoilers'}"
Marvel,18451100,"{'explicit', 'bruce banner is a good bro', 'hurt/comfort', 'protective bucky barnes', 'angst', 'bruce banner & tony stark friendship', 'light dom/sub', 'fluff'}"
Marvel,18371126,"{'tony stark has a heart', 'peter parker needs a hug', 'teen and up audiences', 'emotional hurt/comfort', 'angst'}"
Marvel,16791628,"{'general audiences', 'developing relationship', 'enemies to lovers', 'alternate universe - soulmates', 'soulmates', 'alternate universe - canon divergence', 'fluff and angst', 'pre-relationship', 'pre-slash'}"
Marvel,18380909,"{'not canon compliant', 'tony stark feels', 'tony stark has post-traumatic stress disorder', 'other additional tags to be added', 'alternate universe - canon divergence', 'hurt tony stark', 'teen and up audiences'}"
Marvel,18564889,"{'hurt/comfort', 'nightmares', 'not rated'}"
Marvel,18564865,{'general audiences'}
Marvel,18533671,"{'angst', 'not rated'}"
Marvel,17303210,"{'established relationship', 'tony stark feels', 'tony stark has a heart', 'tony stark needs a hug', 'post-avengers: infinity war part 1 (movie)', 'parent tony stark', 'alternate universe - canon divergence', 'peter parker needs a hug', 'teen and up audiences', 'angst'}"
Marvel,18089537,"{'explicit', 'found family', 'jealousy', 'anal sex', 'flashbacks', 'fingering'}"
Marvel,18564727,"{'thor (marvel) is a good bro', 'jotunn loki (marvel)', 'hurt/comfort', 'mutual pining', 'pov loki (marvel)', 'panic attacks', 'teen and up audiences', 'fluff and angst', 'self-esteem issues', 'for science!', 'self-harm', 'loki (marvel) needs a hug'}"
Marvel,18551869,"{'hurt tony', 'pov loki (marvel)', 'canon divergence - avengers: infinity war part 1 (movie)', 'angst', 'angst with a happy ending', 'parent-child relationship', 'avengers: infinity war part 1 (movie)', 'infinity gems', 'alternate universe - canon divergence', 'civil war team iron man', 'not avengers: endgame (movie) compliant', 'avengers: infinity war part 1 (movie) compliant', 'teen and up audiences', 'hurt tony stark', 'character death', 'canonical character death', 'captain america: civil war (movie) spoilers', 'past character death', 'post-avengers: infinity war part 1 (movie)', 'pov alternating', 'angst and hurt/comfort', 'canon-typical violence', 'avengers: infinity war part 1 (movie) spoilers', 'alternate universe', 'temporary character death', 'angst and feels'}"
Marvel,17259902,"{'tony stark has a heart', 'slow romance', 'falling in love', 'not avengers: age of ultron (movie) compliant', 'jotunn loki (marvel)', 'hurt/comfort', 'pov loki (marvel)', 'emotional hurt/comfort', 'not rated', 'tony stark does what he wants', 'enemies to friends to lovers', 'i wrote this instead of sleeping', 'not avengers: endgame (movie) compliant', 'thor (marvel) is not stupid', 'natasha romanov is a good bro', 'not thor: ragnarok (2017) compliant', 'fluff and angst', 'ceiling vent clint barton', 'clint barton & natasha romanov friendship', 'slow build', 'tony stark has issues', 'slow burn', 'not avengers: infinity war part 1 (movie) compliant'}"
Marvel,17095286,"{'mature', 'secret marriage', 'misunderstandings', 'rape recovery', 'angst'}"
Marvel,18373319,"{'fluff and angst', 'fluff', 'not rated'}"
Marvel,17776166,"{'loki (marvel) needs a hug', 'eventual smut', 'eventual romance', ""i don't even know"", 'not rated', 'everyone needs a hug', 'fluff', 'angst'}"
Marvel,18171914,"{'mature', 'mild language', 'soulmates', 'avengers: infinity war part 1 (movie) spoilers', 'bamf darcy lewis', 'fluff'}"
Marvel,17533523,"{'one shot collection', 'general audiences', 'fluff'}"
Marvel,16402367,"{'captain america: civil war (movie) spoilers', 'slow burn', 'post-captain america: civil war (movie)', 'teen and up audiences', 'fluff', 'angst'}"
Marvel,18223598,"{'ptsd', 'irondad', 'spiderson', 'nightmares', 'mental health issues', 'anxiety attacks', 'teen and up audiences'}"
Marvel,18563335,"{'tony stark has a heart', 'mature', 'getting together', 'loki (marvel) needs a hug', 'post-thor: the dark world', 'tony stark needs a hug', 'friends to lovers', 'alternate universe - canon divergence', 'time travel', 'eventual romance', 'frostiron - freeform', 'other additional tags to be added', 'flirting'}"
Marvel,18098039,"{'tony stark has a heart', 'tony stark needs a hug', 'protective natasha romanov', 'depression', 'angst and humor', 'emotional hurt/comfort', 'angst', 'mental health issues', 'civil war team iron man', 'james ""rhodey"" rhodes & tony stark friendship', 'hurt tony stark', 'family', 'eventual happy ending', 'natasha romanov is not a robot', 'protective tony stark', 'post-captain america: civil war (movie)', 'nightmares', 'hurt peter parker', 'peter parker needs a hug', 'clint barton & natasha romanov friendship', 'slow build', 'general audiences', 'flashbacks', 'post-traumatic stress disorder - ptsd', 'bamf peter parker', 'emotional baggage', 'bamf tony stark', 'happy ending', ""tony stark acting as peter parker's parental figure""}"
Marvel,16763431,"{'tony stark has a heart', 'parent tony stark', 'teen and up audiences'}"
Marvel,17381741,"{'angst with a happy ending', 'alternate universe - no powers', 'mutual pining', 'romance', 'fluff', 'light angst', 'not rated'}"
Marvel,11456091,"{'mature', 'implied/referenced torture', 'hydra (marvel)', 'kidnapping', 'tony stark needs a hug', 'eventual smut', 'other additional tags to be added', 'slow burn', 'tony feels'}"
Marvel,18563950,{'teen and up audiences'}
Marvel,15204371,"{'hurt/comfort', 'team bonding', 'psychological trauma', 'panic attacks', 'angst', 'torture', 'angst with a happy ending', 'therapy', 'healing', 'mental health issues', 'suicidal thoughts', 'teen and up audiences', 'team as family', 'verbal abuse', 'nightmares', 'friendship', 'mental instability', 'kidnapping', 'grief/mourning', 'implied/referenced child abuse'}"
Marvel,17533676,"{'established relationship', 'general audiences', 'frostiron - freeform', 'domestic fluff'}"
Marvel,18284651,"{'reincarnation', 'mature', 'eventual romance', 'parent tony stark', 'alternate universe - canon divergence', 'high school', 'thor (marvel) is not stupid', 'grief/mourning', 'adoption', 'team as family', 'angst'}"
Marvel,18563965,"{'family drama', 'not rated'}"
Marvel,17856470,"{'slow burn', 'i guess', 'i wrote this instead of sleeping', 'teen and up audiences', 'reader-insert'}"
Marvel,18267785,"{'pre-serum steve rogers', 'sharing a bed', 'podfic', 'mutual pining', 'swearing', 'bisexual steve rogers', 'protective bucky barnes', 'teen and up audiences', 'jewish bucky barnes'}"
Marvel,15299721,"{'slow burn', 'mature'}"
Marvel,18341753,"{'action/adventure', 'general audiences'}"
Marvel,17200094,"{'mature', 'oral sex', 'time travel', 'alternate universe', 'blood and injury'}"
Marvel,18563794,"{'mature', 'sibling incest', 'jealousy'}"
Marvel,15735237,"{'explicit', 'jealousy', 'pining'}"
Marvel,18563107,"{'tony stark has a heart', 'peter is a little shit', 'tony stark needs a hug', 'hurt/comfort', 'protective tony stark', 'protective steve rogers', 'precious peter parker', 'peter parker needs a hug', 'hurt peter parker', 'emotional hurt/comfort', 'not rated'}"
Marvel,18563689,"{'minor injuries', ""bucky barnes's metal arm"", 'swearing', 'protective bucky barnes', 'teen and up audiences'}"
Marvel,17662703,"{'tony stark has a heart', 'post-spider-man: homecoming', 'tony stark needs a hug', 'slow burn', 'alternate universe - canon divergence', 'teen and up audiences', ""tony stark acting as peter parker's parental figure""}"
Marvel,15063851,"{'explicit', 'bucky barnes recovering', 'protective bucky barnes', 'explicit sexual content', 'avengers: infinity war part 1 (movie) spoilers', 'post-captain america: civil war (movie)', 'smut', 'everyone needs a hug', 'angst and hurt/comfort'}"
Marvel,17926550,"{'drabble collection', 'rare pairings', 'angst', 'family', 'other additional tags to be added', 'fluff', 'tumblr prompt', 'friendship', 'established relationship', 'general audiences', 'humor', 'friends to lovers', 'romance', 'pre-relationship', 'flirting'}"
Marvel,18281975,"{'drama & romance', 'loki (marvel) needs a hug', 'romantic fluff', 'teen and up audiences', 'emotional hurt/comfort'}"
Marvel,17602496,"{'alternate universe - college/university', 'teen and up audiences', 'secret relationship'}"
Marvel,18137582,"{'trans peter parker', 'bucky barnes needs a hug', 'twitter', 'bisexual peter parker', 'bisexual steve rogers', 'not rated'}"
Marvel,18563452,"{'snakes', 'swearing', 'magic', 'teen and up audiences'}"
Marvel,17927486,"{'humor', 'canon-typical violence', 'college', 'alternate universe - canon divergence', 'protective tony stark', 'rare pairings', 'clint barton is a good bro', 'teen and up audiences', 'fluff', 'domestic avengers'}"
Marvel,18563413,"{'hurt/comfort', 'light angst', 'not rated'}"
Marvel,16498733,"{'marvel universe', 'teen and up audiences', 'family', 'post-spider-man: homecoming', 'family feels', 'post-captain america: civil war (movie)', 'father-son relationship', 'high school', 'how do i tag', 'pov alternating', 'crossover'}"
Marvel,17733851,"{'explicit', 'murder', 'rape', 'suicide attempt', 'smut', 'daddy kink', 'humiliation'}"
Marvel,13705926,"{'tony stark has a heart', 'post-spider-man: homecoming', 'hurt/comfort', 'protective tony stark', 'nightmares', 'hurt peter parker', 'teen and up audiences', ""tony stark acting as peter parker's parental figure"", 'angst'}"
Marvel,18408764,"{'tony stark has a heart', 'tony stark needs a hug', 'protective natasha romanov', 'not agents of s.h.i.e.l.d. compliant', 'james ""rhodey"" rhodes is a good bro', 'not rated', 'tony stark feels', 'avengers family', 'civil war team iron man', 'james ""rhodey"" rhodes & tony stark friendship', 'captain america: civil war (movie) spoilers', 'not steve friendly', 'deaf clint barton', 'post-captain america: civil war (movie)', 'tony stark-centric', 'tony-centric', 'bamf pepper potts', 'not avengers: infinity war part 1 (movie) compliant', 'bamf tony stark', 'precious peter parker', 'light angst'}"
Marvel,15139040,"{""howard stark's a+ parenting"", 'alpha/beta/omega dynamics', 'angst', 'not rated', 'weddings', 'loss of virginity', 'smut', 'alpha/omega', ""howard stark's bad parenting"", 'fluff and angst', 'fluff and smut', 'fluff', 'threesome - m/m/m'}"
Marvel,18270257,"{'established relationship', 'ficlet collection', 'winterhawk - freeform', 'natasha romanov is a good bro', 'not rated'}"
Marvel,18563302,"{'mpreg', 'fluff', 'general audiences', 'humor'}"
Marvel,13561443,"{'friendship', 'mature', 'romance'}"
Marvel,18372389,{'teen and up audiences'}
Marvel,18556351,"{'alternate universe - soulmates', 'i wrote this instead of sleeping', 'character study', 'teen and up audiences', 'angst'}"
Marvel,18561754,"{'marvel - freeform', 'peter is a little shit', 'irondad', 'avengers family', 'spiderson', 'not rated'}"
Marvel,18563233,"{'angst with a happy ending', 'natasha romanov is not a robot', 'mature', 'comfort', 'protective natasha romanov', 'idiots in love', 'hurt/comfort', 'dorks in love', 'fluff and angst'}"
Marvel,18563236,"{'explicit', 'established relationship', 'dirty talk'}"
Marvel,17056511,"{'mature', 'eventual romance', 'slow burn', 'violence', 'slow build'}"
Marvel,18563164,{'not rated'}
Marvel,16237403,"{'au', 'teen and up audiences'}"
Marvel,18563113,"{'friendship', 'general audiences', 'trauma', 'memory loss'}"
Marvel,18493873,"{'explicit', 'alternate universe - modern setting', 'first time', 'weddings', 'smoking', 'artist steve rogers', 'top bucky barnes', 'other additional tags to be added', 'bottom steve rogers', 'pre-serum steve rogers'}"
Marvel,18361631,"{'tony stark has a heart', 'panic attacks', 'protective bucky barnes', 'bucky barnes recovering', 'teen and up audiences', 'protective tony stark', 'not team cap friendly', 'irondad', 'slow burn', ""bucky barnes's metal arm""}"
Marvel,18319670,"{'canonical character death', ""howard stark's a+ parenting"", 'mature', 'underage drinking', 'slow burn', 'friends to lovers', 'protective may parker (spider-man)', 'fluff and angst', 'implied/referenced alcohol abuse/alcoholism', 'tony-centric'}"
Marvel,17694986,"{'emotional/psychological abuse', 'child abuse', ""howard stark's a+ parenting"", 'mature', ""howard stark's bad parenting"", 'implied/referenced torture', 'implied/referenced rape/non-con', 'post-traumatic stress disorder - ptsd', 'implied/referenced child abuse', 'medical procedures', 'past child abuse', 'age regression/de-aging'}"
Marvel,18231662,"{'teen and up audiences', 'tony stark has a heart', 'alternate universe - no powers', 'past rape/non-con', 'parent tony stark', 'past child abuse'}"
Marvel,18260957,"{'explicit', 'porn with plot', 'crossover pairings', 'multiple crossovers', 'genderbending', 'crossover'}"
Marvel,18562873,"{'family', 'fix-it', 'general audiences', 'fluff and angst', 'alternate universe', 'angst'}"
Marvel,18391583,"{'alternate universe - no powers', 'general audiences', 'alternate universe - college/university', 'slow burn', 'pining', 'love', 'angst'}"
Marvel,18524704,"{'pining', 'alternate universe - canon divergence', 'mutual pining', 'captain america: the first avenger', 'teen and up audiences'}"
Marvel,17899697,"{'friendship', 'implied/referenced self-harm', 'tony stark has issues', 'implied/referenced torture', 'anxiety', 'post-thor: ragnarok (2017)', 'depression', 'bruce banner & tony stark friendship', 'post-traumatic stress disorder - ptsd', 'implied/referenced child abuse', 'canon divergence - avengers: infinity war part 1 (movie)', 'implied/referenced alcohol abuse/alcoholism', 'not rated'}"
Marvel,16601558,"{'explicit', 'angst with a happy ending', 'hydra (marvel)', 'canon-typical violence', 'mpreg', 'oral sex', 'anal sex', 'romance', 'medical procedures', 'top steve rogers', 'bottom bucky barnes'}"
Marvel,18562750,"{'tumblr prompt', 'reader-insert', 'general audiences', 'loki (marvel) needs a hug'}"
Marvel,18291080,"{'drama & romance', 'mature', 'alternate universe - fantasy', 'alternate universe - magic', 'angst'}"
Marvel,18114569,{'general audiences'}
Marvel,18562615,"{'hurt/comfort', 'natasha romanov needs a hug', 'fluff and angst', 'teen and up audiences'}"
Marvel,18403955,"{'explicit', 'post-spider-man: homecoming', 'friends to lovers', 'post-traumatic stress disorder - ptsd', 'smut', 'implied childhood sexual abuse'}"
Marvel,18561418,"{'general audiences', ""tony stark acting as peter parker's parental figure"", 'bullying', 'parent tony stark', 'michelle jones is a good bro', 'hurt/comfort', 'peter parker needs a hug', 'ned leeds is a good bro', 'emotional hurt/comfort', 'fluff'}"
Marvel,7713979,"{'mature', 'lemon'}"
Marvel,17039852,"{'teen and up audiences', 'science bros'}"
Marvel,15734055,"{'family bonding', 'fluff', 'general audiences'}"
Marvel,17660537,"{""howard stark's a+ parenting"", 'tony stark needs a hug', ""peter parker is tony stark's biological child"", 'parent tony stark', 'avengers family', 'teen and up audiences', 'tony stark has post-traumatic stress disorder', 'superfamily (marvel)', 'iron dad and spider son', 'protective tony stark', 'protective steve rogers', 'fluff and angst', 'peter parker needs a hug', 'implied/referenced alcohol abuse/alcoholism'}"
Marvel,16225592,"{'explicit', 'jealousy', 'alternate universe - modern setting', 'light bondage', 'smut', 'rape/non-con elements'}"
Marvel,18515785,"{'explicit', 'frottage', 'car sex', 'post-avengers: age of ultron (movie)', 'oral sex', 'mutual pining', 'dubious consent'}"
Marvel,18551305,{'not rated'}
Marvel,17266457,"{'alpha steve rogers', 'minor character death', 'alpha/beta/omega dynamics', 'age difference', 'mature', 'omega bucky barnes', 'other additional tags to be added', 'alternate universe - soulmates', 'sort of', 'post-serum steve rogers'}"
Marvel,17268809,"{""howard stark's a+ parenting"", 'bisexual peter parker', 'not rated', 'trans peter parker', 'pansexual tony stark', 'deaf clint barton', 'other additional tags to be added', 'ceiling vent clint barton', 'twitter', 'bisexual steve rogers'}"
Marvel,18562303,"{'bruce banner is a good bro', 'flashbacks', 'amnesia', 'alternate universe - canon divergence', 'father-son relationship', 'memory loss', 'peter parker needs a hug', 'hurt peter parker', ""tony stark acting as peter parker's parental figure"", 'not rated'}"
Marvel,15656337,"{'alternate universe - gender changes', 'crossover pairings', 'multiple crossovers', 'alternate universe - canon divergence', 'teen and up audiences'}"
Marvel,8640694,"{'loki feels', 'angst', 'mature', 'intersex loki', 'family bonding', 'suicide attempt', 'therapy', 'suicidal thoughts', 'eventual happy ending', 'family feels', 'other additional tags to be added', 'rape recovery', 'self-esteem issues', 'developing relationship', 'post-thor: the dark world', 'self-harm'}"
Marvel,16118150,"{'homophobic language', 'pining', 'suicidal thoughts', 'teen and up audiences', 'canonical character death', 'slow build', 'precious peter parker', 'kissing'}"
Marvel,18513592,"{'alternate universe - gender changes', 'canon-typical violence', 'canon divergence - thor: the dark world', 'teen and up audiences', 'emotional hurt/comfort'}"
Marvel,18534208,"{'drug use', 'hurt/comfort', 'emotional hurt/comfort', 'not rated', 'angst and hurt/comfort', 'canon-typical violence'}"
Marvel,18309740,"{'shield', 'mature', 'hydra (marvel)', 'past relationship(s)', 'not agents of s.h.i.e.l.d. compliant', 'romance', 'mild smut', 'action & romance', 'light angst'}"
Marvel,17600069,"{'canon compliant', 'post-avengers: infinity war part 1 (movie)', 'slow burn', 'hurt/comfort', 'post-endgame', 'teen and up audiences', 'domestic avengers', 'angst'}"
Marvel,16982286,"{'explicit', 'eventual smut', 'eventual romance', 'past relationship(s)', 'past abuse', 'angst'}"
Marvel,17464520,"{'general audiences', 'secret marriage', 'bamf darcy lewis', 'romance', 'rare pairings', 'fluff', 'secret relationship'}"
Marvel,18323825,{'teen and up audiences'}
Marvel,18561706,"{'explicit', 'bucky barnes recovering', 'friends to lovers', 'oral sex', 'plot what plot/porn without plot', 'fluff and smut'}"
Marvel,18255545,"{'minor character death', 'alternate universe', 'blood and gore', 'not rated'}"
Marvel,18216290,"{'flashbacks', 'teen and up audiences', 'angst'}"
Marvel,18561703,"{'tony stark has a heart', 'established relationship', 'secret marriage', 'general audiences', 'fluff and crack', 'tony stark does what he wants', 'cuddling & snuggling', 'light angst'}"
Marvel,16220465,"{'ptsd', 'comfort', 'enemies to lovers', 'depression', 'hurt/comfort', 'heartbreak', 'angst', 'angst with a happy ending', 'sad with a happy ending', 'teen and up audiences', 'soulmates', 'nightmares', 'fluff', 'anxiety', 'college', 'friends to lovers', 'alternate universe', 'romance'}"
Marvel,18561745,"{'explicit', 'established relationship', 'explicit sexual content', 'dom/sub'}"
Marvel,12646491,"{'explicit', 'not canon compliant', 'eventual smut', 'misunderstandings', 'not avengers: age of ultron (movie) compliant', 'eventual relationships', 'bamf darcy lewis', 'post-thor: ragnarok (2017)', 'smut', 'eventual romance', 'post-avengers: infinity war part 1 (movie)', 'not thor: ragnarok (2017) compliant', 'spoilers', 'not avengers: infinity war part 1 (movie) compliant'}"
Marvel,17259134,"{'explicit', 'protective natasha romanov', 'alternate universe - modern setting', 'idiots in love', 'top steve rogers', 'bottom bucky barnes', 'unhealthy coping mechanisms', 'alternate universe - canon divergence', 'rape/non-con elements', 'steve rogers feels', 'explicit sexual content', 'verbal abuse', 'rape recovery', 'fluff and angst', 'physical abuse', 'dubious consent', 'bucky barnes has issues', 'grief/mourning', 'bisexual steve rogers', 'anxiety attacks'}"
Marvel,1125058,"{'memory loss', 'dirty talk', 'bondage', 'double penetration', 'for science!', 'mildly dubious consent', 'angst', 'frottage', 'friends to lovers', 'oral sex', 'threesome - m/m/m', 'masturbation', 'action', 'emotional baggage', 'explicit', 'biting', 'rough sex', 'voyeurism'}"
Marvel,18371099,"{'explicit', 'canon compliant', 'explicit sexual content', 'friends to lovers'}"
Marvel,18561475,"{""i'm sorry"", 'i wrote this instead of sleeping', 'fluff and angst', 'mild smut', 'teen and up audiences', 'implied sexual content', 'light angst', 'angst'}"
Marvel,18507193,{'general audiences'}
Marvel,18499363,"{""howard stark's a+ parenting"", 'mature', 'alpha steve rogers', 'angst with a happy ending', 'secret identity', 'misunderstandings', 'slow burn', 'alpha/beta/omega dynamics', 'mutual pining'}"
Marvel,17914136,"{'hurt/comfort', 'alpha/beta/omega dynamics', 'mildly dubious consent', 'peter parker whump', 'loki feels', 'emotional hurt/comfort', 'angst', 'not rated', 'hurt peter parker', 'peter parker needs a hug', 'angst and hurt/comfort', 'loki (marvel) needs a hug', 'slow burn', 'omega peter parker', 'whump'}"
Marvel,18501805,"{'family feels', 'teen and up audiences'}"
Marvel,18280535,"{'depression', 'smut', 'minor violence', 'fluff', 'not rated'}"
Marvel,18266819,"{'tony stark has a heart', ""howard stark's a+ parenting"", 'hydra (marvel)', 'idiots in love', 'hurt/comfort', 'mildly dubious consent', 'road trips', 'panic attacks', 'bucky barnes recovering', ""i'm sorry"", 'mature', ""peter parker is tony stark's biological child"", 'parent tony stark', 'mental health issues', 'not beta read', 'character death', 'peter is a little shit', 'implied/referenced torture', 'other additional tags to be added', 'protective steve rogers', 'nightmares', 'fluff and angst', 'peter parker needs a hug', 'hurt peter parker', 'self-esteem issues', 'kidnapping', 'post-traumatic stress disorder - ptsd', 'vomiting', ""tony stark acting as peter parker's parental figure""}"
Marvel,18561274,"{'general audiences', 'mpreg'}"
Marvel,18235613,"{'tony stark has a heart', 'trans peter parker', 'pansexual tony stark', 'general audiences', 'peter is a little shit', 'twitter', 'crack', 'bisexual peter parker', 'bisexual steve rogers', 'gay bucky barnes'}"
Marvel,18548068,"{'rape', 'snakes', 'teen and up audiences', 'fluff', 'bondage', 'angst'}"
Marvel,9639770,"{'angst', 'mature', 'science bros', 'pining', 'hurt tony', 'cuddling & snuggling', 'post-traumatic stress disorder - ptsd', 'nightmares', 'hurt/comfort', 'fluff'}"
Marvel,11012769,"{'soulmate-identifying marks', 'teen and up audiences', 'team as family'}"
Marvel,18560839,"{'explicit', 'rough sex', 'bondage'}"
Marvel,18167060,{'mature'}
Marvel,18560797,"{'general audiences', 'deaf clint barton', 'marriage proposal'}"
Marvel,18560782,{'not rated'}
Marvel,17245592,"{'mature', 'canon-typical violence', 'eventual fluff', 'slow burn', 'protective steve rogers', 'not avengers: infinity war part 1 (movie) compliant', 'not avengers: endgame (movie) compliant'}"
Marvel,18560746,"{'implied/referenced rape/non-con', 'recreational drug use', 'teen and up audiences'}"
Marvel,18560692,"{'protective tony stark', 'pre-relationship', 'violence', 'teen and up audiences', 'angst'}"
Marvel,18560680,"{'mild language', 'post-avengers: age of ultron (movie)', 'kissing', 'teen and up audiences', 'light angst'}"
Marvel,17859359,"{'tony stark has a heart', 'tony stark needs a hug', 'bullying', 'hurt/comfort', 'clint barton is a good bro', 'heartbreak', 'tony feels', 'emotional/psychological abuse', 'child abuse', 'angst with a happy ending', 'sad with a happy ending', 'sharing a bed', 'hurt tony stark', 'teen and up audiences', 'natasha romanov is a good bro', 'alternate universe - high school', 'tony stark-centric', 'kidnapping', 'abuse'}"
Marvel,16848496,"{'mature', 'other additional tags to be added', 'alternate universe', 'character study'}"
Marvel,18498211,"{'tony stark has a heart', 'tony stark needs a hug', 'minor character death', 'hurt/comfort', 'tony feels', 'bucky barnes feels', 'age regression/de-aging', 'not rated', 'angst with a happy ending', 'angst', 'bucky barnes needs a hug', 'secret identity', 'healing', 'civil war team iron man', 'steve rogers feels', 'hurt steve rogers', 'steve rogers needs a hug', 'character death', 'fix-it', 'post-captain america: civil war (movie)', 'tony stark-centric', 'slow burn', 'not wanda maximoff friendly', 'bamf tony stark', 'angst and feels'}"
Marvel,15312504,"{'explicit', 'frottage', 'voyeurism', 'minor character death', 'oral sex', 'swearing', 'rimming', 'fingering', 'masturbation', 'angst'}"
Marvel,18532435,"{'mature', 'light bondage', 'daddy kink'}"
Marvel,18560251,"{'mature', 'chocolate', 'marriage proposal', 'kissing', 'fluff', 'reader-insert'}"
Marvel,17445485,"{'bamf natasha romanov', 'natasha romanov needs a hug', 'teen and up audiences'}"
Marvel,18199625,"{'recreational drug use', 'post-traumatic stress disorder - ptsd', 'teen and up audiences', ""peter parker's field trip to stark industries""}"
Marvel,18406889,"{'teen and up audiences', ""tony stark acting as peter parker's parental figure"", 'hurt/comfort', 'protective tony stark', 'peter parker whump', 'precious peter parker', 'hurt peter'}"
Marvel,17730617,"{'memory loss', 'mature', 'feels', 'canon divergence - post-captain america: the winter soldier', 'established relationship', 'crack treated seriously'}"
Marvel,15824745,"{'murder', 'post-traumatic stress disorder - ptsd', 'road trips', 'teen and up audiences'}"
Marvel,18559984,{'general audiences'}
Marvel,10448538,"{'bucky barnes needs a hug', 'mature', 'not captain america: civil war (movie) compliant', 'post-traumatic stress disorder - ptsd', 'protective bucky barnes'}"
Marvel,18546211,"{'teen and up audiences', 'alternate universe - modern setting', 'alternate universe - college/university', 'pining', 'ironstrange', 'crack', 'crack treated seriously', 'group chat'}"
Marvel,18559837,"{'torture', 'teen and up audiences', 'implied/referenced torture', 'hurt tony', 'hurt/comfort', 'fluff and angst', 'hurt peter'}"
Marvel,14428818,"{'tony stark has a heart', 'irondad', 'spiderson', 'teen and up audiences'}"
Marvel,18559903,"{'established relationship', 'hurt/comfort', 'teen and up audiences', 'fluff', 'angst'}"
Marvel,18559804,"{'angst with a happy ending', 'team dynamics', 'hurt/comfort', 'post-traumatic stress disorder - ptsd', 'alternate universe', 'marriage proposal', 'teen and up audiences', 'emotional hurt/comfort'}"
Marvel,18235118,"{'reader-insert', 'romantic soulmates', 'fluff and smut', 'alternate universe - soulmates', 'enemies to friends to lovers', 'friends to lovers', 'angst and humor', 'mutual pining', 'soulmate-identifying marks', 'how do i tag', 'tooth-rotting fluff', 'teen and up audiences', 'fluff and humor', 'bucky barnes feels', 'angst'}"
Marvel,18438689,"{'tony stark has a heart', 'general audiences', 'irondad', ""peter parker is tony stark's biological child"", 'parent tony stark', 'peter parker needs a hug', ""tony stark acting as peter parker's parental figure""}"
Marvel,4710437,"{'canon-typical violence', 'teen and up audiences'}"
Marvel,18559753,"{'general audiences', 'fluff and angst', 'romance', 'fluff'}"
Marvel,18269303,"{'explicit', 'porn with plot'}"
Marvel,18559693,"{'tony stark feels', 'alternate universe - no powers', 'general audiences', 'getting together', 'misunderstandings', 'pining', 'steve rogers needs a hug', 'steve rogers feels', 'alternate universe - high school', 'first kiss', 'fluff'}"
Marvel,18559687,"{'canon divergence - post-thor: ragnarok (2017)', 'alternate universe - canon divergence', 'civil war team iron man', 'not rated'}"
Marvel,18559612,"{'tony stark has issues', 'self-harm', 'anxiety', 'parent tony stark', 'depression', 'implied/referenced alcohol abuse/alcoholism', 'protective may parker (spider-man)', 'panic attacks', ""tony stark acting as peter parker's parental figure"", 'not rated'}"
Marvel,18559573,{'explicit'}
Marvel,16737853,{'mature'}
Marvel,18368204,"{'other additional tags to be added', 'twitter', 'teen and up audiences'}"
Marvel,18121658,"{'explicit', 'drinking', 'pining', 'lemon', 'smut', 'reader-insert', 'angst'}"
Marvel,17672618,"{'angst', 'flashbacks', 'depression', 'blood', 'memory loss', 'violence', 'panic attacks', 'teen and up audiences'}"
Marvel,17951780,"{'mature', 'hurt/comfort', 'stucky - freeform', 'blow jobs', 'alternate universe', 'smut', 'top steve rogers', 'bottom bucky barnes', 'angst'}"
Marvel,18271784,"{'tony stark has a heart', ""peter parker's field trip to stark industries"", 'field trip', 'avengers family', 'irondad and spiderson', 'team as family', 'ceiling vent clint barton', 'fluff', 'domestic avengers', 'general audiences', 'not avengers: infinity war part 1 (movie) compliant', ""tony stark acting as peter parker's parental figure""}"
Marvel,18180431,"{'avengers - freeform', 'tony stark has a heart', 'mature', 'ironstrange'}"
Marvel,18559219,"{'general audiences', 'mild hurt/comfort', 'hurt tony stark', 'captain america: civil war (movie)', 'pepperony - freeform'}"
Marvel,17984207,"{'ficlet collection', 'alternate universe', 'fluff and angst', 'teen and up audiences'}"
Marvel,18559225,"{'alternate universe - human', 'general audiences', 'alternate universe - soulmates'}"
Marvel,18023825,"{'explicit', 'peter parker is a little shit', 'peter is a little shit', 'protective peter parker', 'peter parker needs a hug', 'hurt peter parker', 'precious peter parker'}"
Marvel,18477511,"{'tony stark has a heart', 'bucky barnes needs a hug', 'general audiences', 'kid fic', 'protective steve rogers', 'alternate universe - magic'}"
Marvel,18417911,"{'torture', 'teen and up audiences', 'violence', 'hurt/comfort'}"
Marvel,18553354,{'not rated'}
Marvel,18553129,"{'romance', 'teen and up audiences', 'fluff', 'reader-insert'}"
Marvel,4908004,"{'not canon compliant', 'drug use', 'loki feels', 'canon divergence - avengers: infinity war part 1 (movie)', 'drama', 'torture', 'mature', 'alternate universe - canon divergence', 'sexual content', 'asgard', 'love', 'canonical character death', 'drama & romance', 'fantasy', 'romance', 'magic', 'alternate universe', 'canon divergence - thor: the dark world'}"
Marvel,18554857,"{'friendship', 'alternate universe - no powers', 'general audiences', 'falling in love', 'alternate universe - college/university', 'fluff and humor'}"
Marvel,18444131,"{'family', 'angst with a happy ending', 'family feels', 'comfort/angst', 'minor character death', 'iron dad and spider son', 'pregnancy', 'teen and up audiences', 'endgame'}"
Marvel,16817788,"{'domestic avengers', 'irondad', 'post-avengers: age of ultron (movie)', 'avengers family', 'teen and up audiences', 'emotional hurt/comfort', 'team as family', 'angst'}"
Marvel,18390566,"{'mature', 'hurt no comfort'}"
Marvel,18554485,"{'established relationship', 'friendship', 'general audiences', 'fluff and humor', 'drabble'}"
Marvel,18370709,"{'mature', 'enemies to lovers', 'enemies to friends to lovers', 'blood', 'spoilers', 'slow build'}"
Marvel,18515812,"{'homophobia', 'trans peter parker', 'general audiences', 'fluff', 'post-spider-man: homecoming', 'coming out', ""i'm bad at tagging"", 'fluff and angst', 'genderbending', 'bisexual tony stark', ""tony stark acting as peter parker's parental figure"", 'angst'}"
Marvel,18398708,"{'mature', 'protective tony stark', 'polyamory'}"
Marvel,16677697,"{'canon compliant', 'mature', 'slow romance'}"
Marvel,18555193,{'general audiences'}
Marvel,16719103,"{'love confessions', 'mind control', 'comedy', 'falling in love', 'idiots in love', 'family drama', 'team bonding', 'drama', 'angst', 'torture', 'emotional/psychological abuse', 'mature', 'avengers family', 'everyone needs a hug', 'asgard', 'mind control aftermath & recovery', 'feels', 'team as family', 'implied/referenced self-harm', 'family feels', 'verbal abuse', 'protective peter parker', 'violence', 'fluff', 'friends to lovers', 'post-traumatic stress disorder - ptsd', 'blood and gore', 'precious peter parker', 'infinity gems', 'angst and feels'}"
Marvel,18275705,"{'explicit', 'first time', 'anal sex', 'rough sex'}"
Marvel,18457898,"{'explicit', 'mpreg', 'first time', 'plot what plot/porn without plot'}"
Marvel,16323221,"{'aftermath of violence', 'hydra (marvel)', 'clint barton is a good bro', 'bucky barnes recovering', 'angst with a happy ending', 'bucky barnes needs a hug', 'marvel universe', 'teen and up audiences', 'eventual happy ending', 'language', 'canon divergence - post-captain america: the winter soldier', 'protective steve rogers', 'fluff and angst', 'nightmares', 'clint barton & natasha romanov friendship', 'canon divergence - captain america: the winter soldier', 'mental instability', 'slow burn', 'denial of feelings', 'pre-relationship'}"
Marvel,18124997,"{'eventual smut', 'eventual relationships', 'bucky barnes feels', 'bucky barnes recovering', 'loki (marvel) feels', 'threesome - f/m/m', 'teen and up audiences', 'redemption', 'slow build', 'loki (marvel) needs a hug', 'flashbacks', 'slow burn', 'crossover'}"
Marvel,18468223,"{'general audiences', 'post-spider-man: homecoming', 'alternate universe - canon divergence', 'post-captain america: civil war (movie)', 'protective tony stark', 'not avengers: infinity war part 1 (movie) compliant', 'protective clint barton'}"
Marvel,17839058,"{'falling in love', 'genderbending', 'romance', 'teen and up audiences', 'fluff', 'female peter parker'}"
Marvel,18553582,"{'friendship', 'post-endgame', 'angst and hurt/comfort', 'not rated'}"
Marvel,18201917,"{'explicit', 'eventual smut', 'alternate universe - modern setting', 'alternate universe', 'threesome - f/m/m', 'fluff and smut', 'flirting'}"
Marvel,15591147,"{'explicit', 'mind control', 'loss of virginity', 'mind control aftermath & recovery', 'suicidal thoughts', 'bondage', 'amnesia', 'post-avengers: infinity war part 1 (movie)', 'pov alternating', 'drinking', 'gay male character', 'kissing', 'flirting'}"
Marvel,18554209,"{'tony stark has a heart', 'post-thor: the dark world', 'anxiety', 'depression', 'hurt/comfort', 'implied/referenced child abuse', 'teen and up audiences', 'thor (marvel) is not stupid'}"
Marvel,18554218,"{'bucky barnes recovering', 'mature', 'time travel', 'protective clint barton'}"
Marvel,10933872,"{'tony stark has a heart', 'reincarnation', 'slow romance', 'tony stark needs a hug', 'james ""rhodey"" rhodes is a good bro', 'female peter parker', 'not rated', 'civil war team iron man', 'tony stark is a good bro', 'alternate universe - gender changes', 'not steve friendly', 'genderbending', 'slow build', 'romantic soulmates', 'alternate universe - soulmates', 'bamf pepper potts', 'bamf peter parker', 'not a fix-it'}"
Marvel,17923589,"{'mature', 'female tony stark', 'time travel', 'civil war team iron man', 'alcohol abuse/alcoholism'}"
Marvel,17427269,{'not rated'}
Marvel,18555202,"{'explicit', 'explicit sexual content', 'fake/pretend relationship', 'canon-typical violence', 'sharing a bed'}"
Marvel,18486691,"{'underage sex', 'michelle jones is a good bro', 'implied/referenced child abuse', 'ned leeds is a good bro', 'teen and up audiences', ""tony stark acting as peter parker's parental figure"", 'female peter parker'}"
Marvel,18294062,"{'explicit', 'alternate universe - modern setting', 'gay bucky barnes', 'fluff and humor', 'post-serum steve rogers'}"
Marvel,16957653,"{'mature', 'alternate universe - no powers', 'slow burn', 'friends to lovers', 'sexual content'}"
Marvel,18235649,"{'tony stark has a heart', 'tony stark needs a hug', 'hurt tony', 'hurt/comfort', 'peter parker whump', 'not steve rogers friendly', 'tony feels', 'angst', 'angst with a happy ending', 'tony stark feels', 'tony stark does what he wants', 'parent tony stark', 'civil war team iron man', 'hurt tony stark', 'hurt peter', 'tony stark is a good bro', 'not steve friendly', 'post-captain america: civil war (movie)', 'fluff and angst', 'not team cap friendly', 'fluff', 'tony stark-centric', 'tony-centric', 'general audiences', 'irondad', 'not wanda maximoff friendly', 'post-traumatic stress disorder - ptsd', 'bamf tony stark', 'not a fix-it', ""tony stark acting as peter parker's parental figure""}"
Marvel,18551800,"{'mature', 'canon divergence - post-thor: ragnarok (2017)'}"
Marvel,18440129,"{'mature', 'developing relationship', 'first time'}"
Marvel,18071642,"{'teen and up audiences', 'fluff', 'irondad and spiderson', 'peter parker is a little shit', ""tony stark acting as peter parker's parental figure"", 'peter parker is a mess'}"
Marvel,17308499,"{'hurt/comfort', 'not rated', 'torture', 'angst', 'eventual happy ending', 'violence', 'aftermath of torture', 'self-harm', 'kidnapping', 'post-traumatic stress disorder - ptsd', 'whump'}"
Marvel,14272092,"{'explicit', 'eventual smut', 'intersex loki', 'loss of virginity', 'voyeurism', 'eventual romance', 'mpreg', 'dubious consent', 'slow burn', 'friends to lovers', ""tony stark acting as peter parker's parental figure""}"
Marvel,13465896,"{'drabble collection', 'teen and up audiences', 'drabble'}"
Marvel,18339482,"{'explicit', 'for science!', 'pining', 'praise kink', 'plot what plot/porn without plot', 'anal sex'}"
Marvel,18550138,"{'explicit', 'sibling incest', 'car sex', 'first time', 'anal sex', 'smut', 'possessive thor (marvel)', 'anal fingering', 'alternate universe - human'}"
Marvel,15937727,"{'tony stark has a heart', 'mature', 'slow burn', 'friends to lovers', 'natasha romanov is a good bro', 'pining', 'slow build'}"
Marvel,18554068,"{'tony stark has a heart', 'tony stark feels', 'general audiences', 'protective tony stark', 'post-serum steve rogers', 'steve rogers feels', 'hurt steve rogers', 'steve rogers needs a hug'}"
Marvel,18362432,"{'angst with a happy ending', 'my first ao3 post', 'how do i tag', 'teen and up audiences'}"
Marvel,17965916,"{'explicit', 'alternate universe - no powers', 'fantasy', 'fluff', 'light angst'}"
Marvel,18553846,"{'alternate universe', 'teen and up audiences', 'pre-slash'}"
Marvel,15999680,"{'post-captain america: civil war (movie)', 'not team cap friendly', 'civil war team iron man', 'hurt tony stark', 'teen and up audiences'}"
Marvel,18552022,{'explicit'}
Marvel,18554077,"{'angst with a happy ending', 'general audiences', 'fluff and angst', 'domestic fluff', 'emotional hurt/comfort'}"
Marvel,17556368,"{""howard stark's a+ parenting"", 'angst', 'bucky barnes needs a hug', 'alternate universe - college/university', 'mental health issues', 'gay bucky barnes', 'trans peter parker', 'fluff and angst', 'alternate universe - high school', 'fluff and humor', 'established relationship', 'general audiences', 'slow burn', 'post-traumatic stress disorder - ptsd', 'bisexual steve rogers'}"
Marvel,14920379,"{'avengers - freeform', 'mature', 'avengers: infinity war part 1 (movie)', 'friends to lovers', 'hurt/comfort', 'post-avengers: age of ultron (movie)', 'mild smut', 'post-captain america: the winter soldier', 'post-captain america: civil war (movie)', 'friendship/love'}"
Marvel,18120212,"{'alternate universe - no powers', 'dark tony stark', 'age regression/de-aging', 'not rated'}"
Marvel,18555079,"{'explicit', 'first time', 'polyamory'}"
Marvel,18559111,"{'hurt steve rogers', 'misunderstandings', 'pining', 'hurt/comfort', 'post-captain america: civil war (movie)', 'blood and injury', 'fluff and angst', 'mutual pining', 'teen and up audiences', 'angst and hurt/comfort'}"
Marvel,11840478,"{'multiple crossovers', 'teen and up audiences', 'adventure'}"
Marvel,18559081,"{'general audiences', 'fluff'}"
Marvel,18559042,{'explicit'}
Marvel,18559015,{'not rated'}
