fandom,id,tags
MS Paint Adventures,15656337,"{'alternate universe - arranged marriage', 'teen and up audiences', 'multiple crossovers', 'alternate universe - canon divergence'}"
MS Paint Adventures,18605602,"{'pesterlog(s) (homestuck)', 'teen and up audiences', 'domestic fluff', 'the homestuck epilogues', 'epilogue compliant', 'post-canon', 'fluff', 'canon compliant', 'past character death', 'slice of life'}"
MS Paint Adventures,18273584,"{'not rated', 'pov dave strider', 'established relationship', 'pov outsider', 'character death', 'pale romance | moirallegiance', 'not canon compliant', 'flushed romance | matesprits', 'pov karkat vantas', 'pov multiple', 'fluff', 'slow build', 'friendship', 'emotional manipulation', 'alternate universe - no sburb/sgrub sessions', 'torture', 'god tier', 'grief/mourning'}"
MS Paint Adventures,18168308,"{'teen and up audiences', 'tentabulges', 'homestuck - freeform', 'bulges and nooks', 'ships'}"
MS Paint Adventures,16188212,"{'mildly dubious consent', 'mature', 'alternate universe', 'light bondage', 'femdom'}"
MS Paint Adventures,11840478,"{'multiple crossovers', 'teen and up audiences', 'adventure'}"
MS Paint Adventures,16410167,"{'teen and up audiences', 'trans dirk strider', 'implied/referenced child abuse'}"
MS Paint Adventures,18625126,"{'teen and up audiences', 'humanstuck', 'fluff'}"
MS Paint Adventures,18617065,"{'trans male character', 'trans dirk strider', 'daddy kink', 'vaginal sex', 'trans character', 'explicit'}"
MS Paint Adventures,7601146,"{'other additional tags to be added', 'teen and up audiences', 'humanstuck', 'polyamory', 'nonbinary character', 'post-traumatic stress disorder - ptsd', 'nightmares', 'trans karkat vantas', 'trans character'}"
MS Paint Adventures,11273970,"{'polyamory', 'quadrant vacillation', 'mature', 'bulges and nooks', 'alternate universe'}"
MS Paint Adventures,18593194,{'mature'}
MS Paint Adventures,18458711,"{'anal fingering', 'blow jobs', 'age difference', 'anal sex', 'fluff', 'alternate universe - high school', 'first time', 'light dom/sub', 'explicit'}"
MS Paint Adventures,17860040,"{'dom/sub', 'sex toys', 'explicit', 'femdom', 'dubious consent', 'hermaphroditic trolls (homestuck)', 'bulges and nooks', 'size difference', 'xenophilia', 'tentabulges', 'unreliable narrator', 'alternate universe - no sburb/sgrub sessions', 'oviposition', 'impregnation', 'stockholm syndrome', 'mind control'}"
MS Paint Adventures,11003244,{'teen and up audiences'}
MS Paint Adventures,17685590,"{'mature', 'au'}"
MS Paint Adventures,6463003,"{'teen and up audiences', 'humanstuck', 'alternate universe - college/university'}"
MS Paint Adventures,18624457,"{'teen and up audiences', 'unhealthy coping mechanisms', 'implied sexual content', 'emotional hurt/comfort', 'hurt/comfort', 'alcohol'}"
MS Paint Adventures,18623620,"{'pesterlog(s) (homestuck)', 'hurt/comfort', 'fluff', 'general audiences'}"
MS Paint Adventures,17965508,"{'trolls (homestuck)', 'guns', 'blood and gore', 'porn with plot', 'quadrant vacillation', 'violence', 'smut', 'mature', 'fluff', 'plot twists', 'swearing', 'shameless smut', 'fluff and smut'}"
MS Paint Adventures,18467455,"{'not rated', 'alternate universe - canon divergence', 'isolation', 'other additional tags to be added', 'alternate universe - post-canon', 'alternate universe - human', 'religion', 'past child abuse', 'sexual content', 'humanstuck'}"
MS Paint Adventures,18621817,"{'teen and up audiences', 'kissing', 'love confessions', 'canon compliant', 'pov second person', 'fix-it'}"
MS Paint Adventures,18621325,"{'anal sex', 'smut', 'oral sex', 'explicit'}"
MS Paint Adventures,18581425,"{'not rated', 'fix-it', 'happy ending'}"
MS Paint Adventures,17693159,"{'teen and up audiences', 'fix-it', 'alternate universe - canon divergence'}"
MS Paint Adventures,18336590,"{'recreational drug use', 'humanstuck', 'family', 'mature', 'alternate universe - high school', 'happy ending', 'underage drinking'}"
MS Paint Adventures,6560161,"{'other additional tags to be added', 'past character death', 'explicit', 'oral sex'}"
MS Paint Adventures,16742854,"{'mature', 'alternate universe - canon divergence', 'sort of', 'canonical character death', 'time travel', 'pov second person', 'self-hatred', 'technically', 'not epilogue compliant'}"
MS Paint Adventures,18612844,"{'teen and up audiences', 'pale romance | moirallegiance', 'caliginous romance | kismesis', 'kissing', 'ashen romance | auspistice', 'canon-typical violence', 'flushed romance | matesprits'}"
MS Paint Adventures,16690192,"{'pale romance | moirallegiance', 'emotional hurt/comfort', 'character study', 'love', 'general audiences'}"
MS Paint Adventures,843631,{'general audiences'}
MS Paint Adventures,15765231,"{'dream bubbles', 'death', 'trans male character', 'blood', 'public sex', 'alcohol', 'oral sex', 'explicit'}"
MS Paint Adventures,16205447,"{'teen and up audiences', 'pining', 'miscommunication', 'implied relationships', 'romance', 'mutual pining', 'fluff', 'past child abuse', 'humanstuck', 'slow burn', 'implied/referenced child abuse'}"
MS Paint Adventures,18553591,"{'voyeurism', 'angst', 'kissing', 'alternate universe - no sburb session', 'sloppy makeouts', 'emotional manipulation', 'child abuse', 'sibling incest', 'explicit'}"
MS Paint Adventures,17494247,"{'teen and up audiences', 'canon-typical violence', 'alternate universe - human', 'alternate universe - fantasy'}"
MS Paint Adventures,16122767,"{'humanstuck', 'age difference', 'mature', 'slow burn', 'pov second person', 'past character death'}"
MS Paint Adventures,18541678,"{'teen and up audiences', 'violence', 'magic', 'murder', 'guns', 'boys in love', 'character death', 'gore', 'fluff', 'canon-typical violence', 'weird plot shit'}"
MS Paint Adventures,16626638,"{'other additional tags to be added', 'recreational drug use', 'self-esteem issues', 'mature', 'implied relationships', 'vomiting', 'post-sburb', 'self-hatred', 'past abuse', 'depression'}"
MS Paint Adventures,18446207,"{'homophobia', 'teen and up audiences', 'boys in love', 'alternate universe - no sburb session', 'canon-typical violence', 'sexual content', 'magic', 'weird plot shit', 'hospitals', 'grief/mourning'}"
MS Paint Adventures,18528418,"{'mature', 'grubs (homestuck)', 'homophobia', 'trolls (homestuck)', 'alternate universe - human/troll society (homestuck)', 'troll biology (homestuck)', 'other additional tags to be added', 'domestic fluff', 'quadrant confusion', 'culture shock', 'trolls on earth', 'blow jobs', 'cunnilingus', 'oviposition', 'troll anatomy', 'alternate universe - modern setting', 'homophobic language'}"
MS Paint Adventures,18523309,"{'pale romance | moirallegiance', 'quadrant vacillation', 'quadrant confusion', 'bulges and nooks', 'sloppy makeouts', 'angst', 'alcohol', 'flushed romance | matesprits', 'explicit'}"
MS Paint Adventures,18591463,"{'anal fingering', 'anal sex', 'trans female character', 'explicit', 'oral sex', 'dysphoria'}"
MS Paint Adventures,18586774,"{'epilogue compliant', 'post-canon', 'explicit', 'gender issues', 'pesterlog(s) (homestuck)', 'gender dysphoria', 'polyamory', 'dysphoria', 'xenophilia', 'tentabulges', 'the homestuck epilogues', 'polyamory negotiations', 'canon compliant'}"
MS Paint Adventures,18565030,"{'epilogue', 'dubious consent', 'the homestuck epilogues', 'teasing', 'post-canon', 'epilogue spoilers', 'incest', 'mind control', 'explicit'}"
MS Paint Adventures,16966377,"{'spanking', 'gags', 'bdsm', 'bulges and nooks', 'rope bondage', 'threesome - m/m/m', 'orgasm delay/denial', 'explicit'}"
MS Paint Adventures,18609094,"{'fluff', 'general audiences'}"
MS Paint Adventures,14016933,"{'alternate universe - modern with magic', 'teen and up audiences', 'alternate universe - post-canon', 'polyamory', 'pale romance | moirallegiance', 'caliginous romance | kismesis', 'fights', 'hemospectrum', 'reincarnation', 'mythology - freeform'}"
MS Paint Adventures,17806793,"{'teen and up audiences', 'gore', 'body horror', 'canon compliant'}"
MS Paint Adventures,17943932,"{'mature', 'slow burn'}"
MS Paint Adventures,18282623,"{'alternia', 'illustrated', 'general audiences'}"
MS Paint Adventures,16370405,{'teen and up audiences'}
MS Paint Adventures,18557605,"{'humanstuck', 'pining', 'mature', 'trans female character', 'au'}"
MS Paint Adventures,18557593,{'teen and up audiences'}
MS Paint Adventures,17376086,"{'mature', 'troll romance (homestuck)'}"
MS Paint Adventures,18442331,"{'intercrural sex', 'mature', 'crack treated seriously'}"
MS Paint Adventures,18604330,"{'teen and up audiences', 'suicidal thoughts', 'the homestuck epilogues', 'character study', 'regret'}"
MS Paint Adventures,18604282,"{'implied/referenced suicide', 'teen and up audiences', 'feelings jams', 'epilogue', 'post-canon', 'angst with a happy ending', 'past child abuse', 'angst', 'implied/referenced child abuse'}"
MS Paint Adventures,18009929,"{'crossover', 'mature', 'alternate universe - no sburb/sgrub sessions', 'canon-typical violence', 'horror', 'illustrations'}"
MS Paint Adventures,5295713,"{'post-traumatic stress disorder - ptsd', 'nightmares', 'anxiety', 'mature', 'implied/referenced self-harm', 'blood and gore', 'meteorstuck', 'suicidal thoughts', 'alternate universe - high school', 'child abuse', 'death', 'panic attacks', 'quadrant confusion', 'slow build', 'horror', 'underage drinking', 'retcon timeline', 'dream bubbles', 'self confidence issues', 'internalized homophobia', 'hurt/comfort', 'alternate universe - fantasy', 'self-hatred', 'depression', 'recovery'}"
MS Paint Adventures,18514153,"{'not rated', 'magic'}"
MS Paint Adventures,18507811,"{'trans male character', 'roommates', 'alternate universe - no sburb session', 'vampires', 'explicit'}"
MS Paint Adventures,18544282,"{'epilogue', 'the homestuck epilogues', 'unreliable narrator', 'mature', 'post-canon', 'epilogue spoilers', 'post-epilogue', 'illustrations'}"
MS Paint Adventures,18578377,"{'chucklevoodoos', 'nook eating', 'multiple orgasms', 'come inflation', 'established relationship', 'bulges and nooks', 'vaginal sex', 'mind control', 'oral sex', 'explicit'}"
MS Paint Adventures,18253463,{'general audiences'}
MS Paint Adventures,18451313,"{'teen and up audiences', 'pale romance | moirallegiance', ""additional warnings in author's note"", 'hurt/comfort', 'physical abuse', 'alternate universe', 'emotional/psychological abuse'}"
MS Paint Adventures,18414398,"{'teen and up audiences', 'humanstuck', 'fluff and humor', 'alternate universe - modern setting', 'vampires'}"
MS Paint Adventures,15502635,"{'other additional tags to be added', 'teen and up audiences', 'family fluff', 'earth c (homestuck)', 'family feels', 'slice of life'}"
MS Paint Adventures,18552109,"{'teen and up audiences', 'fluff', 'worldbuilding', 'character development'}"
MS Paint Adventures,18426453,"{'pesterlog(s) (homestuck)', 'teen and up audiences', 'alternate universe - no sburb session', 'alternate universe - no sburb/sgrub sessions', 'alternate universe - human/troll society (homestuck)'}"
MS Paint Adventures,14834555,"{'minor injuries', 'abuse', 'teen and up audiences', 'alternate universe - no sburb session', 'alternate universe - college/university', 'alternate universe - modern setting', 'slow burn', 'past child abuse'}"
MS Paint Adventures,18503944,"{'teen and up audiences', 'time shenanigans'}"
MS Paint Adventures,4968520,{'mature'}
MS Paint Adventures,9817274,"{'implied/referenced rape/non-con', 'teen and up audiences', 'humanstuck', 'pale romance | moirallegiance', 'self-harm', 'caliginous romance | kismesis', 'ashen romance | auspistice', 'past sexual abuse', 'flushed romance | matesprits'}"
MS Paint Adventures,14810825,"{'not rated', 'au'}"
MS Paint Adventures,18491509,"{'other additional tags to be added', 'teen and up audiences', 'humanstuck', 'alternate universe - human', 'post-traumatic stress disorder - ptsd', 'post-canon', 'canon-typical violence', 'alternate universe', 'pov second person', 'pov outsider', 'not beta read', 'swearing'}"
MS Paint Adventures,18587707,"{'watersports', 'explicit'}"
MS Paint Adventures,16796305,"{'not rated', 'alternate universe - modern with magic', ""abusive dave's bro | beta dirk strider"", 'nightmares'}"
MS Paint Adventures,18450428,"{'pale romance | moirallegiance', 'kidnapping', 'mature', 'stockholm syndrome'}"
MS Paint Adventures,17999027,"{'mature', 'magic', 'alternate universe - medieval', 'sort of', 'illustrated'}"
MS Paint Adventures,18583732,"{'epilogue', 'teen and up audiences'}"
MS Paint Adventures,18581977,"{'alpha/beta/omega dynamics', 'angst with a happy ending', 'light dom/sub', 'incest', 'explicit'}"
MS Paint Adventures,18576772,"{'epilogue compliant', 'mature', 'mind control', 'post-epilogue'}"
MS Paint Adventures,15956318,"{'humanstuck', 'mutual pining', 'mature', 'fluff', 'alternate universe - high school', 'slowburn', 'angst'}"
MS Paint Adventures,18578128,"{'earth c (homestuck)', 'fluff', 'purring trolls (homestuck)', 'pale-red vacillation', 'general audiences'}"
MS Paint Adventures,16886442,"{'pesterlog(s) (homestuck)', 'teen and up audiences', 'humanstuck', 'family fluff', 'family drama', 'family feels'}"
MS Paint Adventures,18582451,"{'post-canon', 'epilogue', 'mature'}"
MS Paint Adventures,16367666,"{'teen and up audiences', 'post-sburb/sgrub', 'sexual tension', 'character death', 'hemospectrum', 'rating may change', 'alternia', 'eventual romance', 'plot twists', 'slowburn'}"
MS Paint Adventures,18581215,"{'alternate universe - no sgrub session', 'ass play', 'sex toys', 'transformation', 'explicit'}"
MS Paint Adventures,266683,"{'violence', 'mature', 'drug use', 'blood', 'dreambubbles', 'character death', 'physical abuse', 'gore', 'au'}"
MS Paint Adventures,18377921,"{'teen and up audiences', 'aphrodisiacs', 'reader insert', 'roommates', 'friends to lovers', 'fluff', 'troll romance (homestuck)'}"
MS Paint Adventures,16578569,{'teen and up audiences'}
MS Paint Adventures,15270918,"{'teen and up audiences', 'unhealthy coping mechanisms', 'post-traumatic stress disorder - ptsd', 'not epilogue compliant', 'post-canon', 'earth c (homestuck)', 'pov outsider', 'gender dysphoria', 'panic attacks', 'depression', 'implied/referenced child abuse', 'recovery'}"
MS Paint Adventures,17269658,"{'angst', 'smut', 'explicit'}"
MS Paint Adventures,10734315,"{'not rated', 'pale romance | moirallegiance'}"
MS Paint Adventures,12804582,"{'plot what plot/porn without plot', 'mature', 'orgy'}"
MS Paint Adventures,17499113,"{'teen and up audiences', 'god tier', 'angst', 'ooc', 'incest'}"
MS Paint Adventures,16031783,"{'teen and up audiences', 'torture', 'pale romance | moirallegiance', 'quadrant vacillation', 'canon-typical violence', 'mind control'}"
MS Paint Adventures,18572614,"{'not rated', 'crossover'}"
MS Paint Adventures,18572269,"{'not rated', 'demonstuck'}"
MS Paint Adventures,18539668,"{'teen and up audiences', 'tags are hard', 'suicidal thoughts', 'pining', 'tags may change', 'family feels', 'somewhat', 'other additional tags to be added', 'misunderstandings', 'domestic fluff', 'humanstuck', 'alternate universe - no sburb/sgrub sessions', 'alternate universe - modern setting', 'fluff and humor'}"
MS Paint Adventures,18567286,"{'breathplay', 'alternate universe - no sgrub session', 'caliginous romance | kismesis', 'alternate universe - canon divergence', 'oral sex', 'explicit'}"
MS Paint Adventures,11470704,"{'post-traumatic stress disorder - ptsd', 'mature', 'alternate universe - canon divergence', 'post-sburb/sgrub', 'trolls (homestuck)', 'self-harm', 'ashen romance | auspistice', 'sibling incest', 'flushed romance | matesprits', 'pale romance | moirallegiance', 'time shenanigans', 'humanstuck', 'caliginous romance | kismesis'}"
MS Paint Adventures,18448808,"{'mommy kink', 'praise kink', 'explicit', 'polyamory', 'pale romance | moirallegiance', 'pov multiple', 'feelings jams', 'quadrant vacillation', 'quadrant confusion', 'kink negotiation', 'spanking', 'fingering', 'bdsm', 'daddy kink', 'femdom'}"
MS Paint Adventures,16981875,{'teen and up audiences'}
MS Paint Adventures,18571222,"{'teen and up audiences', 'no beta we die like men', 'fluff', 'humor', 'not epilogue compliant'}"
MS Paint Adventures,18299936,"{'mature', 'fluff'}"
MS Paint Adventures,7281616,"{'retcon timeline', 'blood and gore', 'body horror', 'mature', 'vomiting', 'past character death', 'meteorstuck'}"
MS Paint Adventures,18566680,"{'teen and up audiences', 'friendship', 'fluff'}"
MS Paint Adventures,15717201,"{'pov dave strider', 'camping', 'recreational drug use', 'polyamory', 'mature', 'past abuse', 'road trips', 'enemies to friends to lovers', 'trolls on earth', 'pov karkat vantas'}"
MS Paint Adventures,18145775,"{'teen and up audiences', 'hurt/comfort'}"
MS Paint Adventures,18564253,"{'sex toys', 'mature'}"
MS Paint Adventures,18563803,"{'spanking', 'come inflation', 'bdsm', 'explicit', 'crying', 'light bdsm', 'xenophilia'}"
MS Paint Adventures,18561943,"{'threesome - f/m/m', 'xeno', 'epilogue', 'mutual pining', 'dubious consent', 'earth c (homestuck)', 'explicit'}"
MS Paint Adventures,18562384,{'not rated'}
MS Paint Adventures,5922703,"{'other additional tags to be added', 'teen and up audiences', 'explicit language'}"
MS Paint Adventures,18561844,"{'multiple orgasms', 'explicit', 'alternate universe', 'pesterlog(s) (homestuck)', 'rimming', 'bulges and nooks', 'breathplay', 'blow jobs', 'spanking', 'alpha/beta/omega dynamics', 'biting', 'plot what plot/porn without plot', 'femdom'}"
MS Paint Adventures,18561136,{'teen and up audiences'}
MS Paint Adventures,18559696,"{'teen and up audiences', 'the homestuck epilogues', 'crack'}"
MS Paint Adventures,18552778,"{'prompt fic', 'explicit'}"
MS Paint Adventures,18554149,"{'teen and up audiences', 'the homestuck epilogues', 'earth c (homestuck)', 'hurt/comfort', 'fluff', 'love confessions', 'regret'}"
MS Paint Adventures,18430649,"{'not rated', 'blood', 'hiveswap: friendsim', 'i think', 'reader-insert', 'fluff'}"
MS Paint Adventures,18322601,"{'teen and up audiences', 'post-traumatic stress disorder - ptsd', 'denial', 'alternate universe - no sburb session', 'past child abuse', 'angst'}"
MS Paint Adventures,15465636,"{'teen and up audiences', 'ptsd', 'anxiety', 'alternate universe - soulmates', 'karkat swearing', 'panic attacks', 'self harm', 'humanstuck', 'depression'}"
MS Paint Adventures,18555154,"{'not rated', 'oviposition', 'xenophilia'}"
MS Paint Adventures,18554683,"{'teen and up audiences', 'homestuck - freeform', 'the homestuck epilogues'}"
MS Paint Adventures,18341126,"{'blood', 'smut', 'fluff', 'angst', 'explicit'}"
MS Paint Adventures,18530842,"{'humanstuck', 'alternate universe - medieval', 'alternate universe - human', 'mature', 'alternate universe - royalty'}"
MS Paint Adventures,12528440,"{'humanstuck', 'homestuck - freeform', 'alternate universe - medieval', 'homestuck au', 'general audiences'}"
MS Paint Adventures,18553390,"{'arranged marriage', 'mature'}"
MS Paint Adventures,18485101,"{'extremely dubious consent', 'mature'}"
MS Paint Adventures,10615464,"{'implied/referenced rape/non-con', 'teen and up audiences', 'self-esteem issues', 'suicidal ideation', 'panic attacks', 'vomiting', 'self-hatred', 'not canon compliant', 'implied/referenced child abuse'}"
MS Paint Adventures,6234214,"{'teen and up audiences', 'reader insert', 'adventure', 'pale romance | moirallegiance', 'caliginous romance | kismesis', 'ashen romance | auspistice', 'flushed romance | matesprits'}"
MS Paint Adventures,18511522,"{'drug use', 'age difference', 'suicidal ideation', 'implied/referenced child abuse', 'explicit'}"
MS Paint Adventures,18551659,"{'not rated', 'internalized homophobia', 'depression'}"
MS Paint Adventures,18551155,"{'epilogue', 'mature', 'incest'}"
MS Paint Adventures,1318744,"{'teen and up audiences', 'fluff and angst', 'emotional hurt/comfort', 'slow burn', 'eventual happy ending'}"
MS Paint Adventures,12525964,"{'teen and up audiences', 'death', 'humanstuck', 'unrequited love', 'blood', 'friendship', 'mystery', 'alternate universe - human/troll society (homestuck)', 'love', 'murder'}"
MS Paint Adventures,18547816,"{'teen and up audiences', 'pesterlogs', 'gender issues', 'dialogue heavy', 'alternate universe - canon divergence'}"
MS Paint Adventures,18493432,{'not rated'}
MS Paint Adventures,14413821,"{'not rated', 'violence', 'torture', 'implied/referenced rape/non-con', 'blood', 'suicidal thoughts', 'ooc', 'family feels', 'alternate universe - post-canon', 'alternate universe - human', 'post-sburb', 'family', 'sadstuck', 'angst'}"
MS Paint Adventures,16078475,"{'humanstuck', 'pov multiple', 'self-harm', 'mature', 'alternate universe - fantasy', 'slow burn'}"
MS Paint Adventures,17266841,"{'teen and up audiences', 'humanstuck'}"
MS Paint Adventures,18539167,{'teen and up audiences'}
MS Paint Adventures,18545716,"{'explicit', 'epilogue spoilers', 'incest', 'post-epilogue'}"
MS Paint Adventures,18522391,"{'teen and up audiences', 'no beta we die like men'}"
MS Paint Adventures,18516607,"{'teen and up audiences', 'humanstuck', 'trans male character', 'alternate universe - human', 'au', 'fluff', 'fluff and humor', 'trans karkat vantas', 'angst', 'implied/referenced child abuse'}"
MS Paint Adventures,18067013,"{'pesterlog(s) (homestuck)', 'chatlogs', 'slowburn', 'general audiences'}"
MS Paint Adventures,18544996,{'teen and up audiences'}
MS Paint Adventures,18542911,"{'teen and up audiences', 'humanstuck', 'camping', 'fluff', 'established relationship'}"
MS Paint Adventures,18542188,"{'teen and up audiences', 'meteorstuck', 'pining', 'mutual pining', 'fighting', 'fluff', 'hurt/comfort', 'technically', 'angst'}"
MS Paint Adventures,15329187,"{'pesterlog(s) (homestuck)', 'other additional tags to be added', 'panic attacks', 'mature', 'established relationship', 'family drama', 'tags may change', 'past child abuse'}"
MS Paint Adventures,18201554,"{'ptsd', 'mystery', 'mature', 'depression', 'davekat - freeform', 'minor character death', 'rosemary', 'post-sburb/sgrub'}"
MS Paint Adventures,17510063,"{'teen and up audiences', 'kidnapping', 'sexual content'}"
MS Paint Adventures,18537676,"{'implied/referenced rape/non-con', 'bdsm', 'mature'}"
MS Paint Adventures,18537367,{'mature'}
MS Paint Adventures,18526648,{'general audiences'}
MS Paint Adventures,18533413,"{'teen and up audiences', 'alternate universe - dystopia', 'pale romance | moirallegiance', 'violence', 'worldbuilding'}"
MS Paint Adventures,17745284,"{'not rated', 'post-traumatic stress disorder - ptsd', 'depression', 'angst with a happy ending', 'child abuse', 'albino dave strider', 'humanstuck', 'internalized homophobia', 'hurt/comfort', 'slow burn', 'angst', 'homophobic language'}"
MS Paint Adventures,8868388,"{'unreliable narrator', 'crack treated seriously', 'general audiences'}"
MS Paint Adventures,18428552,"{'implied/referenced suicide', ""additional warnings in author's note"", 'blood and gore', 'body horror', 'canonical character death', 'earth c (homestuck)', 'mature', 'past child abuse'}"
MS Paint Adventures,18509773,"{'teen and up audiences', 'coming out'}"
MS Paint Adventures,18529744,"{'xeno', 'tentabulges', 'mature', 'troll anatomy', 'first time', 'xenophilia'}"
MS Paint Adventures,14947196,"{'teen and up audiences', 'friendship', 'unreliable narrator', 'mystery', 'alternate universe - no sburb session'}"
MS Paint Adventures,18191201,"{'teen and up audiences', 'slow burn', 'alternate universe - canon divergence', 'alcohol', 'explicit language'}"
MS Paint Adventures,18367370,"{'alternate universe - canon divergence', 'general audiences'}"
MS Paint Adventures,18524551,"{'pov multiple', 'earth c (homestuck)', 'pov second person', 'general audiences'}"
MS Paint Adventures,18523675,"{'sibling incest', 'teen and up audiences', 'somnophilia', 'incest'}"
MS Paint Adventures,18453887,"{'teen and up audiences', 'alternate universe'}"
MS Paint Adventures,838167,"{'teen and up audiences', 'humanstuck'}"
MS Paint Adventures,17126987,"{'chatlogs', 'alternate universe - human', 'mature', 'alternate universe - modern setting', 'temporary character death', 'sburb'}"
MS Paint Adventures,17134073,"{'pov second person', 'mature'}"
MS Paint Adventures,18054620,"{'giant/tiny', 'oral', 'mature'}"
MS Paint Adventures,15771036,"{'alternate universe - arranged marriage', 'post-traumatic stress disorder - ptsd', 'violence', 'mature', 'implied/referenced rape/non-con', 'blood', 'suicidal thoughts', 'suicidal ideation', 'kind of', 'alternate universe', 'sloppy makeouts', 'sex', 'emetophobia', 'oral sex', 'death', 'implied/referenced sex', 'pov alternating', 'xenophilia', 'arranged marriage', 'mental health issues', 'slow burn', 'implied/referenced child abuse'}"
MS Paint Adventures,18517870,"{'vaginal sex', 'oral sex', 'explicit'}"
MS Paint Adventures,18496489,"{'fluff', 'explicit'}"
MS Paint Adventures,18512917,"{'smut', 'explicit sexual content', 'sexual tension', 'hand jobs', 'explicit'}"
MS Paint Adventures,16278824,"{'mature', 'mutual masturbation', 'oral'}"
MS Paint Adventures,17356910,{'general audiences'}
MS Paint Adventures,15933836,"{'minor injuries', 'humanstuck', 'kidnapping', 'alternate universe - gods & goddesses', 'reincarnation', 'explicit'}"
MS Paint Adventures,18507877,"{'teen and up audiences', 'canon-typical violence'}"
MS Paint Adventures,17376227,"{'not rated', 'implied/referenced child abuse'}"
MS Paint Adventures,18502957,"{'isolation', 'unhealthy coping mechanisms', 'internalized homophobia', 'implied relationships', 'kind of', 'happy ending', 'pesterlogs', 'past child abuse', 'implied/referenced child abuse', 'general audiences'}"
MS Paint Adventures,18500356,"{'pesterlogs', 'coming out', 'meteorstuck', 'general audiences'}"
MS Paint Adventures,13792764,"{'teen and up audiences', 'adventure', 'crossover', 'sburb'}"
MS Paint Adventures,18177617,"{'teen and up audiences', 'gore', 'blood', 'homestuck - freeform', 'au', 'alternate universe', 'ships'}"
MS Paint Adventures,18498223,"{'bdsm', 'dubious consent', 'begging', 'emotional manipulation', 'vore', 'explicit'}"
MS Paint Adventures,7286854,"{'not rated', 'masturbation', 'ass play', 'sex'}"
MS Paint Adventures,18490669,"{'oral sex', 'meteorstuck', 'explicit'}"
MS Paint Adventures,14289270,{'general audiences'}
MS Paint Adventures,14289033,{'general audiences'}
MS Paint Adventures,18488947,"{'not rated', 'pesterlogs', 'demonstuck'}"
MS Paint Adventures,18488938,"{'not rated', 'demonstuck'}"
MS Paint Adventures,1827700,"{'teen and up audiences', 'alternate universe - no sburb/sgrub sessions'}"
MS Paint Adventures,16008194,"{'not rated', 'kissing', 'blood', 'sloppy makeouts'}"
MS Paint Adventures,18459344,"{'retcon timeline', 'internalized homophobia', 'hemospectrum', 'pov alternating', 'quadrant vacillation', 'friends to lovers', 'mature', 'quadrant confusion', 'canon compliant', 'canon-typical violence', 'pov second person', 'underage drinking', 'karkat swearing', 'meteorstuck'}"
MS Paint Adventures,15790458,"{'teasing', 'power dynamics', 'sex toys', 'explicit'}"
MS Paint Adventures,17176265,"{'teen and up audiences', 'angst'}"
MS Paint Adventures,2127438,"{'mature', 'incest', 'homestuck au', 'sibling incest'}"
MS Paint Adventures,18420729,"{'alternate universe - dystopia', 'mature', 'sex work'}"
MS Paint Adventures,1128510,"{'teen and up audiences', 'romance', 'self-harm', 'blood', 'violence'}"
MS Paint Adventures,12215628,"{'teen and up audiences', 'alternate universe - no sburb session', 'canon-typical violence'}"
MS Paint Adventures,18481162,"{'vaginal sex', 'explicit', 'oral sex', 'first time'}"
MS Paint Adventures,18480055,"{'teen and up audiences', 'post-traumatic stress disorder - ptsd', 'earth c (homestuck)', 'post-canon'}"
MS Paint Adventures,18447935,"{'aphrodisiacs', 'multiple orgasms', 'overstimulation', 'mommy kink', 'praise kink', 'orgasm delay/denial', 'explicit', 'trans male character', 'anal sex', 'light bondage', 'other additional tags to be added', ""additional warnings in author's note"", 'consensual kink', 'trans female character', 'bulges and nooks', 'watersports', 'kink negotiation', 'masturbation', 'breeding', 'drugs', 'plot what plot/porn without plot', 'fluff and smut', 'femdom'}"
MS Paint Adventures,18479629,"{'teen and up audiences', 'caliginous romance | kismesis', 'quadrant vacillation', 'quadrant confusion', 'ashen romance | auspistice', 'flushed romance | matesprits', 'pale-red vacillation'}"
MS Paint Adventures,15925634,"{'dubious consent', 'mature', 'hurt/comfort', 'bulges and nooks', 'angst', 'sober gamzee makara'}"
MS Paint Adventures,16056416,"{'religion', 'earth c (homestuck)', 'mythology - freeform', 'worldbuilding', 'general audiences'}"
MS Paint Adventures,17754512,"{'dream bubbles', 'teen and up audiences', 'reader-insert'}"
MS Paint Adventures,17562209,"{'teen and up audiences', 'pale romance | moirallegiance', 'flirting', 'caliginous romance | kismesis', 'ghosts', 'time shenanigans', 'angst'}"
MS Paint Adventures,16085558,{'general audiences'}
MS Paint Adventures,10617183,"{'teen and up audiences', 'post-traumatic stress disorder - ptsd', 'hurt/comfort', 'post-canon', 'humor', 'slow burn', 'happy ending'}"
MS Paint Adventures,18470836,"{'fingering', 'drug use', 'overstimulation', 'bulges and nooks', 'explicit'}"
MS Paint Adventures,17479208,"{'drug use', 'pale romance | moirallegiance', 'mental health issues', 'caliginous romance | kismesis', 'panic attacks', 'emotional hurt/comfort', 'mature', 'hurt/comfort', 'alternate universe - college/university', 'implied/referenced child abuse', 'alcohol abuse/alcoholism'}"
MS Paint Adventures,14795900,"{'slurs', 'mature', 'alcohol', 'physical abuse', 'other additional tags to be added', 'bulges and nooks', 'rape/non-con elements', 'masturbation', 'femdom'}"
MS Paint Adventures,13507581,"{'abuse', 'humanstuck', 'fights', 'mature', 'alternate universe - high school', 'emotional/psychological abuse', 'implied/referenced child abuse', 'sober gamzee makara'}"
MS Paint Adventures,18474838,"{'pesterlog(s) (homestuck)', 'gender dysphoria', 'trans female character', 'gender issues', 'trans character', 'general audiences'}"
MS Paint Adventures,6846523,"{'alternate universe', 'general audiences'}"
MS Paint Adventures,18472969,"{'fluff and angst', 'hurt/comfort', 'depression', 'angst with a happy ending', 'angst', 'recovery', 'explicit'}"
MS Paint Adventures,18472780,"{'teen and up audiences', 'the homestuck epilogues', 'vomiting', 'canon compliant'}"
MS Paint Adventures,18472333,"{'blow jobs', 'anal sex', 'vaginal sex', 'bulges and nooks', 'plot what plot/porn without plot', 'oral sex', 'explicit'}"
MS Paint Adventures,18472276,"{'death', 'nightmares', 'i wrote this instead of sleeping', 'emotional hurt/comfort', 'fluff', 'character death', 'sober gamzee makara', 'general audiences'}"
MS Paint Adventures,15197786,"{'alternate universe - medieval', 'friends to lovers', 'alternate universe - fantasy', 'alternate universe - royalty', 'general audiences'}"
MS Paint Adventures,9375545,"{'other additional tags to be added', 'homophobia', 'humanstuck', 'abuse', 'mature', 'slow build', 'fluff', 'alternate universe - college/university', 'alternate universe - high school', 'angst', 'homophobic language'}"
MS Paint Adventures,18465838,"{'dreambubbles', 'post-canon', 'depression', 'general audiences'}"
MS Paint Adventures,17974712,{'mature'}
MS Paint Adventures,18459779,"{'teen and up audiences', 'canon compliant', 'meteorstuck'}"
MS Paint Adventures,18158612,"{'teen and up audiences', 'humanstuck', 'enemies to lovers', 'trans male character', 'nonbinary character', 'friends to lovers', 'enemies to friends to lovers'}"
MS Paint Adventures,15796959,"{'teen and up audiences', 'alternate universe - high school'}"
MS Paint Adventures,8514319,"{'pesterlog', 'teen and up audiences', 'swearing'}"
MS Paint Adventures,16905348,"{'spanking', 'trans dave strider', 'anal sex', 'falling in love', 'alternate universe - no sburb session', 'slow burn', 'oral sex', 'explicit'}"
MS Paint Adventures,16841026,"{'teen and up audiences', 'sadstuck', 'aged-up character(s)'}"
MS Paint Adventures,18457706,{'general audiences'}
MS Paint Adventures,18457079,{'teen and up audiences'}
MS Paint Adventures,6931324,"{'pesterlog', 'mature', 'quadrant confusion', 'time shenanigans', 'dream bubbles', 'sadstuck', 'unreliable narrator', 'dream bubble sex (homestuck)'}"
MS Paint Adventures,2480852,"{'teen and up audiences', 'crossover', 'canon-typical violence', 'explicit language'}"
MS Paint Adventures,18459746,"{'sadstuck', 'anxiety', 'general audiences'}"
MS Paint Adventures,18459137,"{'pesterlog(s) (homestuck)', 'xeno', 'pale romance | moirallegiance', 'caliginous romance | kismesis', 'plot what plot/porn without plot', 'praise kink', 'consensual kink', 'alternate universe - no sburb/sgrub sessions', 'bulges and nooks', 'explicit'}"
MS Paint Adventures,16502417,"{'teen and up audiences', 'multiple crossovers', 'canon-typical violence', 'crack treated seriously', 'rating may change', 'explicit language'}"
MS Paint Adventures,16161257,"{'ptsd', 'age difference', 'body horror', 'mental health issues', 'suicidal thoughts', 'hurt/comfort', 'explicit sexual content', 'recovery', 'flushed romance | matesprits', 'explicit'}"
MS Paint Adventures,10614372,"{'teen and up audiences', 'drug use', 'friendship', 'panic attacks', 'hurt/comfort', 'humor', 'child abuse', 'dialogue heavy', 'illustrated'}"
MS Paint Adventures,11054289,"{'isolation', 'pesterlog', 'teen and up audiences', 'depression', 'post-sburb/sgrub'}"
MS Paint Adventures,5718895,{'teen and up audiences'}
MS Paint Adventures,18454592,"{'dirty talk', 'explicit', 'threesome - f/m/m', 'psionics', 'earth c (homestuck)', 'ashen romance | auspistice', 'caliginous-flushed vacillation', 'oral sex', 'illustrated', 'xeno', 'nook eating', 'quadrant vacillation', 'bulges and nooks', 'pale-red vacillation', 'power dynamics'}"
MS Paint Adventures,17363357,"{'explicit', 'anal sex', 'sibling incest', 'oral sex', 'jealousy', 'character development', 'masturbation', 'angst'}"
MS Paint Adventures,18454439,{'teen and up audiences'}
MS Paint Adventures,18454388,"{'caliginous romance | kismesis', 'power imbalance', 'begging', 'size difference', 'fear', 'explicit'}"
MS Paint Adventures,18273590,"{'minor injuries', 'self confidence issues', 'flirting', 'power imbalance', 'power dynamics', 'mature', 'rough kissing'}"
MS Paint Adventures,17784692,"{'teen and up audiences', 'humanstuck', 'pale romance | moirallegiance', 'caliginous romance | kismesis', 'ashen romance | auspistice', 'flushed romance | matesprits'}"
MS Paint Adventures,6206650,"{'teen and up audiences', 'family', 'underage drinking', 'self-hatred', 'alternate universe - canon divergence', 'alcohol abuse/alcoholism', 'post-sburb/sgrub'}"
MS Paint Adventures,15450264,"{'au', 'alternate universe - human/troll society (homestuck)', 'grubs (homestuck)', 'homestuck au', 'general audiences'}"
MS Paint Adventures,18453029,"{'vaginal fingering', 'dream bubble sex (homestuck)', 'cunnilingus', 'vaginal sex', 'explicit'}"
MS Paint Adventures,18452612,"{'fetish', 'smut', 'explicit', 'shameless smut', 'vore'}"
MS Paint Adventures,18422340,"{'sadstuck', 'extremely dubious consent', 'mature'}"
MS Paint Adventures,17086178,"{'teen and up audiences', 'slow burn'}"
MS Paint Adventures,18451880,{'not rated'}
MS Paint Adventures,13584549,"{'mature', 'rape/non-con elements', 'incest'}"
MS Paint Adventures,13904463,"{'teen and up audiences', 'post-canon', 'earth c (homestuck)', 'humor', 'romance', 'domestic fluff', 'quadrant vacillation', 'fluff', 'light angst'}"
MS Paint Adventures,11228046,"{'other additional tags to be added', 'aphrodisiacs', 'alternate universe - college/university', 'sex', 'explicit'}"
MS Paint Adventures,16003940,"{'alternate universe - arranged marriage', 'teen and up audiences', 'homophobia', 'alternate universe - human/troll society (homestuck)', 'enemies to friends to lovers', 'arranged marriage', 'internalized homophobia', 'slow burn', 'implied/referenced child abuse'}"
MS Paint Adventures,18450653,"{'teen and up audiences', 'caliginous romance | kismesis', 'post-canon', 'pov second person'}"
MS Paint Adventures,15825831,"{'alternate universe - college/university', 'magic', 'hand jobs', 'explicit', 'mutual masturbation', 'other additional tags to be added', 'alternate universe - magic', 'humanstuck', 'masturbation'}"
MS Paint Adventures,18450116,{'general audiences'}
MS Paint Adventures,15170786,"{'teen and up audiences', 'alternate universe - magic'}"
MS Paint Adventures,15405945,"{'teen and up audiences', 'mutual pining', 'mental health issues', 'alternate universe - human', 'anxiety', 'fluff'}"
MS Paint Adventures,18026234,"{'teen and up audiences', 'how do i tag', 'post-canon', 'tags are hard', 'self-harm', 'fluff and angst', 'davekat - freeform', 'angst with a happy ending', 'bullying', 'other additional tags to be added', 'i wrote this instead of sleeping', 'fluff', 'happy ending', 'gay', 'sadstuck', 'angst'}"
MS Paint Adventures,13663611,"{'not rated', 'slurs', 'humanstuck', 'blood', 'alternate universe - human', 'pining', 'slow build', 'slow burn', 'underage drinking', 'horror', 'jealousy', 'murder'}"
MS Paint Adventures,17453129,"{'teen and up audiences', 'blood', 'ooc', 'character death'}"
MS Paint Adventures,12624540,"{'not rated', 'violence', 'alternate universe - canon divergence', 'kind of', 'ashen romance | auspistice', 'death', 'pale romance | moirallegiance', 'caliginous romance | kismesis', 'flushed romance | matesprits'}"
MS Paint Adventures,18446663,"{'fluff', 'post-canon', 'general audiences'}"
MS Paint Adventures,16536539,{'teen and up audiences'}
MS Paint Adventures,12511164,"{'breathplay', 'xeno', 'overstimulation', 'happy ending', 'biting', 'light bondage', 'oral', 'explicit'}"
MS Paint Adventures,7022503,"{'other additional tags to be added', 'teen and up audiences', 'friends to lovers', 'slow burn'}"
MS Paint Adventures,18459272,"{'light angst', 'fluff', 'post-sburb', 'post-sburb/sgrub', 'general audiences'}"
MS Paint Adventures,18367112,"{'explicit', 'body horror', 'anal sex', 'horror', 'happy ending', 'orgy', 'somnophilia', 'rape', 'vaginal sex', 'vomiting', 'mind control', 'gags'}"
MS Paint Adventures,16693111,"{'not rated', 'hiveswap: friendsim', 'friends to lovers', 'slow burn'}"
MS Paint Adventures,18449906,"{'sadstuck', 'earth c (homestuck)', 'general audiences'}"
MS Paint Adventures,17732273,"{'alternate universe - modern with magic', 'alternate universe - magic', 'explicit'}"
MS Paint Adventures,16816378,"{'teen and up audiences', 'grubs (homestuck)', 'chucklevoodoos', 'temporary character death', 'other additional tags to be added', 'no beta we die like men', 'unreliable narrator', 'polyamory negotiations', 'troll gills (homestuck)', 'sober gamzee makara'}"
MS Paint Adventures,18449480,"{'explicit', 'oral sex', 'vaginal fingering'}"
MS Paint Adventures,17519168,"{'pesterlog(s) (homestuck)', 'teen and up audiences'}"
MS Paint Adventures,18449096,"{'enemies to friends to lovers', 'mature', 'implied/referenced child abuse'}"
MS Paint Adventures,15187064,"{'not rated', 'first kiss', 'kissing', 'alternate universe - canon divergence', 'isolation', 'suicidal thoughts', 'miscommunication', 'depression', 'pale romance | moirallegiance', 'quadrant vacillation', 'angst', 'quadrant confusion', 'blow jobs', 'caliginous romance | kismesis', 'mental health issues', 'regret', 'fear', 'flushed romance | matesprits', 'first time'}"
MS Paint Adventures,18448235,"{'teen and up audiences', 'romance', 'earth c (homestuck)', 'post-canon', 'humor', 'minor character death', 'post-sburb/sgrub'}"
MS Paint Adventures,18448121,"{'multiple orgasms', 'overstimulation', 'begging', 'sex toys', 'alternate universe - canon divergence', 'explicit', 'threesome - f/m/m', 'teasing', 'voyeurism', 'illustrations', 'bulges and nooks', 'spanking', 'fingering', 'masturbation', 'gags'}"
MS Paint Adventures,12365817,"{'post-traumatic stress disorder - ptsd', 'mature', 'mythology - freeform', 'magic', 'alternate universe - canon divergence', 'post-sburb/sgrub', 'troll culture (homestuck)', 'god tier', 'fluff and angst', 'ashen romance | auspistice', 'temporary character death', 'troll biology (homestuck)', 'albino dave strider', 'other additional tags to be added', 'pale romance | moirallegiance', 'i wrote this instead of sleeping', 'panic attacks', 'hermaphroditic trolls (homestuck)', 'swearing', 'past child abuse', 'trolls on earth', 'caliginous romance | kismesis', 'background relationships', 'plot twists', 'pov second person', 'purring trolls (homestuck)', 'flushed romance | matesprits'}"
MS Paint Adventures,16985634,"{'not rated', 'implied/referenced suicide', 'alternate universe - dystopia', 'internalized homophobia', 'canon-typical violence', 'alternate universe', 'past child abuse'}"
MS Paint Adventures,18441407,"{'pov dave strider', 'teen and up audiences', 'humanstuck', 'implied/referenced suicide', 'trans dave strider', 'mental health issues', 'alternate universe - modern setting', 'trans karkat vantas'}"
MS Paint Adventures,18447647,"{'nook eating', 'caliginous romance | kismesis', 'intercrural sex', 'bulges and nooks', 'oral sex', 'sex', 'femdom', 'explicit'}"
MS Paint Adventures,15311727,"{'teen and up audiences', 'pale romance | moirallegiance', 'slow burn'}"
MS Paint Adventures,18447278,"{'trickster mode (homestuck)', 'aphrodisiacs', 'trans male character', 'come inflation', 'dubious consent', 'breeding', 'dirty talk', 'explicit', 'vaginal sex', 'canon-typical violence'}"
MS Paint Adventures,14309859,"{'teen and up audiences', 'alternate universe - human/troll society (homestuck)', 'rosemary'}"
MS Paint Adventures,14762546,"{'canon-typical violence', 'explicit language', 'mature'}"
MS Paint Adventures,18444497,"{'dream bubbles', 'blow jobs', 'caliginous romance | kismesis', 'dream bubble sex (homestuck)', 'rough kissing', 'orgasm delay/denial', 'explicit'}"
MS Paint Adventures,17886581,"{'explicit sexual content', 'explicit', 'illustrated', 'eventual happy ending'}"
MS Paint Adventures,18330023,"{'explicit', 'established relationship', 'oral sex', 'other additional tags to be added', 'quadrant confusion', 'caliginous romance | kismesis', 'background relationships', 'sex work', 'light dom/sub'}"
MS Paint Adventures,18439295,"{'not rated', 'demonstuck'}"
MS Paint Adventures,1047141,{'teen and up audiences'}
MS Paint Adventures,17422811,"{'alternate universe - human', 'mystery', 'mature', 'happy ending', 'flashbacks'}"
MS Paint Adventures,18184649,"{'not rated', 'slurs', 'homophobic language'}"
MS Paint Adventures,18437450,"{'slurs', 'teen and up audiences', 'mpreg', 'slow burn'}"
MS Paint Adventures,5258942,{'teen and up audiences'}
MS Paint Adventures,17934005,"{'trickster mode (homestuck)', 'teen and up audiences', 'miscommunication', 'fluff', 'road trips', 'demonstuck', 'magic', 'angst', 'sexual content'}"
MS Paint Adventures,16552679,"{'teen and up audiences', 'minor violence'}"
MS Paint Adventures,17889392,"{'trickster mode (homestuck)', 'unrequited love', 'general audiences'}"
MS Paint Adventures,10826004,"{'alcohol', 'explicit', 'blood', 'self harm', 'depression'}"
MS Paint Adventures,17922932,"{'kidnapping', 'threesome - m/m/m', 'torture', 'threesome - f/m/m', 'explicit', 'anal sex', 'oral sex', 'camping', 'orgy', 'humanstuck', 'vaginal sex'}"
MS Paint Adventures,18421089,"{'multiple orgasms', 'dubious consent', 'overstimulation', 'mommy kink', 'rape/non-con elements', 'collars', 'mind control', 'femdom', 'explicit'}"
MS Paint Adventures,18353237,{'teen and up audiences'}
MS Paint Adventures,12096153,"{'other additional tags to be added', 'teen and up audiences'}"
MS Paint Adventures,18410846,"{'teen and up audiences', 'karkat needs a hug', 'enemies to friends to lovers', 'pesterlog(s) (homestuck)', 'caliginous romance | kismesis', 'flirting'}"
MS Paint Adventures,18411155,"{'feelings jams', 'pale romance | moirallegiance', 'misunderstandings', 'general audiences'}"
MS Paint Adventures,18410969,"{'transformation', 'explicit'}"
MS Paint Adventures,18374507,"{'teen and up audiences', 'trans male character', 'tags may change', 'fluff', 'rating may change'}"
MS Paint Adventures,18413165,"{'psionics', 'pale romance | moirallegiance', 'mature', 'illustrated'}"
MS Paint Adventures,17187452,"{'age difference', 'guns', 'pining', 'voyeurism', 'mature', 'daddy kink'}"
MS Paint Adventures,12339546,"{'teen and up audiences', 'humanstuck', 'blood', 'fluff', 'drowning', 'character death', 'bullying'}"
MS Paint Adventures,18405047,"{'teen and up audiences', 'caliginous-flushed vacillation'}"
MS Paint Adventures,18404441,"{'mature', 'transformation', 'inflation'}"
MS Paint Adventures,15436590,"{'mature', 'somewhat', 'au', 'crack treated seriously', 'technically'}"
MS Paint Adventures,14134335,"{'gore', 'blood', 'crossover', 'fighting', 'ships', 'explicit'}"
MS Paint Adventures,14717214,"{'crossover', 'multiple crossovers', 'mature', 'canon-typical violence'}"
MS Paint Adventures,17954708,"{'friends to lovers', 'mature', 'implied/referenced rape/non-con', 'pining', 'alternate universe - soulmates', 'alternate universe - human', 'past child abuse', 'slow burn', 'implied/referenced child abuse'}"
MS Paint Adventures,11566848,{'not rated'}
MS Paint Adventures,17817956,"{'teen and up audiences', 'nightmares', 'isolation', 'mutual pining', 'internalized homophobia', 'reincarnation', 'hurt/comfort', 'slow burn'}"
MS Paint Adventures,15380115,"{'not rated', 'help'}"
MS Paint Adventures,18390896,"{'religion', 'crack', 'alternate universe', 'general audiences'}"
MS Paint Adventures,18289466,"{'how do i tag', 'general audiences', 'angst with a happy ending', 'i wrote this instead of sleeping', 'fluff', 'help', 'angst'}"
MS Paint Adventures,11726601,"{'teen and up audiences', 'fix-it', 'alternate universe - canon divergence', 'time travel', 'fluff', 'time shenanigans', 'hurt/comfort', 'angst'}"
MS Paint Adventures,16077740,{'general audiences'}
MS Paint Adventures,18256292,"{'pale romance | moirallegiance', 'caliginous romance | kismesis', 'alternate universe - gods & goddesses', 'alternate universe - no sburb session', 'ashen romance | auspistice', 'flushed romance | matesprits', 'general audiences'}"
MS Paint Adventures,17988398,"{'begging', 'dom/sub', 'explicit', 'transformation', 'blow jobs', 'mpreg', 'biting'}"
MS Paint Adventures,14720666,"{'bdsm', 'porn with plot', 'mature'}"
MS Paint Adventures,18384755,"{'not rated', 'implied/referenced child abuse', 'trolls on earth'}"
MS Paint Adventures,18381413,"{'blow jobs', 'caliginous romance | kismesis', 'cunnilingus', 'first time blow jobs', 'bulges and nooks', 'first time', 'rough sex', 'flushed romance | matesprits', 'explicit'}"
MS Paint Adventures,18371855,"{'not rated', 'demonstuck'}"
MS Paint Adventures,18365831,"{'not rated', 'blood', 'hand jobs', 'fear'}"
MS Paint Adventures,18365189,"{'teen and up audiences', 'fluff and angst', 'fluff and humor'}"
MS Paint Adventures,18366695,"{'teen and up audiences', 'trans male character', 'nonbinary character', 'pov alternating', 'fluff', 'pov second person'}"
MS Paint Adventures,18375629,"{'teen and up audiences', 'humanstuck', 'trans dave strider', 'alternate universe - high school', 'trans karkat vantas', 'implied/referenced child abuse'}"
MS Paint Adventures,18362318,"{'smut', 'explicit'}"
MS Paint Adventures,18367514,"{'teen and up audiences', 'humanstuck'}"
MS Paint Adventures,17691983,"{'giant/tiny', 'general audiences'}"
MS Paint Adventures,18364568,{'teen and up audiences'}
MS Paint Adventures,18363548,"{'hurt/comfort', 'post-sburb', 'not beta read', 'general audiences'}"
MS Paint Adventures,18132053,"{'humanstuck', 'masturbation', 'mutual pining', 'anal sex', 'voyeurism', 'alternate universe - college/university', 'accidental voyeurism', 'mutual masturbation', 'explicit'}"
MS Paint Adventures,18359381,"{'praise kink', 'explicit', 'trolls (homestuck)', 'karkat needs a hug', 'aftercare', 'alternate universe', 'rough kissing', 'oral sex', 'crying', 'pale romance | moirallegiance', 'emotional hurt/comfort', 'bulges and nooks', 'rough sex', 'mildly dubious consent', 'light angst', 'smut', 'troll anatomy', 'alternate universe - fantasy', 'self-hatred', 'karkat swearing', 'sober gamzee makara'}"
MS Paint Adventures,18355115,"{'boys in love', 'fluff', 'alternate universe', 'general audiences'}"
MS Paint Adventures,18354791,{'teen and up audiences'}
MS Paint Adventures,18358112,"{'age difference', 'dubious consent', 'alternate universe - human', 'incest', 'sexual tension', 'time shenanigans', 'sibling incest', 'explicit'}"
MS Paint Adventures,13783857,"{'violence', 'implied/referenced self-harm', 'explicit', 'chucklevoodoos', 'aftercare', 'worldbuilding', 'oral sex', 'light bdsm', 'xeno', 'fluff', 'rough sex', 'blow jobs', 'tentabulges', 'gills', 'smut', 'light dom/sub', 'slow burn', 'angst', 'first time'}"
MS Paint Adventures,18354272,"{'teen and up audiences', 'emotional manipulation', 'implied/referenced child abuse', 'mind control'}"
MS Paint Adventures,11016444,"{'teen and up audiences', 'aged-up character(s)', 'pining', 'pesterlogs', 'alternate universe', 'pale romance | moirallegiance', 'mutual pining', 'pov alternating', 'fluff', 'swearing', 'alternate universe - no sburb session', 'alternate universe - no sburb/sgrub sessions', 'slow burn', 'karkat swearing'}"
MS Paint Adventures,17988047,"{'not rated', 'crossover', 'prompt fic'}"
MS Paint Adventures,18351737,{'general audiences'}
MS Paint Adventures,18350783,"{'impregnation', 'inflation', 'explicit'}"
MS Paint Adventures,18350327,"{'domestic fluff', 'flushed romance | matesprits', 'general audiences'}"
MS Paint Adventures,17927711,"{'pining', 'mature', 'sexual tension', 'slowburn', 'alcohol'}"
MS Paint Adventures,18346883,"{'public sex', 'anal sex', 'voyeurism', 'smut', 'explicit', 'accidental voyeurism', 'oral sex'}"
MS Paint Adventures,18334895,{'explicit'}
MS Paint Adventures,18343352,"{'spanking', 'explicit', 'bondage', 'xenophilia'}"
MS Paint Adventures,18185096,"{'mature', 'alternate universe - no sburb/sgrub sessions', 'alternate universe - no sburb session', 'alternate universe - high school'}"
MS Paint Adventures,18342509,"{'pale romance | moirallegiance', 'begging', 'kissing', 'biting', 'troll biology (homestuck)', 'flushed romance | matesprits', 'explicit'}"
MS Paint Adventures,18291356,"{'retcon timeline', 'sadstuck', 'god tier', 'earth c (homestuck)', 'general audiences'}"
MS Paint Adventures,17466332,"{'teen and up audiences', 'giant/tiny'}"
MS Paint Adventures,17527553,"{'abuse', 'humanstuck', 'sadstuck', 'nightmares', 'angst', 'mature'}"
MS Paint Adventures,14446185,"{'not rated', 'how do i tag', 'mythology - freeform', 'magic', 'troll romance (homestuck)', 'post-sburb/sgrub', 'troll culture (homestuck)', 'alternate universe - gods & goddesses', 'alternate universe - medieval', 'ashen romance | auspistice', 'alternate universe - human/troll society (homestuck)', 'other additional tags to be added', 'pale romance | moirallegiance', 'pov multiple', 'quadrant confusion', 'caliginous romance | kismesis', 'reincarnation', 'alternate universe - fantasy', 'flushed romance | matesprits'}"
MS Paint Adventures,18328637,"{'drugs', 'self harm', 'sexual tension', 'alcohol', 'explicit'}"
MS Paint Adventures,11848038,"{'first kiss', 'mature', 'hand jobs', 'anal sex', 'fluff and angst', 'denial', 'sexual tension', 'rosemary', 'minor violence', 'pov multiple', 'rimming', 'emotional hurt/comfort', 'emotional manipulation', 'underage drinking', 'humanstuck', 'age difference', 'mildly dubious consent', 'blow jobs', 'masturbation', 'sadstuck', 'intercrural sex', 'first time'}"
MS Paint Adventures,18321281,"{'bdsm', 'caliginous romance | kismesis', 'dom/sub', 'explicit sexual content', 'rope bondage', 'caliginous-flushed vacillation', 'flushed romance | matesprits', 'explicit'}"
MS Paint Adventures,18206678,"{'retcon timeline', 'teen and up audiences', 'dream bubbles', 'quadrant confusion', 'alternate universe - canon divergence', 'meteorstuck'}"
MS Paint Adventures,14115063,"{'family', 'anxiety', 'mature', 'flashbacks', 'post-sburb/sgrub'}"
MS Paint Adventures,18323192,"{'pining', 'general audiences'}"
MS Paint Adventures,18318794,"{'sex toys', 'watersports', 'mutual masturbation', 'collars', 'explicit'}"
MS Paint Adventures,17683118,"{'not rated', 'humanstuck', 'alternate universe - soulmates', 'mental health issues', 'alternate universe', 'slow burn', 'angst'}"
MS Paint Adventures,15684738,"{'teen and up audiences', 'post-traumatic stress disorder - ptsd', 'post-canon', 'canon-typical violence', 'culture shock'}"
MS Paint Adventures,18317558,"{'blow jobs', 'public sex', 'orgy', 'explicit'}"
MS Paint Adventures,15337884,"{'not rated', 'humor', 'demonstuck'}"
MS Paint Adventures,14997890,"{'rough sex', 'angst', 'eventual happy ending', 'explicit'}"
MS Paint Adventures,18315122,"{'teen and up audiences', 'internalized homophobia', 'implied sexual content', 'quadrant confusion', 'love confessions', 'angst', 'crying'}"
MS Paint Adventures,14235243,"{'alternia', 'mature'}"
MS Paint Adventures,18078926,"{'teen and up audiences', 'this is stupid', 'multiple crossovers', 'ghosts', 'post-sburb', 'demons', 'swearing', 'weird plot shit'}"
MS Paint Adventures,10972626,"{'canon compliant', 'canon-typical violence', 'general audiences'}"
MS Paint Adventures,7408381,"{'emotional/psychological abuse', 'teen and up audiences', 'implied/referenced sex', 'canonical character death'}"
MS Paint Adventures,15437868,"{'alternate universe - fantasy', 'eventual happy ending', 'past character death', 'explicit'}"
MS Paint Adventures,14382951,{'teen and up audiences'}
MS Paint Adventures,18247790,"{'not rated', 'misunderstandings', 'hurt/comfort', 'hospitals'}"
MS Paint Adventures,16612733,"{'teen and up audiences', 'post-traumatic stress disorder - ptsd', 'post-sburb/sgrub', 'tags are hard', 'pining', 'family feels', 'somewhat', 'other additional tags to be added', 'pesterlog(s) (homestuck)', 'pov multiple', 'misunderstandings', 'alternate universe - human', 'humanstuck', 'family fluff', 'eventual romance'}"
MS Paint Adventures,14026083,"{'pale romance | moirallegiance', 'mildly dubious consent', 'mature', 'post-canon', 'canon-typical violence'}"
MS Paint Adventures,18283004,"{'begging', 'dom/sub', 'blood and gore', 'explicit', 'child abuse', 'alcohol abuse/alcoholism', 'rape/non-con elements', 'age difference', 'alpha/beta/omega dynamics', 'rape'}"
MS Paint Adventures,2458082,"{'death', 'fighting', 'general audiences'}"
MS Paint Adventures,18085241,"{'teen and up audiences', 'pale romance | moirallegiance'}"
MS Paint Adventures,16633019,"{'teen and up audiences', 'chatlogs', 'crossover', 'multiple crossovers', 'pov alternating'}"
MS Paint Adventures,18275330,{'mature'}
MS Paint Adventures,18146615,"{'other additional tags to be added', 'violence', 'mature', 'fluff', 'slowburn', 'angst'}"
MS Paint Adventures,13247523,"{'other additional tags to be added', 'death', 'mature', 'tags may change', 'aged-up character(s)', 'grubs (homestuck)', 'blood and gore'}"
MS Paint Adventures,16162796,"{'teen and up audiences', 'friendship', 'gay', 'angst', 'family drama', 'mythology - freeform', 'davekat - freeform', 'fluff', 'alternate universe', 'swearing', 'karkat swearing', 'pov karkat vantas'}"
MS Paint Adventures,18271895,"{'teen and up audiences', 'reader insert', 'reader-insert', 'dreambubbles', 'pov second person'}"
MS Paint Adventures,761472,"{'recreational drug use', 'blow jobs', 'masturbation', 'mature', 'first time blow jobs'}"
MS Paint Adventures,16767805,{'not rated'}
MS Paint Adventures,17722865,"{'not rated', 'age difference', 'alternate universe - no sburb session', 'sort of'}"
MS Paint Adventures,18260396,"{'not rated', 'canonical character death', 'minor character death'}"
MS Paint Adventures,17933765,"{'alternate universe - arranged marriage', 'teen and up audiences', 'arranged marriage', 'polyamory', 'polyamory negotiations', 'alternate universe - fantasy', 'culture shock', 'magic', 'alternate universe - royalty', 'illustrations'}"
MS Paint Adventures,17654087,"{'xeno', 'chucklevoodoos', 'enemies to lovers', 'pale romance | moirallegiance', 'caliginous romance | kismesis', 'tentabulges', 'canon-typical violence', 'size difference', 'rough sex', 'mind control', 'flushed romance | matesprits', 'explicit'}"
MS Paint Adventures,17855135,"{'teen and up audiences', 'post-sburb/sgrub'}"
MS Paint Adventures,15366828,"{'recreational drug use', 'body horror', 'mature', 'alternate universe - human/troll society (homestuck)', 'canon-typical violence', 'mind control'}"
MS Paint Adventures,18251621,"{'teen and up audiences', 'humanstuck', 'alternate universe - high school'}"
MS Paint Adventures,16982664,"{'teen and up audiences', 'crossover'}"
MS Paint Adventures,18247832,"{'hiveswap: friendsim', 'falling in love', 'fluff and humor', 'flushed romance | matesprits', 'general audiences'}"
MS Paint Adventures,18245486,"{'bdsm', 'dom/sub', 'threesome - m/m/m', 'explicit'}"
MS Paint Adventures,1118559,"{'alternate universe - no sburb/sgrub sessions', 'teen and up audiences', 'alternate universe', 'alternate universe - no sburb session'}"
MS Paint Adventures,16151288,"{'not rated', 'body horror'}"
MS Paint Adventures,18237929,"{'mildly dubious consent', 'somnophilia', 'incest', 'explicit'}"
MS Paint Adventures,13413825,"{'general audiences', 'dysphoria'}"
MS Paint Adventures,18237611,"{'multiple orgasms', 'sex toys', 'explicit', 'psionics', 'alternate universe - no sgrub session', 'established relationship', 'aftercare', 'alternate universe', 'oral sex', 'xeno', 'nook eating', 'quadrant vacillation', 'bulges and nooks', 'size difference', 'rough sex', 'bondage', 'masturbation', 'caliginous romance | kismesis', 'troll gills (homestuck)', 'purring trolls (homestuck)'}"
MS Paint Adventures,18167897,"{'aphrodisiacs', 'blood', 'smut', 'biting', 'vampires', 'oral', 'explicit'}"
MS Paint Adventures,5162840,"{'mature', 'alternate universe - no sgrub session', 'dubious consent', 'slow build', 'sex work'}"
MS Paint Adventures,18234695,{'general audiences'}
MS Paint Adventures,16953639,"{'fetish', 'misunderstandings', 'bdsm', 'earth c (homestuck)', 'rope bondage', 'bondage', 'light bdsm', 'general audiences'}"
MS Paint Adventures,18214895,"{'xeno', 'explicit', 'established relationship', 'canon compliant', 'illustrations'}"
MS Paint Adventures,18232961,"{'homestuck - freeform', 'davekat - freeform', 'general audiences'}"
MS Paint Adventures,18232457,"{'troll culture (homestuck)', 'teen and up audiences', 'body horror', 'caliginous romance | kismesis', 'angst'}"
MS Paint Adventures,17642609,"{'teen and up audiences', 'humanstuck'}"
MS Paint Adventures,17710769,{'mature'}
MS Paint Adventures,18180896,{'not rated'}
MS Paint Adventures,18230180,"{'sex toys', 'explicit', 'psionics', 'pining', 'voyeurism', 'fantasizing', 'pesterlog(s) (homestuck)', 'xeno', 'bulges and nooks', 'masturbation'}"
MS Paint Adventures,15381027,"{'teen and up audiences', 'trans male character', 'trans dave strider', 'past child abuse'}"
MS Paint Adventures,18225698,"{'teen and up audiences', 'humanstuck', 'pining', 'alternate universe - fantasy', 'love confessions'}"
MS Paint Adventures,18225620,{'not rated'}
MS Paint Adventures,17612858,{'mature'}
MS Paint Adventures,17868632,"{'multiple crossovers', 'background relationships', 'mature', 'canon-typical violence', 'minor character death', 'underage drinking', 'character development', 'implied/referenced child abuse', 'past sexual abuse', 'explicit language', 'torture'}"
MS Paint Adventures,18212492,"{'teen and up audiences', 'pale romance | moirallegiance', 'caliginous romance | kismesis', 'hurt/comfort', 'fluff', 'pale-red vacillation'}"
MS Paint Adventures,15482556,"{'teen and up audiences', ""abusive dave's bro | beta dirk strider"", 'sadstuck', 'hurt/comfort', 'fluff', 'slow burn', 'angst'}"
MS Paint Adventures,14742845,"{'teen and up audiences', 'romance'}"
MS Paint Adventures,18218294,"{'i think', 'hurt/comfort', 'not beta read', 'general audiences'}"
MS Paint Adventures,18210314,"{'multiple orgasms', 'explicit', 'threesome - f/m/m', 'pining', 'oral sex', 'jealousy', 'illustrated', 'fantasizing', 'xeno', 'polyamory', 'bulges and nooks', 'masturbation', 'gills', 'troll gills (homestuck)'}"
MS Paint Adventures,12829506,"{'not rated', 'crack', 'regret'}"
MS Paint Adventures,18204893,"{'mature', 'bondage'}"
MS Paint Adventures,17146421,"{'abuse', 'slurs', 'homophobic language', 'anal sex', 'drugs', 'alternate universe - no sburb session', 'alternate universe', 'sex', 'pov second person', 'child abuse', 'alcohol', 'oral sex', 'explicit'}"
MS Paint Adventures,18094442,"{'teen and up audiences', 'unhealthy coping mechanisms', 'implied/referenced self-harm', 'aged-up character(s)', 'abuse', 'blood', 'self-harm', 'suicidal thoughts', 'karkat needs a hug', 'past abuse', 'alcohol abuse/alcoholism', 'self-esteem issues', 'polyamory', 'quadrant confusion', 'au', 'drowning', 'transformation', 'self confidence issues', 'falling in love', 'self-hatred', 'karkat swearing', 'not canon compliant', 'fear'}"
MS Paint Adventures,17914394,"{'slurs', 'teen and up audiences', 'trans male character', 'mpreg'}"
MS Paint Adventures,7515833,"{'ptsd', 'mature', 'abuse', 'davekat - freeform', 'death', 'dysphoria', 'rape'}"
MS Paint Adventures,17946263,"{'teen and up audiences', 'denial', 'fluff', 'gay', 'humanstuck', 'slow burn', 'angst'}"
MS Paint Adventures,13190751,"{'violence', 'explicit', 'blood', 'illustrated', 'other additional tags to be added', 'time travel', 'fluff', 'smut'}"
MS Paint Adventures,17721572,"{'overstimulation', 'mature'}"
MS Paint Adventures,18202262,"{'teen and up audiences', 'slow burn'}"
MS Paint Adventures,18201599,"{'not rated', 'accidental voyeurism', 'sex toys', 'anal fingering', 'anal sex', 'voyeurism', 'fantasizing', 'gay', 'shameless smut', 'smut', 'biting', 'plot what plot/porn without plot', 'first time'}"
MS Paint Adventures,16792915,"{'teen and up audiences', 'caliginous romance | kismesis', 'quadrant confusion'}"
MS Paint Adventures,16411490,"{'fetish', 'rimming', 'ass play', 'explicit'}"
MS Paint Adventures,18198557,"{'caliginous romance | kismesis', 'dirty talk', 'bulges and nooks', 'explicit', 'oral sex', 'vaginal fingering'}"
MS Paint Adventures,18182297,"{'domestic', 'domestic fluff', 'established relationship', 'fluff', 'alternate universe - no sburb session', 'kissing', 'general audiences'}"
MS Paint Adventures,17805461,"{'not rated', 'polyamory', 'blood and gore', 'religion', 'earth c (homestuck)', 'mystery', 'time travel', 'post-canon', 'demons'}"
MS Paint Adventures,18198026,"{'not rated', 'implied sexual content', 'earth c (homestuck)', 'kissing', 'swearing', 'implied/referenced child abuse', 'hospitals'}"
MS Paint Adventures,14333013,"{'arranged marriage', 'pale romance | moirallegiance', 'caliginous romance | kismesis', 'quadrant confusion', 'ashen romance | auspistice', 'alternate universe - human/troll society (homestuck)', 'alternate universe - royalty', 'explicit'}"
MS Paint Adventures,18196838,"{'teen and up audiences', 'roommates', 'prompt fic', 'miscommunication', 'alternate universe - modern setting', 'humor', 'alternate universe'}"
MS Paint Adventures,15721803,"{'not rated', 'how do i tag', 'threesome - m/m/m', 'threesome - f/m/m', 'this is stupid', 'help'}"
MS Paint Adventures,18193088,"{'teen and up audiences', 'demonstuck', 'magic', 'sexual content'}"
MS Paint Adventures,18191945,"{'flashbacks', 'gore', 'unhealthy coping mechanisms', 'blood', 'masturbation', 'post-traumatic stress disorder - ptsd', 'unreliable narrator', 'vomiting', 'emetophobia', 'murder', 'explicit'}"
MS Paint Adventures,17373755,"{'teen and up audiences', 'vore'}"
MS Paint Adventures,17874917,"{'pesterlog(s) (homestuck)', 'bdsm', 'porn with plot', 'alternate universe - human', 'consensual kink', 'alternate universe - no sburb/sgrub sessions', 'aftercare', 'slow burn', 'kink negotiation', 'slice of life', 'explicit'}"
MS Paint Adventures,18182987,{'not rated'}
MS Paint Adventures,18190877,"{'not rated', 'how do i tag', 'smut', 'shameless smut'}"
MS Paint Adventures,4079071,"{'teen and up audiences', 'age difference', 'misunderstandings', 'size difference', 'canon-typical violence'}"
MS Paint Adventures,12207270,"{'dubious consent', 'power imbalance', 'mature', 'emetophobia', 'magic', 'drowning', 'stockholm syndrome'}"
MS Paint Adventures,7085458,"{'friends to lovers', 'alternate universe - canon divergence', 'general audiences', 'pining', 'humor', 'romance', 'misunderstandings', 'au', 'fluff', 'hurt/comfort', 'slow burn'}"
MS Paint Adventures,18180626,"{'inflation', 'explicit'}"
MS Paint Adventures,17975960,"{'homophobia', 'teen and up audiences', 'humanstuck', 'unrequited love', 'trans male character', 'alternate universe - human', 'fluff and angst', 'trans female character', 'alternate universe - high school'}"
MS Paint Adventures,18177239,"{'pale romance | moirallegiance', 'hurt/comfort', 'general audiences'}"
MS Paint Adventures,15542826,"{'gills', 'eventual romance', 'mature', 'troll anatomy', 'troll gills (homestuck)', 'sburb'}"
MS Paint Adventures,18172556,"{'recreational drug use', 'teen and up audiences', 'humanstuck', 'nonbinary character', 'fights', 'roommates', 'mental health issues', 'alternate universe - college/university', 'alternate universe - high school', 'pov second person', 'coming out'}"
MS Paint Adventures,18174914,"{'trans male character', 'trans dirk strider', 'homestuck - freeform', 'general audiences'}"
MS Paint Adventures,18072629,"{'teen and up audiences', 'humanstuck', 'implied/referenced sex', 'alternate universe - no sburb/sgrub sessions', 'alcohol'}"
MS Paint Adventures,18170762,"{'bdsm', 'extremely dubious consent', 'rope bondage', 'watersports', 'mind control', 'explicit'}"
MS Paint Adventures,14624211,"{'enemies to lovers', 'alternate universe - college/university', 'general audiences', 'abuse', 'enemies to friends to lovers', 'bullying', 'other additional tags to be added', 'pesterlog(s) (homestuck)', 'slow build', 'humanstuck', 'caliginous romance | kismesis', 'alternate universe - no sburb session', 'slow burn'}"
MS Paint Adventures,18169301,"{'domestic fluff', 'character study', 'mature'}"
MS Paint Adventures,18167927,"{'hurt/comfort', 'fluff', 'general audiences'}"
MS Paint Adventures,18166061,"{'internalized homophobia', 'mature', 'alternate universe', 'angst', 'homophobic language'}"
MS Paint Adventures,2546537,"{'humanstuck', 'mature'}"
MS Paint Adventures,18158129,"{'caliginous romance | kismesis', 'this is stupid', 'explicit'}"
MS Paint Adventures,18149363,"{'tentabulges', 'breeding', 'impregnation', 'plot what plot/porn without plot', 'explicit'}"
MS Paint Adventures,18149078,"{'recreational drug use', 'teen and up audiences'}"
MS Paint Adventures,18150785,"{'boys in love', 'fluff', 'alternate universe', 'general audiences'}"
MS Paint Adventures,18153395,"{'dream bubbles', 'breathplay', 'tentabulges', 'hermaphroditic trolls (homestuck)', 'sex toys', 'bondage', 'collars', 'femdom', 'explicit'}"
MS Paint Adventures,18152168,"{'minor violence', 'general audiences'}"
MS Paint Adventures,5312684,"{'other additional tags to be added', 'reader-insert', 'mature', 'alternate universe'}"
MS Paint Adventures,18143813,{'teen and up audiences'}
MS Paint Adventures,18143384,"{'domestic', 'love', 'pov second person', 'sex', 'fluff and smut', 'explicit'}"
MS Paint Adventures,17767097,"{'not rated', 'other additional tags to be added'}"
MS Paint Adventures,7680205,"{'teen and up audiences', 'crossover', 'ooc'}"
MS Paint Adventures,18141632,"{'domestic', 'quadrant vacillation', 'quadrant confusion', 'fluff', 'pov second person', 'dialogue heavy', 'general audiences'}"
MS Paint Adventures,4452791,"{'bulges and nooks', 'sexual content', 'explicit'}"
MS Paint Adventures,18141368,"{'spanking', 'dom/sub', 'explicit'}"
MS Paint Adventures,18139394,"{'unhealthy coping mechanisms', 'general audiences', 'self-hatred', 'depression', 'alcohol', 'grief/mourning'}"
MS Paint Adventures,1026010,"{'violence', 'explicit sexual content', 'blood and gore', 'explicit', 'abuse', 'drug use', 'alternate universe', 'horror', 'sexual content', 'masturbation', 'demonstuck', 'incest'}"
MS Paint Adventures,17923652,"{'not rated', 'crossover', 'alternate universe'}"
MS Paint Adventures,18126731,"{'first kiss', 'mature', 'first time blow jobs', 'sibling incest', 'first time'}"
MS Paint Adventures,17806577,"{'not rated', 'i wrote this instead of sleeping', 'explicit language'}"
MS Paint Adventures,18126548,{'general audiences'}
MS Paint Adventures,6409711,"{'teen and up audiences', 'pale romance | moirallegiance', 'i think', 'self-hatred', 'flushed romance | matesprits'}"
MS Paint Adventures,18122111,"{'teen and up audiences', 'quadrant vacillation', 'fluff and angst', 'smut', 'quadrant confusion', 'fluff', 'love confessions', 'karkat swearing', 'pov karkat vantas'}"
MS Paint Adventures,18121919,"{'teen and up audiences', 'crossover', 'alternate universe', 'road trips'}"
MS Paint Adventures,10549516,"{'teen and up audiences', 'humanstuck', 'internalized homophobia', 'alternate universe - human', 'alternate universe - modern setting', 'alternate universe - magic', 'albino dave strider'}"
MS Paint Adventures,2669915,"{'post-traumatic stress disorder - ptsd', 'fluff', 'demons', 'ghosts', 'magic', 'vampires', 'past sexual abuse', 'explicit'}"
MS Paint Adventures,18115085,"{'flushed romance | matesprits', 'teen and up audiences', 'pale romance | moirallegiance', 'pale-red vacillation'}"
MS Paint Adventures,18113453,{'teen and up audiences'}
MS Paint Adventures,18112973,"{'teen and up audiences', 'implied/referenced child abuse', ""abusive dave's bro | beta dirk strider""}"
