fandom,id,tags
Naruto,17831138,"{'eventual smut', 'alternate universe', 'family', 'established relationship', 'love', 'alternate universe - modern setting', 'smut', 'fluff and smut', 'domestic fluff', 'romance', 'explicit', 'humor'}"
Naruto,7532437,"{'mature', 'art', 'relationship(s)', 'family issues', 'light angst', 'insecurity', 'character development', 'romance', 'denial of feelings', 'eventual smut', 'friendship'}"
Naruto,18412424,"{'redemption', 'family', 'mature', 'time travel', 'magic', 'tragedy', 'romance', 'recovery', 'angst', 'fantasy', 'au', 'hurt/comfort'}"
Naruto,15656337,"{'alternate universe - canon divergence', 'multiple crossovers', 'teen and up audiences', 'crossover pairings'}"
Naruto,18302228,"{'drama & romance', 'mature', 'tragedy', 'fluff and angst', 'angst', 'emotional hurt/comfort'}"
Naruto,17461745,"{'smut', 'alternate universe - canon divergence', 'explicit', 'hurt/comfort'}"
Naruto,18387050,"{'jealousy', 'attempted rape/non-con', 'ninja', 'character death', 'first time', 'blood and violence', 'not rated'}"
Naruto,18549862,"{'canon-typical violence', 'fluff and humor', 'fluff and angst', 'family drama', 'near death experiences', 'emotional hurt/comfort', 'reincarnation', 'angst and humor', 'self-insert', 'eventual romance', 'psychological torture', 'teen and up audiences', 'dark comedy'}"
Naruto,18484993,"{'drama & romance', 'some humor', 'eventual romance', 'mature', 'slow burn'}"
Naruto,18068843,"{'haruno sakura-centric', 'cross-posted on fanfiction.net', 'alternate universe - time travel', 'time travel', 'bamf haruno sakura', 'strong haruno sakura', 'not rated'}"
Naruto,18580114,"{'bamf dai-nana-han | team 7 (naruto)', 'teen and up audiences', 'bamf sakura', 'team bonding', 'au', 'tumblr prompt'}"
Naruto,17611106,"{'politics', 'minor character death', 'action/adventure', 'mature', 'eventual romance', 'alternate universe - canon divergence', 'humor'}"
Naruto,18615970,"{'slice of life', 'fluff', 'teen and up audiences'}"
Naruto,18545788,{'mature'}
Naruto,18374069,"{'alternate universe', 'no uchiha massacre', 'strong haruno sakura', 'bamf haruno sakura', 'haruno sakura-centric', 'not rated'}"
Naruto,18033920,"{'developing friendships', 'falling in love', 'fluff', 'light angst', 'hyuuga neji lives', 'romance', 'complicated relationships', 'not rated', 'alternate universe - canon divergence'}"
Naruto,18106394,"{'vaginal sex', 'smut', 'oral sex', 'explicit'}"
Naruto,18631711,"{'mature', 'naruto - freeform'}"
Naruto,17306483,"{'alternate universe - soulmates', 'not rated'}"
Naruto,18631297,{'mature'}
Naruto,18171440,{'not rated'}
Naruto,18631120,"{'alternate universe - time travel', 'time travel', 'not rated'}"
Naruto,18341489,"{'explicit', 'alternate universe - fantasy'}"
Naruto,16426865,"{'family feels', 'angst with a happy ending', 'no uchiha massacre', 'fuuinjutsu master uzumaki naruto', 'character death', 'canon-typical violence', 'developing friendships', 'bullying', 'dai-nana-han | team 7 (naruto) feels', 'alternate universe', 'clan politics', 'alternate universe - canon divergence', 'uzumaki naruto needs a hug', 'teen and up audiences', 'worldbuilding'}"
Naruto,1508858,"{'mature', 'action', 'age difference', 'dimension travel', 'romance', 'mystery', 'drama', 'crossover pairings'}"
Naruto,16426055,"{'other additional tags to be added', 'implied/referenced child abuse', 'canon-typical violence', 'psychological trauma', 'not rated', 'grief/mourning'}"
Naruto,14388618,"{'second shinobi war', 'teen and up audiences', 'slice of life'}"
Naruto,10961436,"{'mature', 'dark themes'}"
Naruto,18618358,"{'teen and up audiences', 'alternate universe - canon divergence', 'alternate universe - time travel'}"
Naruto,18551341,{'explicit'}
Naruto,18619423,"{'fix-it', 'teen and up audiences'}"
Naruto,15685944,"{'murder', 'mature', 'alternate universe - canon divergence', 'attempted murder', 'third shinobi war', 'depression', 'violence', 'suicide attempt', 'war', 'angst and humor'}"
Naruto,16602944,"{'cross-posted on fanfiction.net', 'family', 'general audiences', 'fluff and angst'}"
Naruto,18275171,"{'alternate universe - time travel', 'mature', 'slow burn'}"
Naruto,13437858,"{'family secrets', 'alternate universe - canon divergence', 'dimension travel', 'teen and up audiences', 'family issues'}"
Naruto,15675456,"{'explicit', 'smut', 'tumblr prompt', 'kidnapping', 'dubious consent'}"
Naruto,14522475,"{'emotional/psychological abuse', 'bamf dai-nana-han | team 7 (naruto)', 'art', 'mature', 'no beta we die like men', 'smart uzumaki naruto', 'mental instability', 'child abuse', 'protective hatake kakashi', ""this is why we can't have nice things"", 'fluff and angst', 'team dynamics', 'demons', 'you have been warned', 'team as family', 'bamf uzumaki naruto', 'anbu uzumaki naruto', 'alternate universe - canon divergence'}"
Naruto,18507898,"{'mature', 'romance'}"
Naruto,17505671,{'explicit'}
Naruto,18232622,"{'eventual smut', 'eventual romance', 'mystery', 'canon-typical violence', 'not rated'}"
Naruto,18348413,{'explicit'}
Naruto,18556006,"{'post-canon', 'mystery', 'not rated'}"
Naruto,17297855,"{'vampires', 'teen and up audiences', 'supernatural elements'}"
Naruto,17486963,"{'anal sex', 'explicit', 'shameless smut', 'smut', 'rough sex', 'anal', 'hand jobs', 'oral sex', 'public sex'}"
Naruto,14189118,"{'violence', 'explicit', 'past child abuse', 'dark themes', 'child neglect'}"
Naruto,17413454,"{'unhealthy coping mechanisms', 'other additional tags to be added', 'child soldiers', 'alternate universe - canon divergence', 'fix-it of sorts', 'teen and up audiences', 'child neglect'}"
Naruto,18529150,"{'time travel', 'teen and up audiences', 'alternate universe - canon divergence'}"
Naruto,18623845,"{'narusasu - freeform', 'mature'}"
Naruto,18623578,"{'general audiences', 'twins'}"
Naruto,16139249,"{'mental instability', 'bamf sakura', 'psychological trauma', 'torture', 'revenge', 'friendship', 'teen and up audiences', 'divorce'}"
Naruto,17828228,"{'developing friendships', 'anxiety', 'post-fourth shinobi war', 'insecurity', 'teen and up audiences', 'depression', 'post-traumatic stress disorder - ptsd'}"
Naruto,17313974,"{'parenthood', 'sharingan', 'explicit', 'love', 'alternate universe - modern setting', 'awkward flirting', 'fluff', 'flirting', 'rough sex', 'angst', 'alternate universe - soulmates', 'sex', 'kissing', 'feral behavior', 'kid fic', 'family', 'time travel', 'omega verse'}"
Naruto,15037019,"{'explicit', 'bullying', 'slash', 'mpreg', 'alternate universe', 'rimming'}"
Naruto,18441491,{'teen and up audiences'}
Naruto,17817512,{'mature'}
Naruto,17957156,"{'drinking', 'drama & romance', 'emotional/psychological abuse', 'other additional tags to be added', 'anal sex', 'anal fingering', 'pining', 'explicit', 'violence', 'blood and violence', 'alternate universe - modern setting', 'semi-public sex', 'explicit sexual content', 'alternate universe - college/university', 'hand jobs'}"
Naruto,14390481,"{'time travel', 'teen and up audiences', 'bamf sakura', 'slow burn'}"
Naruto,17515187,"{'suicidal thoughts', 'mental health issues', 'bipolar disorder', 'mental instability', 'explicit'}"
Naruto,18343826,"{'mature', 'character study', 'pre-canon', 'light angst'}"
Naruto,18370865,"{'alternate universe', 'alternate universe - canon divergence', 'not rated'}"
Naruto,10512390,"{'mature', 'alternate universe - soulmates'}"
Naruto,17890325,"{'general audiences', 'drama & romance'}"
Naruto,14957165,"{'general audiences', 'slow burn'}"
Naruto,14513316,{'teen and up audiences'}
Naruto,14288238,"{'feelings realization', 'dai-nana-han | team 7 (naruto)-centric', 'developing relationship', 'falling in love', 'near death experiences', 'bamf haruno sakura', 'emotional hurt/comfort', 'drama', 'denial of feelings', 'angst and humor', 'alternate universe', 'eventual romance', 'out of character', 'teen and up audiences', 'comedy', 'haruno sakura-centric', 'strong haruno sakura'}"
Naruto,18452813,"{'mpreg', 'angst with a happy ending', 'post-traumatic stress disorder - ptsd', 'angst', 'explicit', 'alpha/beta/omega dynamics', 'alpha hatake kakashi'}"
Naruto,18472189,"{'drinking', 'oral sex', 'fluff', 'friendship', 'explicit'}"
Naruto,18248060,"{'mature', 'ninja', 'friendship', 'drama', 'angst', 'humor', 'slow burn'}"
Naruto,17628392,"{'time travel', 'teen and up audiences'}"
Naruto,17314922,"{'family feels', 'explicit', 'action/adventure', 'fluff', 'angst', 'grief/mourning', 'team as family', 'fix-it', 'time travel'}"
Naruto,18620347,"{'general audiences', 'one shot'}"
Naruto,16534172,"{'cross-posted on fanfiction.net', 'alternate universe', 'explicit', 'loss of virginity', 'fluff and humor'}"
Naruto,15421356,"{'childhood friends', 'no uchiha massacre', 'alcohol abuse/alcoholism', 'implied/referenced rape/non-con', 'implied/referenced suicide', 'angst and hurt/comfort', 'angst and fluff and smut', 'suicide attempt', 'protective uchiha sasuke', 'enemies to friends to lovers', 'uzumaki naruto is a good friend', 'not rated', 'alternate universe - canon divergence', 'childhood trauma'}"
Naruto,18557827,"{'eventual smut', 'post-traumatic stress disorder - ptsd', 'mature', 'ninja', 'romance', 'fluff and smut', 'slow burn'}"
Naruto,16968516,"{'drama & romance', 'friends to lovers', 'alternate universe', 'childhood friends', 'uchiha itachi-centric', 'mature', 'alternate universe - canon divergence', 'uchiha massacre', 'angst', 'haruno sakura-centric', 'strong haruno sakura'}"
Naruto,17883974,"{'comfort/angst', 'mature', 'hatake kakashi-centric', 'relationship(s)', 'romance', 'family drama', 'haruno sakura-centric'}"
Naruto,16296266,"{'bamf uzumaki naruto', 'bamf dai-nana-han | team 7 (naruto)', 'bamf uchiha sasuke', 'crack', 'teen and up audiences', 'bamf haruno sakura', 'strong haruno sakura', 'crack treated seriously'}"
Naruto,17592752,"{'self-harm', 'alcohol abuse/alcoholism', 'bipolar disorder', 'suicide attempt', 'explicit'}"
Naruto,18463613,"{'drama & romance', 'alternate universe', 'alternate universe - time travel', 'alternate universe - canon divergence', 'teen and up audiences', 'grief/mourning'}"
Naruto,18371930,"{'mature', 'alternate universe - modern setting', 'falling in love', 'no beta we die like men', 'friendship'}"
Naruto,17899742,"{'alternate universe', 'alternate universe - fantasy', 'demons', 'vampires', 'teen and up audiences', 'bamf haruno sakura', 'haruno sakura-centric'}"
Naruto,18539920,{'not rated'}
Naruto,18298694,"{'original character-centric', 'mature', 'alternate universe - canon divergence', 'not canon compliant', 'uchiha massacre', 'trauma', 'twins', 'protective uchiha sasuke'}"
Naruto,18502822,"{'alternate universe - college/university', 'eventual romance', 'mature', 'fluff and angst', 'friendship', 'slow burn'}"
Naruto,17306768,"{'other additional tags to be added', 'mature', 'bamf haruno sakura', 'haruno sakura-centric'}"
Naruto,17239778,"{'mature', 'angst and hurt/comfort', 'hatake kakashi needs a hug', 'angst', 'emotional hurt/comfort', 'gay', 'uzumaki naruto needs a hug'}"
Naruto,18616873,"{'hatake kakashi needs a hug', 'bamf haruno sakura', 'general audiences', 'fix-it', 'alternate universe - canon divergence', 'one shot', 'haruno sakura-centric', 'strong haruno sakura'}"
Naruto,18616702,{'not rated'}
Naruto,17088731,"{'angst with a happy ending', 'no uchiha massacre', 'mature', 'crack treated seriously'}"
Naruto,18616702,{'not rated'}
Naruto,17088731,"{'angst with a happy ending', 'no uchiha massacre', 'mature', 'crack treated seriously'}"
Naruto,18147329,"{'bamf uzumaki naruto', 'fix-it', 'mature', 'humor'}"
Naruto,18616432,"{'general audiences', 'naruto - freeform'}"
Naruto,18616117,"{'mature', 'gay'}"
Naruto,18616039,{'not rated'}
Naruto,18615580,"{'art', 'mature'}"
Naruto,18394001,"{'pre-relationship', 'kid fic', 'minor character death', 'childhood trauma', 'anbu hatake kakashi', 'fluff', 'teen and up audiences', 'canon-typical violence', 'angst', 'post-traumatic stress disorder - ptsd', 'hurt/comfort'}"
Naruto,17843759,"{'alternate universe', 'angst', 'angst and hurt/comfort', 'fluff', 'fluff and angst', 'pining', 'not rated'}"
Naruto,18069584,"{'drinking', 'mature', 'not canon compliant', 'minor character death', 'falling in love', 'flirting', 'worldbuilding'}"
Naruto,18615022,"{'redemption', 'angst with a happy ending', 'other additional tags to be added', 'angst', 'not rated'}"
Naruto,17562809,"{'reader-insert', 'other additional tags to be added', 'general audiences', 'self-insert', 'character development', 'team as family', 'friendship', 'fluff and angst', 'dai-nana-han | team 7 (naruto) feels'}"
Naruto,18067370,"{'bamf uzumaki naruto', 'crossover', 'alternate universe - canon divergence', 'not rated'}"
Naruto,18613075,"{'narusasu - freeform', 'explicit'}"
Naruto,18011021,"{'time travel', 'not rated'}"
Naruto,18599353,"{'teen and up audiences', 'angst'}"
Naruto,17959598,"{'fluff', 'teen and up audiences', 'comedy', 'angst', 'hurt/comfort'}"
Naruto,13926204,"{'mature', 'war', 'au'}"
Naruto,18079151,"{'bamf dai-nana-han | team 7 (naruto)', 'sharingan', 'pre-canon', 'crack', 'bamf haruno sakura', 'protective uchiha sasuke', 'bamf uchiha sasuke', 'team as family', 'bamf uzumaki naruto', 'fix-it', 'time travel', 'alternate universe - canon divergence', 'warring states period (naruto)', 'teen and up audiences', 'time travel fix-it'}"
Naruto,12302829,"{'explicit', 'canon divergence'}"
Naruto,17601332,{'teen and up audiences'}
Naruto,18610726,"{'unrequited love', 'general audiences', 'canonical character death', 'anbu hatake kakashi', 'hanahaki disease', 'angst'}"
Naruto,16430402,"{'family feels', 'family issues', 'explicit language', 'angst and fluff and smut', 'domestic fluff', 'family drama', 'cuddling & snuggling', 'explicit sexual content', 'mpreg', 'mating bites', 'alpha/beta/omega dynamics', 'not rated', 'alternate universe - canon divergence', 'alpha uzumaki naruto', 'mating cycles/in heat'}"
Naruto,18610267,"{'explicit', 'rimming', 'masturbation'}"
Naruto,18441020,"{'family', 'mature', 'fluff', 'teasing'}"
Naruto,18610033,"{'mature', 'narusasu - freeform'}"
Naruto,18333935,"{'sex', 'kissing', 'graphic description', 'action/adventure', 'age difference', 'romance', 'violence', 'explicit', 'explicit sexual content'}"
Naruto,17928143,"{'friends to lovers', 'falling in love', 'fluff', 'happy ending', 'explicit', 'implied/referenced rape/non-con'}"
Naruto,17298572,"{'self-indulgent', 'hyuuga neji lives', 'families of choice', 'mature', 'alternate universe - canon divergence', 'incest', 'canon-typical violence', 'angst', 'team as family', 'implied/referenced suicide'}"
Naruto,13878873,{'general audiences'}
Naruto,18466636,"{'bamf dai-nana-han | team 7 (naruto)', 'time travel', 'smart uzumaki naruto', 'fuuinjutsu master uzumaki naruto', 'teen and up audiences', 'time travel fix-it'}"
Naruto,18608587,"{'love', 'mature', 'romance', 'konoha - freeform', 'au'}"
Naruto,18608197,"{'narusasu - freeform', 'gay', 'mature'}"
Naruto,14914214,"{'murder', 'unhealthy coping mechanisms', 'smut', 'attempted rape/non-con', 'attempted murder', 'explicit', 'violence'}"
Naruto,18607666,{'general audiences'}
Naruto,18607177,"{'vaginal sex', 'hand jobs', 'oral sex', 'alternate universe - canon divergence', 'anal sex', 'underage sex', 'explicit', 'loss of virginity', 'vaginal fingering', 'futanari'}"
Naruto,18475684,"{'developing friendships', 'angst and hurt/comfort', 'alternate universe - time travel', 'uzumaki naruto needs a hug', 'mental instability', 'psychological trauma', 'not rated'}"
Naruto,18601642,"{'pre-relationship', 'hatake kakashi-centric', 'fluff', 'teen and up audiences'}"
Naruto,8195200,"{'anal sex', 'explicit', 'smut', 'parent/child incest', 'daddy kink', 'semi-public sex', 'plot what plot/porn without plot', 'narusasu - freeform', 'incest', 'yaoi', 'vaginal sex', 'oral sex', 'rimming', 'one shot'}"
Naruto,18602644,"{'pre-relationship', 'post-fourth shinobi war', 'teen and up audiences', 'fluff and humor'}"
Naruto,18015485,"{'murder', 'alcohol abuse/alcoholism', 'explicit', 'child abuse', 'suicide attempt', 'mpreg', 'graphic description', 'attempted murder', 'top uzumaki naruto', 'divorce'}"
Naruto,15103049,"{'alternate universe', 'teen and up audiences'}"
Naruto,18207146,"{'graphic description', 'explicit', 'fluff and smut', 'explicit sexual content'}"
Naruto,18574951,"{'love confessions', 'established relationship', 'shyness', 'alternate universe - modern setting', 'parenthood', 'fluff and humor', 'neck kissing', 'domestic fluff', 'teen and up audiences', 'father-son relationship'}"
Naruto,16226429,"{'canon divergence', 'incest', 'explicit', 'futanari'}"
Naruto,5876542,{'mature'}
Naruto,16443053,"{'families of choice', 'kidnapping', 'other additional tags to be added', 'alternate universe - canon divergence', 'panic attacks', 'fluff', 'teen and up audiences', 'post-traumatic stress disorder - ptsd', 'dubious morality'}"
Naruto,18336806,"{'child soldiers', 'tragedy', 'canonical character death', 'character study', 'trauma', 'teen and up audiences', 'canon compliant', 'body horror', 'suicide', 'team dynamics'}"
Naruto,18605767,"{'alternate universe - canon divergence', 'fix-it of sorts', 'teen and up audiences', 'one shot', 'angst'}"
Naruto,18407723,"{'other additional tags to be added', 'anbu hatake kakashi', 'uzumaki naruto is a good friend', 'pov haruno sakura', 'haruno sakura-centric', 'strong haruno sakura', 'not rated'}"
Naruto,18497986,"{'unrequited love', 'teen and up audiences', 'team bonding'}"
Naruto,18604432,"{'mature', 'alternate universe - modern setting', 'fluff and angst'}"
Naruto,17545724,"{'friendship/love', 'fluff and humor', 'teen and up audiences', 'angst and humor', 'pining', 'father-son relationship'}"
Naruto,18392690,"{'reincarnation', 'isekai', 'teen and up audiences', 'fantasy', 'twins'}"
Naruto,16736220,"{'time travel', 'child soldiers', 'alternate universe - canon divergence', 'eventual happy ending', 'fix-it of sorts', 'warring states period (naruto)', 'explicit', 'slow burn'}"
Naruto,17933774,{'not rated'}
Naruto,13016316,"{'smart uzumaki naruto', 'depression', 'strong uzumaki naruto', 'friends to lovers', 'uzumaki naruto is a good friend', 'dai-nana-han | team 7 (naruto) feels', 'slow burn', 'team as family', 'anxiety', 'teen and up audiences'}"
Naruto,17626166,"{'politics', 'family secrets', 'post-fourth shinobi war', 'romance', 'family drama', 'teen and up audiences', 'implied/referenced child abuse', 'post-canon', 'mystery', 'worldbuilding'}"
Naruto,15553446,"{'mature', 'smart uzumaki naruto'}"
Naruto,11932968,"{'narusasu - freeform', 'mpreg', 'sexual content', 'mature', 'top uzumaki naruto', 'omega verse', 'alpha uzumaki naruto', 'supernatural elements', 'alpha/beta/omega dynamics', 'omega uchiha sasuke'}"
Naruto,15526812,"{'alternate universe - time travel', 'mature', 'psychological torture'}"
Naruto,16775065,{'not rated'}
Naruto,18415031,"{'slice of life', 'mature', 'relationship(s)', 'crack', 'falling in love', ""this is why we can't have nice things"", 'bamf haruno sakura', 'crack treated seriously', 'eventual smut', 'alternate universe', 'eventual romance', 'post-fourth shinobi war', 'haruno sakura-centric', 'naruto is just naruto'}"
Naruto,18601402,{'mature'}
Naruto,16110326,"{'alternate universe - fantasy', 'uchiha itachi-centric', 'mature', 'magic', 'enemies to friends to lovers', 'slow burn'}"
Naruto,15674913,"{'magic', 'teen and up audiences'}"
Naruto,15917193,"{'eventual smut', 'eventual romance', 'falling in love', 'alternate universe - canon divergence', 'pov haruno sakura', 'explicit', 'bamf haruno sakura', 'mystery', 'slow burn', 'developing relationship'}"
Naruto,18511039,{'teen and up audiences'}
Naruto,18190184,"{'eventual smut', 'fluff', 'explicit', 'humor'}"
Naruto,18599905,"{'reader-insert', ""this is why we can't have nice things"", 'anal sex', 'praise kink', 'daddy kink', 'fluff and angst', 'rough sex', 'explicit', 'fluff and smut', 'plot what plot/porn without plot'}"
Naruto,18431609,"{'mature', 'friendship/love', 'alternate universe - canon divergence', 'psychological torture', 'violence', 'post-traumatic stress disorder - ptsd', 'slow burn'}"
Naruto,15977363,"{'teen and up audiences', 'alternate universe - soulmates'}"
Naruto,18341204,"{'teen and up audiences', 'hurt/comfort'}"
Naruto,18599362,"{'naruto fan art', 'mature', 'art'}"
Naruto,17302799,{'mature'}
Naruto,11110341,{'teen and up audiences'}
Naruto,18598588,{'not rated'}
Naruto,18533125,"{'explicit', 'alpha/beta/omega dynamics', 'mating cycles/in heat'}"
Naruto,18260957,"{'crossover', 'multiple crossovers', 'explicit', 'crossover pairings', 'genderbending', 'harems', 'futanari'}"
Naruto,18598078,"{'explicit', 'naruto - freeform', 'au'}"
Naruto,17947346,"{'angst with a happy ending', 'unrequited love', 'other additional tags to be added', 'hanahaki disease', 'not rated'}"
Naruto,17309159,"{'founders era', 'soulmates', 'teen and up audiences'}"
Naruto,16708828,"{'mature', 'canon divergence', 'slow build'}"
Naruto,18597262,"{'fluff', 'teen and up audiences'}"
Naruto,18538375,"{'alternate universe - reincarnation', 'reincarnation', 'teen and up audiences'}"
Naruto,9822119,"{'families of choice', 'alternate universe', 'teen and up audiences', 'bamf haruno sakura', 'team bonding', 'team as family', 'team dynamics'}"
Naruto,18595591,"{'comfort/angst', 'art', 'domestic fluff', 'teen and up audiences'}"
Naruto,18034391,"{'action/adventure', 'alternate universe - fantasy', 'crossover', 'friendship', 'teen and up audiences', 'adventure', 'fantasy'}"
Naruto,15506838,"{'emotional/psychological abuse', 'explicit', 'parent/child incest', 'daddy kink', 'references to depression', 'underage sex', 'implied/referenced incest', 'implied/referenced child abuse'}"
Naruto,18578629,"{'cheating', 'anal sex', 'rough kissing', 'flirting', 'anal fingering', 'rough sex', 'explicit'}"
Naruto,13491138,"{'bamf haruno sakura', 'alternate universe - canon divergence', 'warring states period (naruto)', 'explicit', 'strong haruno sakura'}"
Naruto,15076634,{'general audiences'}
Naruto,17091728,"{'dark', 'angst', 'mature', 'mental health issues', 'friendship', 'depression', 'slow build'}"
Naruto,17374250,"{'mature', 'romance'}"
Naruto,18338369,"{'crack', 'genderbending', 'self-insert', 'not rated'}"
Naruto,18346697,"{'gore', 'blood', 'fluff and angst', 'slow build', 'emotional hurt/comfort', 'past child abuse', 'protective uchiha sasuke', 'gay', 'slow burn', 'not rated', 'time travel', 'uchiha sasuke & uzumaki naruto friendship', 'comedy', 'dark comedy', 'naruto is just naruto'}"
Naruto,18434690,"{'general audiences', 'alternate universe - canon divergence', 'fix-it of sorts', 'character study', 'slow burn'}"
Naruto,18594112,"{'naruto fan art', 'alternate universe', 'general audiences', 'alternate universe - modern setting', 'team as family'}"
Naruto,18328763,"{'naruto fan art', 'kid fic', 'art', 'general audiences', 'time travel', 'good orochimaru (naruto)', 'hurt/comfort'}"
Naruto,18035846,"{'explicit', 'protective hatake kakashi'}"
Naruto,17983175,"{'time travel', 'teen and up audiences'}"
Naruto,6673174,"{'mature', 'best friends', 'hurt/comfort', 'falling in love', 'emotional hurt/comfort', 'father-son relationship', 'mpreg', 'time travel', 'bipolar disorder'}"
Naruto,18593638,"{'bamf uzumaki naruto', 'bamf uchiha sasuke', 'alternate universe', 'alternate universe - time travel', 'time travel', 'alternate universe - canon divergence', 'teen and up audiences', 'bamf haruno sakura', 'time travel fix-it'}"
Naruto,18593341,"{'pining', 'reincarnation', 'general audiences'}"
Naruto,17725547,"{'explicit', 'friends to lovers', 'narusasu - freeform', 'cheating', 'insecurity', 'drama', 'sexual tension', 'jealousy'}"
Naruto,18592717,"{'founders era', 'teen and up audiences'}"
Naruto,15987044,"{'alternate universe - canon divergence', 'teen and up audiences', 'alternate universe'}"
Naruto,18503944,{'teen and up audiences'}
Naruto,18592417,"{'underage sex', 'explicit'}"
Naruto,9600581,"{'family', 'demons', 'coming of age', 'teen and up audiences'}"
Naruto,17284805,"{'mature', 'bamf haruno sakura'}"
Naruto,11665749,"{'romance', 'teen and up audiences', 'adventure', 'drama', 'action'}"
Naruto,17036561,"{'mpreg', 'mature', 'you have been warned', 'blood'}"
Naruto,18222737,"{'explicit', 'humiliation', 'praise kink', 'first time', 'loss of virginity', 'dubious morality', 'emotional manipulation', 'kidnapping', 'dubious consent'}"
Naruto,14984873,"{'mental instability', 'explicit', 'implied/referenced rape/non-con', 'mpreg', 'graphic description', 'kidnapping', 'top uzumaki naruto', 'psychological torture', 'out of character', 'abuse'}"
Naruto,18590098,"{'general audiences', 'crack'}"
Naruto,18304013,"{'love', 'fluff', 'community: fluffbingo', 'fluff bingo quarter 2', 'explicit', 'fluff and smut'}"
Naruto,15682554,"{'enemies to friends to lovers', 'mature'}"
Naruto,18588694,{'teen and up audiences'}
Naruto,12205380,"{'angst and hurt/comfort', 'alternate universe - canon divergence', 'awkwardness', 'near death experiences', 'body horror', 'explicit', 'blood and violence'}"
Naruto,18389975,"{'mature', 'praise kink', 'daddy kink', 'rough sex', 'semi-public sex', 'vaginal fingering', 'underage sex', 'vaginal sex', 'oral sex', 'public sex', 'mating cycles/in heat'}"
Naruto,18432311,"{'action/adventure', 'mature', 'fluff', 'comedy', 'drama', 'humor'}"
Naruto,18588268,"{'smart uzumaki naruto', 'explicit', 'slash', 'male slash', 'past child abuse', 'mpreg', 'bamf uzumaki naruto', 'implied/referenced child abuse', 'abuse', 'harems', 'alpha hatake kakashi'}"
Naruto,18587947,"{'teen and up audiences', 'canon compliant', 'angst'}"
Naruto,18271610,"{'reincarnation', 'other additional tags to be added', 'fix-it of sorts', 'soulmates', 'feral behavior', 'angst', 'explicit'}"
Naruto,11443995,{'explicit'}
Naruto,18587365,"{'general audiences', 'fluff', 'post-canon', 'canon compliant'}"
Naruto,18587362,"{'general audiences', 'hanahaki disease', 'angst'}"
Naruto,18480022,"{'developing friendships', 'friends to lovers', 'feelings realization', 'friendship/love', 'fluff', 'friendship', 'fluff and angst', 'teen and up audiences', 'slow romance', 'slow build', 'slow burn', 'developing relationship'}"
Naruto,18585313,"{'sex', 'smut', 'fluff', 'teen and up audiences'}"
Naruto,17850815,"{'clan politics', 'second shinobi war', 'mental health issues', 'third shinobi war', 'teen and up audiences', 'blood and gore'}"
Naruto,18581614,"{'childhood friends', 'reader-insert', 'fluff and angst', 'teen and up audiences', 'one shot', 'pining'}"
Naruto,18585649,{'teen and up audiences'}
Naruto,18390191,{'teen and up audiences'}
Naruto,15997418,"{'love', 'sexual content', 'mature', 'coming of age', 'tragedy', 'friendship', 'romance', 'slow burn', 'hurt/comfort'}"
Naruto,18420627,"{'mature', 'recovery', 'canon-typical violence', 'war', 'hurt/comfort', 'unhealthy coping mechanisms', 'fluff', 'adventure', 'angst', 'bamf haruno sakura', 'character development', 'body horror', 'team as family', 'fix-it', 'time travel', 'child soldiers', 'alternate universe - canon divergence', 'mental health issues', 'friendship', 'haruno sakura-centric'}"
Naruto,18475510,"{'emotional/psychological abuse', 'angst with a happy ending', 'fix-it of sorts', 'explicit', 'mpreg', 'mating bites', 'happy ending', 'alpha/beta/omega dynamics', 'post-traumatic stress disorder - ptsd', 'mating cycles/in heat'}"
Naruto,18578464,"{'cheating', 'anal sex', 'neck kissing', 'anal fingering', 'rough sex', 'explicit', 'dubious consent'}"
Naruto,16746214,"{'kissing', 'sexual tension', 'fluff', 'romance', 'teen and up audiences', 'action', 'slow burn'}"
Naruto,18535414,"{'post-traumatic stress disorder - ptsd', 'original character(s)', 'gore', 'canonical character death', 'fix-it of sorts', 'fuuinjutsu master uzumaki naruto', 'blood', 'smart uzumaki naruto', 'canon-typical violence', 'explicit', 'angst and hurt/comfort', 'lgbtq character', 'torture', 'supernatural elements', 'team bonding', 'vaginal fingering', 'team dynamics', 'politics', 'hyuuga neji lives', 'attempted murder', 'panic attacks', 'child neglect', 'team as family', 'kidnapping', 'bamf uzumaki naruto', 'fix-it', 'vaginal sex', 'slow burn', 'alternate universe', 'family secrets', 'family', 'alternate universe - canon divergence', 'childhood trauma', 'clan politics', 'implied/referenced child abuse', 'public sex', 'lgbtq themes', 'worldbuilding'}"
Naruto,18578707,{'mature'}
Naruto,18577735,"{'friends to lovers', 'mature', 'jealousy', 'mental health issues', 'fluff', 'one shot', 'angst'}"
Naruto,15406896,"{'slice of life', 'canon-typical violence', 'pre-canon', 'cross-posted on fanfiction.net', 'fluff', 'angst', 'slow build', 'anbu - freeform', 'au', 'self-insert', 'team as family', 'second shinobi war', 'alternate universe - canon divergence', 'teen and up audiences'}"
Naruto,15866415,"{'bamf dai-nana-han | team 7 (naruto)', 'general audiences', 'smart uzumaki naruto', 'implied/referenced child abuse', 'team as family'}"
Naruto,13923360,"{'mpreg', 'original character(s)', 'fluff', 'teen and up audiences', 'angst'}"
Naruto,13332108,"{'mature', 'bamf haruno sakura'}"
Naruto,16873359,"{'politics', 'fix-it', 'teen and up audiences', 'worldbuilding'}"
Naruto,18581938,{'not rated'}
Naruto,18581413,"{'alternate universe - college/university', 'established relationship', 'mature', 'alternate universe - modern setting', 'one shot'}"
Naruto,18581383,"{'angst', 'fluff', 'teen and up audiences', 'pining'}"
Naruto,18580918,"{'smut', 'mature', 'naruto - freeform'}"
Naruto,18521866,"{'murder', 'reincarnation', 'dark themes', 'child soldiers', 'i wrote this instead of sleeping', 'warring states period (naruto)', 'implied/referenced child abuse', 'explicit'}"
Naruto,17293619,"{'dark', 'explicit', 'humiliation', 'suicidal thoughts', 'torture', 'attempted rape/non-con', 'you have been warned', 'dubious consent'}"
Naruto,18580780,{'general audiences'}
Naruto,18580630,"{'developing friendships', 'other additional tags to be added', 'mature'}"
Naruto,16838686,"{'reincarnation', 'other additional tags to be added', 'alternate universe - canon divergence', 'uchiha massacre', 'friendship', 'teen and up audiences', 'anbu - freeform', 'team bonding', 'konohagakure | hidden leaf village'}"
Naruto,17778431,"{'mpreg', 'no uchiha massacre', 'other additional tags to be added', 'explicit'}"
Naruto,15928787,"{'friends to lovers', 'eventual romance', 'mature', 'fluff', 'adventure'}"
Naruto,17931782,"{'explicit', 'shameless smut', 'smut'}"
Naruto,18578002,"{'sex', 'vaginal sex', 'smut', 'angst', 'explicit', 'vaginal fingering'}"
Naruto,18204881,"{'dark', 'smut', 'eventual relationship', 'healing', 'trauma', 'slow romance', 'angst', 'explicit', 'anbu - freeform', 'slow burn', 'hurt/comfort'}"
Naruto,18577864,"{'general audiences', 'alternate universe - modern setting'}"
Naruto,18577285,"{'bamf uzumaki naruto', 'anbu uzumaki naruto', 'au', 'anbu hatake kakashi', 'teen and up audiences', 'light angst'}"
Naruto,18577255,"{'pre-relationship', 'alternate universe - canon divergence', 'awkward flirting', 'flirting', 'teen and up audiences', 'bamf haruno sakura', 'pining'}"
Naruto,17697608,"{'alternate universe', 'mature', 'age difference', 'angst'}"
Naruto,17836163,"{'family', 'alternate universe - time travel', 'mature', 'eventual romance', 'other additional tags to be added', 'alternate universe - canon divergence', 'slow build', 'romance', 'angst', 'hurt/comfort'}"
Naruto,18564352,"{'anal sex', 'soulmates', 'canon-typical violence', 'pining', 'explicit', 'pre-canon', 'implied/referenced suicide', 'anbu hatake kakashi', 'near death experiences', 'alternate universe - soulmates', 'teasing', 'love confessions', 'eventual relationship'}"
Naruto,18575953,{'not rated'}
Naruto,18503125,"{'mature', 'naruto - freeform', 'slow burn', 'au', 'eventual smut'}"
Naruto,18575584,"{'mature', 'crack'}"
Naruto,13818711,"{'masturbation', 'unrequited love', 'anal sex', 'depression', 'anal fingering', 'explicit', 'shameless smut', 'hurt/comfort', 'comfort/angst', 'fluff and angst', 'cuddling & snuggling', 'yaoi', 'sexual content', 'self-harm', 'oral sex', 'voyeurism', 'rimming', 'panic attacks'}"
Naruto,18575170,{'not rated'}
Naruto,18504763,"{'fix-it', 'mature', 'time travel', 'romance', 'angst', 'slow burn'}"
Naruto,18261989,"{'shameless smut', 'smut', 'angst and fluff and smut', 'fluff', 'fluff and angst', 'explicit', 'fluff and smut', 'implied/referenced incest'}"
Naruto,18573007,"{'time travel fix-it', 'time travel', 'alternate universe - canon divergence', 'fix-it of sorts', 'alpha/beta/omega dynamics', 'not rated'}"
Naruto,18572797,"{'gay', 'alternate universe - modern setting', 'flirting', 'teen and up audiences', 'pining', 'humor'}"
Naruto,14364861,{'mature'}
Naruto,18572290,{'mature'}
Naruto,17604893,{'mature'}
Naruto,16586651,"{'slow burn', 'not rated'}"
Naruto,16685326,"{'hatake kakashi-centric', 'fix-it of sorts', 'hatake kakashi needs a hug', 'not rated', 'fix-it', 'time travel', 'time travel fix-it'}"
Naruto,18400370,"{'family', 'sexual content', 'mature', 'fluff', 'humor'}"
Naruto,18568327,{'teen and up audiences'}
Naruto,16460351,"{'coming of age', 'fuuinjutsu master uzumaki naruto', 'explicit', 'blood and gore', 'hurt/comfort', 'developing friendships', 'falling in love', 'healing', 'fluff and angst', 'emotional hurt/comfort', 'friendship/love', 'alternate universe - canon divergence', 'implied/referenced child abuse', 'slow romance', 'post-traumatic stress disorder - ptsd'}"
Naruto,18567181,"{'fluff', 'teen and up audiences', 'feral behavior'}"
Naruto,18567025,"{'drinking', 'alternate universe - college/university', 'shyness', 'awkward flirting', 'fluff', 'teen and up audiences'}"
Naruto,17120159,"{'general audiences', 'emotional manipulation'}"
Naruto,16811197,"{'smut', 'fluff', 'angst', 'explicit', 'divorce', 'slow burn', 'hurt/comfort'}"
Naruto,18570871,"{'references to depression', 'haruno sakura-centric', 'not rated'}"
Naruto,16535822,"{'sex', 'mpreg', 'mature', 'gore', 'torture', 'abuse', 'death', 'yaoi'}"
Naruto,18467035,{'teen and up audiences'}
Naruto,15485211,"{'sex', 'murder', 'mature', 'character death', 'violence'}"
Naruto,18569431,"{'bdsm', 'explicit', 'humiliation', 'self-indulgent', 'praise kink', 'plot what plot/porn without plot', 'implied/referenced incest'}"
Naruto,17737604,"{'crossover', 'original character(s)', 'mature', 'multiple crossovers', 'blood', 'fantasy', 'strong uzumaki naruto', 'war', 'violence', 'action/adventure', 'alternate universe - fantasy', 'magic', 'supernatural elements', 'death', 'alternate universe - reincarnation', 'reincarnation', 'pov first person', 'alternate universe', 'isekai', 'out of character', 'harems'}"
Naruto,15292902,"{'teen and up audiences', 'konohagakure | hidden leaf village'}"
Naruto,18568432,"{'alternate universe', 'mature'}"
Naruto,18568375,"{'general audiences', 'naruto is just naruto'}"
Naruto,18568348,"{'general audiences', 'anbu uzumaki naruto', 'angst'}"
Naruto,18568294,{'mature'}
Naruto,12899424,"{'alternate universe - modern setting', 'teen and up audiences'}"
Naruto,18568015,"{'general audiences', 'fluff', 'modern au'}"
Naruto,17165354,"{'mature', 'drama'}"
Naruto,17148419,{'teen and up audiences'}
Naruto,18566323,"{'anal', 'explicit', 'naruto - freeform', 'yaoi'}"
Naruto,18566248,"{'established relationship', 'teen and up audiences', 'angst'}"
Naruto,16108763,"{'bamf uzumaki naruto', 'my first work in this fandom', 'general audiences', 'time travel', 'i wrote this instead of sleeping', 'smart uzumaki naruto', 'uchiha sasuke & uzumaki naruto friendship'}"
Naruto,18342065,"{'hurt/comfort', 'implied/referenced suicide', 'teen and up audiences', 'child abuse', 'implied/referenced rape/non-con', 'child neglect'}"
Naruto,13761867,"{'romance', 'bdsm', 'explicit'}"
Naruto,15586209,"{'bamf dai-nana-han | team 7 (naruto)', 'smart uzumaki naruto', 'fuuinjutsu master uzumaki naruto', 'canon-typical violence', 'protective hatake kakashi', 'fluff and humor', 'team bonding', 'team dynamics', 'dai-nana-han | team 7 (naruto) feels', 'team as family', 'family secrets', 'alternate universe - canon divergence', 'uzumaki naruto needs a hug', 'friendship', 'teen and up audiences'}"
Naruto,18446522,"{'kissing', 'hand jobs', 'awkwardness', 'community: fluffbingo', 'first time', 'fluff bingo quarter 2', 'explicit', 'fluff and smut'}"
Naruto,18564271,"{'fluff', 'teen and up audiences'}"
Naruto,18300209,"{'good orochimaru (naruto)', 'fix-it of sorts', 'general audiences', 'alternate universe - canon divergence'}"
Naruto,17209544,"{'general audiences', 'alternate universe - canon divergence', 'uchiha sasuke-centric'}"
Naruto,16830607,"{'slice of life', 'romance', 'teen and up audiences', 'comedy', 'drama', 'modern au'}"
Naruto,18413246,"{'mature', 'canon divergence'}"
Naruto,15550575,"{'mpreg', 'alternate universe - canon divergence', 'dimension travel', 'fix-it of sorts', 'teen and up audiences'}"
Naruto,17241749,"{'families of choice', 'teen and up audiences', 'team as family'}"
Naruto,15191990,"{'bamf dai-nana-han | team 7 (naruto)', 'no uchiha massacre', ""this is why we can't have nice things"", 'fluff', 'dai-nana-han | team 7 (naruto)-centric', 'not rated'}"
Naruto,18274292,"{'mating cycles/in heat', 'narusasu - freeform', 'mpreg', 'alpha/beta/omega dynamics', 'alpha uzumaki naruto', 'teen and up audiences', 'omega uchiha sasuke', 'naruto is just naruto', 'alpha hatake kakashi'}"
Naruto,18562657,{'general audiences'}
Naruto,18562579,"{'teen and up audiences', 'drama', 'angst', 'modern au'}"
Naruto,16380767,"{'smut', 'mature', 'teasing', 'angst', 'au'}"
Naruto,18562495,"{'mature', 'modern au'}"
Naruto,18562393,"{'teen and up audiences', 'fluff'}"
Naruto,15934190,"{'tragedy', 'anal sex', 'canon-typical violence', 'explicit', 'fluff and smut', 'pre-canon', 'smut', 'slash', 'ninja', 'flirting', 'male slash', 'angst', 'protective uchiha sasuke', 'uchiha sasuke-centric', 'romance', 'slow burn', 'yaoi', 'eventual smut', 'fix-it', 'anal', 'family', 'eventual romance', 'time travel', 'friendship'}"
Naruto,18562321,{'mature'}
Naruto,18132521,{'general audiences'}
Naruto,18134837,"{'reader-insert', 'general audiences', 'fluff', 'romance', 'angst', 'slow burn'}"
Naruto,18257915,"{'eventual smut', 'explicit', 'post-traumatic stress disorder - ptsd', 'slow burn'}"
Naruto,18288704,{'not rated'}
Naruto,16030577,"{'mature', 'alternate universe - modern setting', 'smart uzumaki naruto', 'uchiha sasuke & uzumaki naruto friendship', 'slow build', 'strong uzumaki naruto'}"
Naruto,16533212,"{'no uchiha massacre', 'bamf haruno sakura', 'alternate universe - canon divergence', 'teen and up audiences', 'haruno sakura-centric'}"
Naruto,14350278,"{'crossover', 'explicit'}"
Naruto,8343631,"{'coming of age', 'awkwardness', 'best friends', 'action/adventure', 'minor character death', 'adventure', 'shyness', 'alternate universe - canon divergence', 'friendship', 'teen and up audiences'}"
Naruto,18560218,"{'general audiences', 'angst'}"
Naruto,18555301,"{'general audiences', 'established relationship'}"
Naruto,18465559,"{'mpreg', 'masturbation', 'voyeurism', 'explicit'}"
Naruto,18555850,"{'no uchiha massacre', 'alternate universe - canon divergence', 'strong haruno sakura', 'smart uzumaki naruto', 'teen and up audiences', 'uchiha sasuke & uzumaki naruto friendship', 'bamf haruno sakura', 'konohagakure | hidden leaf village', 'haruno sakura-centric'}"
Naruto,11953272,"{'not canon compliant', 'no beta we die like men', 'hurt/comfort', 'not rated'}"
Naruto,17794631,"{'eventual smut', 'explicit language', 'mature', 'friendship', 'fluff and smut', 'slow burn', 'explicit sexual content'}"
Naruto,17968733,{'teen and up audiences'}
Naruto,16982289,"{'dark', 'sharingan', 'blood', 'teen and up audiences', 'death'}"
Naruto,7787566,"{'romance', 'complicated relationships', 'teen and up audiences'}"
Naruto,18293930,"{'politics', 'hurt/comfort', 'revenge', 'teen and up audiences', 'emotional hurt/comfort'}"
Naruto,18558529,"{'masturbation', 'anal sex', 'explicit', 'parent/child incest', 'incest', 'underage sex', 'futanari', 'vaginal sex', 'oral sex', 'voyeurism', 'public sex'}"
Naruto,18558019,"{'general audiences', 'fluff'}"
Naruto,17493557,"{'explicit', 'action/adventure', 'eventual smut', 'alternate universe', 'dark comedy'}"
Naruto,16495181,{'general audiences'}
Naruto,17882270,"{'eventual smut', 'emotional/psychological abuse', 'cheating', 'eventual romance', 'healing', 'not rated', 'emotional manipulation'}"
Naruto,17345099,"{'minor character death', 'family', 'mature', 'alternate universe - modern setting', 'happy ending', 'angst', 'alternate universe - soulmates'}"
Naruto,16618697,"{'explicit', 'yaoi'}"
Naruto,13787796,"{'emotional/psychological abuse', 'self-indulgent', 'graphic description', 'angst and hurt/comfort', 'psychological torture', 'domestic fluff', 'mental health issues', 'teen and up audiences', 'psychological trauma'}"
Naruto,18284036,{'teen and up audiences'}
Naruto,18555952,"{'enemies to friends to lovers', 'explicit', 'slow burn'}"
Naruto,18555739,"{'narusasu - freeform', 'anal sex', 'romance', 'comedy', 'explicit'}"
Naruto,17570420,"{'eventual romance', 'general audiences', 'alternate universe - canon divergence', 'slow burn'}"
Naruto,18554809,{'general audiences'}
Naruto,16964409,"{'not rated', 'au', 'tumblr prompt'}"
Naruto,18553831,{'explicit'}
Naruto,18552949,"{'general audiences', 'time travel', 'humor'}"
Naruto,12859449,"{'mature', 'au'}"
Naruto,16846216,"{'founders era', 'explicit', 'brotherly love'}"
Naruto,18411911,"{'dubious consent', 'depression', 'explicit', 'emotional hurt/comfort', 'hurt/comfort'}"
Naruto,18552196,"{'teen and up audiences', 'angst'}"
Naruto,17155532,"{'some humor', 'alternate universe - canon divergence', 'not rated'}"
Naruto,14738936,"{'founders era', 'warring states period (naruto)', 'teen and up audiences'}"
Naruto,6799135,"{'fix-it', 'explicit language', 'families of choice', 'original character(s)', 'original character-centric', 'other additional tags to be added', 'alternate universe - canon divergence', 'fluff and angst', 'pov first person', 'teen and up audiences', 'team as family', 'self-insert'}"
Naruto,16206353,"{'general audiences', 'one shot'}"
Naruto,14128191,"{'teen and up audiences', 'original character(s)'}"
Naruto,14302191,"{'alternate universe', 'mature', 'romance', 'incest', 'angst', 'brotherly love', 'yaoi'}"
Naruto,16075865,"{'crossover', 'teen and up audiences', 'comedy'}"
Naruto,18480625,"{'smut', 'plot', 'vampires', 'romance', 'bdsm', 'angst', 'explicit', 'alpha/beta/omega dynamics', 'au', 'hurt/comfort'}"
Naruto,16946859,"{'fix-it', 'art', 'alternate universe - canon divergence', 'character study', 'drama', 'worldbuilding', 'humor', 'not rated'}"
Naruto,15720174,"{'childhood friends', 'original character-centric', 'mature', 'hatake kakashi-centric', 'depression', 'character death', 'fluff and smut', 'protective hatake kakashi', 'developing relationship', 'hurt/comfort', 'implied/referenced suicide', 'family issues', 'anbu hatake kakashi', 'lgbtq character', 'near death experiences', 'emotional hurt/comfort', 'sex', 'complicated relationships', 'grief/mourning', 'love confessions', 'family secrets', 'anxiety', 'self-harm', 'friendship/love', 'post-traumatic stress disorder - ptsd'}"
Naruto,18138359,"{'general audiences', 'grief/mourning', 'suicidal thoughts', 'suicide attempt'}"
Naruto,18512188,{'explicit'}
Naruto,18545674,"{'cheating', 'semi-public sex', 'alternate universe - college/university', 'anal sex', 'rough kissing', 'explicit'}"
Naruto,15001781,"{'alternate universe - canon divergence', 'teen and up audiences', 'pov haruno sakura', 'bamf sakura', 'bamf haruno sakura', 'haruno sakura-centric'}"
Naruto,17962178,"{'eventual smut', 'slice of life', 'magic', 'plot', 'romance', 'bdsm', 'angst', 'explicit', 'au', 'hurt/comfort', 'fantasy'}"
Naruto,18274313,"{'drinking', 'mature', 'depression', 'family drama', 'angst', 'gay', 'happy ending', 'anxiety'}"
Naruto,18283595,"{'redemption', 'smut', 'magic', 'tragedy', 'plot', 'romance', 'bdsm', 'recovery', 'angst', 'explicit', 'au', 'hurt/comfort'}"
Naruto,15999368,"{'general audiences', 'slow build', 'konoha - freeform'}"
Naruto,18548524,"{'general audiences', 'fluff and angst'}"
Naruto,18376511,"{'pre-relationship', 'fluff', 'flirting', 'community: fluffbingo', 'teen and up audiences', 'fluff bingo quarter 2'}"
Naruto,16811644,"{'depression', 'explicit', 'fluff and smut', 'friends to lovers', 'angst and hurt/comfort', 'alternate universe - modern setting', 'suicidal thoughts', 'healing', 'suicide attempt', 'slow burn', 'eventual smut', 'some humor', 'eventual romance', 'friendship', 'slow romance'}"
Naruto,17305127,"{'bdsm', 'explicit', 'modern au'}"
Naruto,18547801,"{'semi-public sex', 'anal sex', 'explicit'}"
Naruto,18368585,"{'smart uzumaki naruto', 'teen and up audiences'}"
Naruto,16431932,"{'tragedy', 'explicit', 'humiliation', 'brotherly love', 'explicit language', 'torture', 'angst', 'explicit sexual content', 'politics', 'sex', 'uchiha itachi-centric', 'revenge', 'uchiha sasuke-centric', 'uchiha massacre', 'romance', 'drama', 'underage sex', 'family', 'voyeurism', 'psychological torture', 'friendship'}"
Naruto,18547777,{'explicit'}
Naruto,18547369,"{'mature', 'naruto - freeform'}"
Naruto,18547312,{'explicit'}
Naruto,18221408,"{'post-fourth shinobi war', 'teen and up audiences', 'canon compliant'}"
Naruto,17850986,"{'teen and up audiences', 'slow burn'}"
Naruto,18545908,"{'general audiences', 'cuddling & snuggling'}"
Naruto,17192753,"{'reincarnation', 'eventual romance', 'teen and up audiences', 'haruno sakura-centric', 'strong haruno sakura'}"
Naruto,16789906,"{'dubious morality', 'mature', 'blood and gore', 'bamf haruno sakura', 'alternate universe - canon divergence', 'child soldiers', 'eventual happy ending', 'character study', 'trauma', 'slow build', 'haruno sakura-centric', 'suicide', 'strong haruno sakura'}"
Naruto,16224245,"{'minor character death', 'alternate universe', 'other additional tags to be added', 'general audiences', 'self-insert', 'crack', 'alternate universe - canon divergence', 'fix-it of sorts', 'no beta we die like men', 'fluff', 'crack treated seriously'}"
Naruto,17340362,"{'feelings realization', 'mature', 'rough kissing', 'bullying', 'rough sex', 'semi-public sex', 'explicit sexual content', 'references to depression', 'slow burn', 'vaginal sex', 'sexual tension', 'oral sex', 'jealousy', 'alternate universe - canon divergence'}"
Naruto,17944286,"{'mpreg', 'friends to lovers', 'alternate universe - canon divergence', 'best friends', 'fix-it of sorts', 'alpha uzumaki naruto', 'explicit', 'alpha/beta/omega dynamics', 'omega uchiha sasuke'}"
Naruto,18358691,"{'explicit language', 'mating bites', 'alternate universe - modern setting', 'alternate universe - canon divergence', 'omega verse', 'explicit', 'alpha/beta/omega dynamics', 'mating cycles/in heat', 'explicit sexual content'}"
Naruto,18541141,"{'cross-posted on fanfiction.net', 'general audiences'}"
Naruto,17592422,"{'explicit language', 'alternate universe', 'out of character', 'teen and up audiences', 'genderbending', 'crack treated seriously'}"
Naruto,18545362,"{'alternate universe - reincarnation', 'isekai', 'third shinobi war', 'teen and up audiences', 'pov first person', 'male slash'}"
Naruto,18205973,"{'general audiences', 'good orochimaru (naruto)'}"
Naruto,18313595,"{'alternate universe - canon divergence', 'teen and up audiences', 'comedy', 'angst and humor', 'lgbtq themes'}"
Naruto,18544789,"{'other additional tags to be added', 'i wrote this instead of sleeping', 'suicidal thoughts', ""this is why we can't have nice things"", 'angst', 'suicide', 'my first work in this fandom', 'teen and up audiences'}"
Naruto,17731715,"{'other additional tags to be added', 'general audiences', 'lgbtq character', 'konoha - freeform', 'lgbtq themes', 'self-insert'}"
Naruto,17955056,"{'general audiences', 'time travel'}"
Naruto,18543883,{'not rated'}
Naruto,18543802,"{'mature', 'magic', 'fluff', 'angst', 'alternate universe - soulmates'}"
Naruto,17481389,"{'teen and up audiences', 'modern au'}"
Naruto,9645377,{'teen and up audiences'}
Naruto,17507255,"{'mature', 'alternate universe - canon divergence', 'angst and fluff and smut', 'eventual happy ending', 'fix-it of sorts', 'friendship', 'dai-nana-han | team 7 (naruto)-centric'}"
Naruto,17737880,"{'mature', 'crossover'}"
Naruto,18424845,{'general audiences'}
Naruto,18542635,"{'kissing', 'vaginal sex', 'mature', 'parenthood', 'neck kissing', 'cuddling & snuggling'}"
Naruto,18542485,"{'general audiences', 'fluff'}"
Naruto,18402209,"{'mature', 'my first work in this fandom', 'denial of feelings', 'slow burn', 'eventual relationship', 'alternate universe - canon divergence', 'strong haruno sakura'}"
Naruto,7118050,"{'general audiences', 'action/adventure'}"
