fandom,id,tags
One Direction,17174948,{'teen and up audiences'}
One Direction,14954813,"{'teen and up audiences', 'innocent louis', 'mating', 'alpha/omega', 'mpreg louis', 'jealousy', 'romance', 'omega louis', 'slow build', 'bonding', 'alpha/beta/omega dynamics', 'alpha harry', 'mpreg', 'past relationship(s)', 'smut', 'possessive harry'}"
One Direction,5578930,{'mature'}
One Direction,14220525,"{'heavy angst', 'alpha zayn', 'alpha louis', 'omega harry', 'alpha/omega', 'explicit', 'omega niall', 'anal sex', 'pregnant sex', 'oral sex', 'mating bond', 'friends with benefits', 'angst', 'fluff', 'angst and hurt/comfort', 'mating cycles/in heat', 'sad harry', 'unrequited love', 'alpha/beta/omega dynamics', 'alpha liam payne'}"
One Direction,18613144,"{'anal fingering', 'gay sex', 'light angst', 'anal sex', 'canon compliant', 'light dom/sub', 'choking', 'light bondage', 'explicit'}"
One Direction,15592404,"{'smut', 'canon compliant', 'angst', 'enemies to friends to lovers', 'future fic', 'explicit'}"
One Direction,18584566,"{'angst', 'zarry - freeform', 'explicit'}"
One Direction,18213938,"{'not rated', 'omega niall', 'alpha zayn', 'alpha/beta/omega dynamics', 'mutual pining', 'protective louis', 'friends to lovers', 'alpha louis', 'sad harry', 'alpha liam payne', 'omega harry'}"
One Direction,18626617,"{'spanking', 'sub harry', 'bdsm', 'subspace', 'strangers to lovers', 'smut', 'dom louis', 'aftercare', 'top louis tomlinson', 'bottom harry', 'submissive harry styles', 'bondage', 'explicit'}"
One Direction,18624367,"{'exhibitionism', 'dildos', 'daddy kink', 'semi-public sex', 'sex toys', 'vibrators', 'plot what plot/porn without plot', 'explicit'}"
One Direction,18540343,"{'alternate universe - future', 'teen and up audiences', 'soft', 'mild hurt/comfort', 'friends with benefits', 'fluff and angst', 'strangers to lovers', 'kind of', 'making out'}"
One Direction,17900744,"{'omega niall', 'alpha zayn', 'alpha/beta/omega dynamics', 'alpha harry', 'omega louis', 'alpha liam', 'mating cycles/in heat', 'sad louis', 'explicit'}"
One Direction,6395896,"{'not rated', 'past character death', 'sexual content'}"
One Direction,18387026,"{'mature', 'zayn leaves one direction'}"
One Direction,18564064,"{'not rated', 'alpha/beta/omega dynamics', 'alpha harry', 'omega louis', 'soulmates', 'mpreg', 'famous harry', 'omega zayn malik', 'smut', 'daddy kink', 'mating cycles/in heat', 'alpha liam payne', 'alpha/omega', 'beta niall horan'}"
One Direction,18300899,{'not rated'}
One Direction,18587971,"{'alpha/beta/omega dynamics', 'alpha harry', 'omega louis', 'alpha/omega', 'explicit'}"
One Direction,14206800,"{'heavy angst', 'post-break up', 'unresolved sexual tension', 'explicit', 'established relationship', 'angst with a happy ending', 'getting back together', 'panic attacks', 'emotional hurt/comfort', 'flashbacks', 'suicide attempt', 'internalized homophobia', 'hurt/comfort', 'canon compliant', 'slow burn', 'bottom harry', 'future fic'}"
One Direction,16209677,"{'fake/pretend relationship', 'friends to lovers', 'au', 'explicit'}"
One Direction,18619186,"{'not rated', 'angst with a happy ending'}"
One Direction,17716208,"{'not rated', 'boyfriends', 'louis tomlinson loves harry styles', 'true love', 'harry styles loves louis tomlinson'}"
One Direction,18565873,"{'teen and up audiences', 'angst'}"
One Direction,17367086,"{'suspense', 'enemies to lovers', 'hate to love', 'smut', 'explicit sexual content', 'canada', 'explicit'}"
One Direction,18614926,"{'explicit', 'coming out', 'implied/referenced cheating', 'alternate universe - high school', 'submissive harry styles', 'rimming', 'exhibitionism', 'dom louis', 'daddy kink', 'top louis tomlinson', 'vibrators', 'bottom harry', 'plot what plot/porn without plot'}"
One Direction,18613756,{'mature'}
One Direction,18565573,"{'bottom louis', 'louis tomlinson loves harry styles', 'harry styles loves louis tomlinson', 'mature', 'established harry styles/louis tomlinson', 'larry stylinson is real'}"
One Direction,18442178,"{'teen and up audiences', 'innocent louis', 'protectiveness', 'liam payne & louis tomlinson friendship', 'niall horan & harry styles friendship', 'romance', 'omega louis', 'domestic fluff', 'alpha/beta/omega dynamics', 'alpha harry', 'domestic violence', 'alpha harry styles', 'falling in love', 'louis in glasses'}"
One Direction,18046373,"{'boyfriends', 'innocent louis', 'violence', 'mature', 'top!harry', 'bottom!louis'}"
One Direction,17303063,"{'alternate universe', 'fluff and smut', 'explicit'}"
One Direction,15759462,"{'not rated', 'blow jobs', 'niall horan & harry styles friendship', 'post-break up', 'getting back together', 'soulmates', 'anal sex', 'alternate universe - no one direction', 'angst with a happy ending', 'alternate universe', 'angst', 'enemies to friends to lovers'}"
One Direction,18610654,"{'romance', 'secret admirer', 'violence', 'friends to lovers', 'fluff', 'alternate universe - college/university', 'secrets', 'general audiences'}"
One Direction,15676137,"{'alpha zayn', 'eventual smut', 'nightmares', 'alpha liam', 'anxiety', 'explicit', 'omega niall', 'drug use', 'angst with a happy ending', 'polyamory', 'omega louis', 'panic attacks', 'self harm', 'mating cycles/in heat', 'sad louis', 'spanking', 'suicide attempt', 'alpha/beta/omega dynamics', 'alpha harry', 'mpreg', 'slow burn'}"
One Direction,15194159,"{'not rated', 'sad ending', 'angst', 'flashbacks', 'sad'}"
One Direction,18608002,{'explicit'}
One Direction,15860223,"{'teen and up audiences', 'non-famous harry', 'alternate universe - non-famous', 'friends to lovers', 'slow burn'}"
One Direction,15784611,"{'bottom louis', 'alpha harry', 'omega louis', 'enemies to friends to lovers', 'eventual smut', 'explicit', 'alternate universe - historical', 'alpha liam payne', 'shameless smut', 'alpha/omega', 'omega verse'}"
One Direction,17812916,"{'bottom!louis', 'explicit', 'alternate universe', 'fluff', 'mpreg', 'top!harry'}"
One Direction,18101873,"{'not rated', 'kidnapping', 'friends to lovers', 'magic', 'travel', 'alternate universe - future', 'kind of', 'alternate universe', 'flashbacks', 'alternate universe - magic', 'soulmates', 'alternate universe - fantasy', 'no smut'}"
One Direction,15755118,"{'top harry', 'alpha zayn', 'innocent louis', 'mature', 'violence', 'mating', 'alpha/omega', 'omega niall', 'anal sex', 'light bdsm', 'other additional tags to be added', 'omega louis', 'angst', 'fluff', 'slow build', 'mating cycles/in heat', 'bonding', 'bottom louis', 'alpha/beta/omega dynamics', 'alpha harry', 'mpreg', 'smut', 'hurt/comfort', 'possessive behavior', 'alpha liam payne'}"
One Direction,16436981,{'general audiences'}
One Direction,16610990,"{'post-traumatic stress disorder - ptsd', 'eventual smut', 'violence', 'mature', 'implied/referenced self-harm', 'self-harm', 'suicidal thoughts', 'fluff and angst', 'past abuse', 'other additional tags to be added', 'self-esteem issues', 'romance', 'panic attacks', 'triggers', 'internalized homophobia', 'domestic violence', 'hurt/comfort', 'depression', 'homophobic language'}"
One Direction,16282670,"{'mature', 'larry stylinson is real', 'love'}"
One Direction,17157695,"{'violence', 'mature', 'alpha louis', 'fantasy', 'larry stylinson - freeform', 'character death', 'mating bond', 'werewolves', 'omega verse', 'fluff', 'mating cycles/in heat', 'alternate universe - werewolf', 'alpha/beta/omega dynamics', 'top louis', 'bottom harry', 'non-traditional alpha/beta/omega dynamics', 'angst'}"
One Direction,18601177,"{'girl direction', 'mature', 'side ziam', 'past child abuse'}"
One Direction,13567914,"{'flirting', 'post-traumatic stress disorder - ptsd', 'panic attacks', 'anxiety', 'mature', 'fluff', 'divorce'}"
One Direction,7246555,"{'non-famous harry', 'alternate universe - non-famous', 'explicit'}"
One Direction,17239652,"{'innocent louis', 'self-harm', 'drugs', 'explicit', 'possessive behavior', 'protectiveness', 'healing', 'sad louis', 'protective liam', 'physical abuse'}"
One Direction,18598411,"{'alpha/beta/omega dynamics', 'mature'}"
One Direction,18590416,"{'au', 'explicit'}"
One Direction,17552270,"{'morning sex', 'eventual smut', 'friends to lovers', 'hand jobs', 'explicit', 'anal fingering', 'anal sex', 'lilo friendship', 'alcohol abuse/alcoholism', 'drug addiction', 'american au', 'happy ending', 'blow jobs', 'hurt/comfort', 'slow burn', 'angst'}"
One Direction,18596551,"{'mature', 'no angst', 'kissing', 'anal sex', 'pining', 'jealousy', 'fluff', 'bottom louis', 'smut'}"
One Direction,18547240,"{'zarry - freeform', 'general audiences'}"
One Direction,18595741,"{'not rated', 'so much fluff', 'canon compliant', 'coming out'}"
One Direction,18595714,"{'teen and up audiences', 'top louis tomlinson', 'light bdsm'}"
One Direction,14851614,"{'not rated', 'football player louis'}"
One Direction,18395762,"{'friends to lovers', 'explicit sexual content', 'alpha/omega', 'explicit', 'anal fingering', 'anal sex', 'pining', 'angst with a happy ending', 'alternate universe - high school', 'secrets', 'mating bond', 'oral sex', 'knotting', 'bullying', 'mutual pining', 'mating cycles/in heat', 'bonding', 'alpha/beta/omega dynamics', 'high school', 'masturbation', 'falling in love', 'smut', 'family drama', 'jealous louis', 'angst'}"
One Direction,18146435,"{'enemies to lovers', 'one direction big bang', 'explicit sexual content', 'side ziam', 'secrets', 'explicit'}"
One Direction,17706881,"{'explicit sexual content', 'photographer harry', 'alcohol', 'explicit', 'homophobia', 'drug abuse', 'implied/referenced suicide', 'fluff', 'rape/non-con elements', 'triggers', 'gay', 'internalized homophobia', 'smut', 'angst', 'fluff and smut'}"
One Direction,18594646,"{'not rated', 'canon compliant', 'coming out'}"
One Direction,18593662,{'not rated'}
One Direction,18591319,"{'alternate universe - college/university', 'general audiences'}"
One Direction,18462083,"{'top harry', 'bottom louis', 'mature'}"
One Direction,18589912,"{'roleplay', 'polyamory', 'light angst', 'explicit', 'light dom/sub', 'vaginal fingering'}"
One Direction,18588187,"{'proposal', 'larry - freeform', 'ageplay', 'smut', 'mature'}"
One Direction,18579550,"{'bottom louis', 'cheating', 'mutual pining', 'friends to lovers', 'sexual tension', 'angst', 'explicit'}"
One Direction,15562764,"{'anxiety', 'explicit', 'fluff and angst', 'fluff', 'happy ending', 'smut', 'slow burn', 'angst'}"
One Direction,18587257,"{'not rated', 'omega niall', 'alpha/beta/omega dynamics', 'alpha harry', 'bottom zayn', 'mpreg', 'omega zayn malik', 'alpha louis tomlinson', 'alpha/omega'}"
One Direction,16558676,"{'first kiss', 'secret relationship', 'anxiety', 'semi-public sex', 'hand jobs', 'explicit', 'homophobia', 'anal fingering', 'self-harm', 'suicidal thoughts', 'anal sex', 'alternate universe - high school', 'enemies to friends to lovers', 'bullying', 'recreational drug use', 'rimming', 'panic attacks', 'fluff', 'first time blow jobs', 'underage drinking', 'suicide attempt', 'blow jobs', 'internalized homophobia', 'smut', 'slow burn', 'angst', 'homophobic language', 'coming out', 'first time'}"
One Direction,18584254,"{'fake/pretend relationship', 'alternate universe - non-famous', 'oblivious harry', 'alternate universe - college/university', 'alternate universe - coffee shops & cafés', 'general audiences'}"
One Direction,18391010,"{'mpreg harry', 'alpha louis tomlinson', 'omega harry', 'explicit', 'kid fic', 'pining', 'miscommunication', 'angst with a happy ending', 'pregnant sex', 'knotting', 'misunderstandings', 'non-famous harry', 'mating cycles/in heat', 'happy ending', 'alpha/beta/omega dynamics', 'mpreg', 'slow burn', 'angst'}"
One Direction,18500017,"{'mental illness', 'minor violence', 'flirting', 'references to depression', 'implied/referenced alcohol abuse/alcoholism', 'fluff and angst', 'mature', 'hurt/comfort', 'friends to lovers', 'slow burn', 'alternate universe'}"
One Direction,18581185,"{'drabble', 'fluff', 'general audiences', 'alternate universe - coffee shops & cafés'}"
One Direction,18578983,"{'fluff and humor', 'general audiences'}"
One Direction,18339686,"{'anal fingering', 'blow jobs', 'masturbation', 'mental health issues', 'anal sex', 'miscommunication', 'smut', 'anxiety', 'singer harry', 'alternate universe', 'hand jobs', 'explicit'}"
One Direction,17074916,"{'gay sex', 'violence', 'mature', 'minor character death', 'torture', 'top liam payne', 'bottom zayn malik', 'physical abuse', 'rimming', 'anal', 'romance', 'arranged marriage', 'smut', 'ziam'}"
One Direction,18575056,"{'drabble', 'dom zayn', 'mature', 'light dom/sub', 'top zayn malik'}"
One Direction,18574477,"{'teen and up audiences', 'sharing a bed', 'alternate universe - college/university', 'alternate universe', 'no smut', 'swearing', 'flashbacks'}"
One Direction,18574051,"{'knotting', 'top harry', 'bottom louis', 'and', 'alpha harry', 'omega louis', 'alpha/beta/omega dynamics', 'smut', 'sorry - freeform', 'top!harry', 'bottom!louis', 'explicit'}"
One Direction,15757002,"{'friends to lovers', 'minor character death', 'explicit', 'mystery', 'pining', 'fluff and angst', 'sharing a bed', 'non-graphic violence', 'mild hurt/comfort', 'alternate universe - fantasy', 'coming out', 'first time'}"
One Direction,18565945,"{'girl direction', 'vaginal fingering', 'friends to lovers', 'sexual tension', 'genderswap', 'unresolved sexual tension', 'oral sex', 'explicit'}"
One Direction,18556768,"{'teen and up audiences', 'pining', 'friends to lovers', 'underage drinking'}"
One Direction,18246689,"{'one direction big bang', 'getting together', 'mature', 'happy ending', 'major character injury'}"
One Direction,18567445,"{'not rated', 'married couple', 'implied sexual content', 'fluff'}"
One Direction,18052706,"{'not rated', 'anxiety', 'depression', 'fluff'}"
One Direction,7113343,"{'kid fic', 'sick character', 'mature', 'alternate universe - modern setting', 'character death', 'mpreg louis'}"
One Direction,18569581,"{'dirty talk', 'vaginal sex', 'explicit'}"
One Direction,18569500,"{'dirty talk', 'vaginal sex', 'nipple play', 'explicit'}"
One Direction,18568987,"{'fake/pretend relationship', 'friends to lovers', 'general audiences'}"
One Direction,18457325,"{'teen and up audiences', 'larry - freeform', 'daddy harry', 'twink louis', 'riding', 'larry smut', 'larry stylinson smut'}"
One Direction,18566353,"{'teen and up audiences', 'mutual pining', 'misunderstandings', 'panic attacks', 'pining', 'alternate universe - college/university'}"
One Direction,16266452,"{'top harry', 'mature', 'zayn malik - freeform', 'larry stylinson - freeform', 'alternate universe - high school', 'one direction - freeform', 'larry fluff', 'louis tomlinson - freeform', 'cute louis', 'larry stylinson smut', 'bottom louis', 'asshole harry', 'larry smut', 'harry styles - freeform'}"
One Direction,13282866,"{'anxiety', 'alternate universe - college/university', 'explicit', 'anal sex', 'crying', 'self harm', 'au', 'rape/non-con elements', 'heartbreak', 'triggers', 'hurt/comfort', 'depression'}"
One Direction,9696950,"{'top harry', 'mature', 'dom/sub', 'semi-public sex', 'handcuffs', 'hand jobs', 'anal fingering', 'anal sex', 'riding', 'alternate universe - high school', 'light bdsm', 'daddy harry', 'rimming', 'exhibitionism', 'fluff', 'anal plug', 'teacher harry', 'shameless smut', 'bottom louis', 'jealous harry', 'spanking', 'blow jobs', 'age difference', 'smut', 'daddy kink', 'coming out', 'blindfolds'}"
One Direction,18564043,"{'daddy kink', 'incest', 'sexual content', 'explicit'}"
One Direction,17756870,"{'not rated', 'married couple', 'true love', 'jealous louis'}"
One Direction,18563173,"{'painting', 'romance', 'art', 'larry stylinson - freeform', 'love at first sight', 'fluff', 'one shot', 'one direction - freeform', 'general audiences'}"
One Direction,14759384,"{'teen and up audiences', 'larry stylinson - freeform', 'au', 'happy ending', 'fluff and smut', 'one direction - freeform'}"
One Direction,18192878,"{'teen and up audiences', 'non-famous louis', 'famous harry'}"
One Direction,18554221,"{'anal', 'mature', 'fluff', 'ziam'}"
One Direction,18558904,"{'not rated', 'angst with a happy ending'}"
One Direction,18558502,"{'teen and up audiences', 'mpreg', 'established relationship', 'canon compliant', 'angst'}"
One Direction,18557635,"{'mature', 'so much fluff', 'fluff'}"
One Direction,17725703,"{'mature', 'violence', 'murder', 'implied mpreg', 'blood', 'miscommunication', 'love', 'sex', 'mob boss harry', 'romance', 'infidelity', 'mpreg', 'falling in love', 'drugs', 'love confessions', 'angst'}"
One Direction,18555385,"{'cheating', 'bdsm', 'cock rings', 'butt plugs', 'dubious consent', 'smut', 'au', 'top louis', 'bottom harry', 'bondage', 'explicit'}"
One Direction,10162835,"{'secret relationship', 'kissing', 'sex toys', 'barebacking', 'explicit', 'subspace', 'pining', 'shower sex', 'dildos', 'rimming', 'flashbacks', 'kink negotiation', 'shiall', 'touring', 'mental health issues', 'internalized homophobia', 'canon compliant', 'long-distance relationship', 'coming out'}"
One Direction,18294758,"{'other additional tags to be added', 'mob boss harry', 'kidnapping', 'mature', 'hurt/comfort', 'angst with a happy ending', 'angst'}"
One Direction,17921264,"{'gay sex', 'mpreg', 'gangs', 'explicit'}"
One Direction,14029863,"{'not rated', 'top harry', 'violence', 'murder', 'anal fingering', 'blood', 'anal sex', 'larry stylinson is real', 'feminine louis', 'fluff', 'bottom louis', 'smut', 'crossdressing'}"
One Direction,13128624,"{'teen and up audiences', 'secret relationship', 'top liam', 'protective liam', 'famous harry', 'fluff and smut', 'happy ending', 'bottom zayn', 'smut', 'ziam'}"
One Direction,18548470,{'general audiences'}
One Direction,16495472,"{'mature', 'magic', 'hand jobs', 'harry styles - freeform', 'fantasy', 'larry stylinson - freeform', 'alternate universe', 'louis tomlinson - freeform', 'fluff', 'feminine harry', 'rough sex', 'masturbation', 'smut', 'fluff and smut'}"
One Direction,18154871,"{'bottom niall horan', 'smut', 'mature', 'fluff', 'violence', 'gangs', 'angst', 'gay', 'top liam payne'}"
One Direction,18476101,"{'not rated', 'omega niall', 'jealous harry', 'alpha harry', 'alpha/beta/omega dynamics', 'omega louis', 'possessive harry', 'cute louis', 'alpha liam payne'}"
One Direction,18546334,"{'anal fingering', 'ot5', 'blow jobs', 'rimming', 'double penetration', 'anal sex', 'unsafe sex', 'fluff and smut', 'plot what plot/porn without plot', 'barebacking', 'explicit'}"
One Direction,18545743,"{'dirty talk', 'explicit'}"
One Direction,6832033,"{'and', 'secret relationship', 'mature', 'dom/sub', 'semi-public sex', 'unresolved sexual tension', 'rich louis', 'sub harry', 'subspace', 'voyeurism', 'fluff and angst', 'alternate universe - high school', 'sexual tension', 'dom louis', 'fluff and smut', 'age difference', 'bdsm', 'daddy kink', 'bottom harry', 'top louis'}"
One Direction,18541006,"{'girl direction', 'alternate universe', 'hospitals', 'general audiences'}"
One Direction,17818175,"{'larry stylinson - freeform', 'violence', 'mature', 'pregnant louis', 'american harry', 'mpreg louis', 'sad'}"
One Direction,17665361,"{'not rated', 'violence', 'sex', 'gangs', 'au', 'fluff', 'bottom louis', 'smut', 'angst'}"
One Direction,18544660,"{'not rated', 'angst with a happy ending'}"
One Direction,18342620,"{'not rated', 'first kiss', 'alpha/omega', 'omega niall', 'forbidden love', 'angst with a happy ending', 'omega louis', 'pregnant louis', 'soulmates', 'smut', 'non-traditional alpha/beta/omega dynamics', 'first time'}"
One Direction,17655563,"{'not rated', 'masturbation', 'eventual smut', 'larry stylinson - freeform', 'pining', 'hurt/comfort', 'alternate universe', 'sexual tension', 'period-typical homophobia', 'angst', 'flashbacks'}"
One Direction,18537961,"{'proposal', 'cute', 'fluff', 'general audiences'}"
One Direction,18537274,"{'drabble', 'teen and up audiences'}"
One Direction,15734664,"{'not rated', 'top harry', 'sad', 'kidnapping', 'eventual smut', 'post-traumatic stress disorder - ptsd', 'violence', 'dirty talk', 'canada', 'handcuffs', 'anal fingering', 'anal sex', 'fluff and angst', 'angst with a happy ending', 'medical inaccuracies', 'oral sex', 'anal', 'bottom louis', 'jealous harry', 'asshole harry', 'eventual romance', 'smut', 'past relationship(s)', 'possessive behavior', 'slow burn', 'possessive harry', 'fluff and smut'}"
One Direction,18537010,{'mature'}
One Direction,11659026,"{'top harry', 'innocent louis', 'mature', 'kissing', 'marriage proposal', 'homophobia', 'shy louis', 'feminine louis', 'time skips', 'mpreg louis', 'other additional tags to be added', 'dark harry', 'daddy harry', 'bottom louis', 'mpreg', 'smut', 'light dom/sub', 'possessive harry', 'fluff and smut'}"
One Direction,18535924,"{'top harry', 'bottom louis', 'student louis', 'larry - freeform', 'mature', 'daddy kink', 'larry stylinson is real', 'ziam', 'teacher harry', 'fluff and smut'}"
One Direction,3204242,"{'alpha zayn', 'alpha harry', 'alpha/beta/omega dynamics', 'omega louis', 'alpha liam', 'mature', 'possessive behavior', 'beta niall', 'protectiveness', 'alternate universe - historical', 'alpha/omega'}"
One Direction,16781155,"{'not rated', 'student harry', 'self-esteem issues', 'student louis', 'references to depression', 'fluff and angst', 'protective louis', 'hurt/comfort', 'alternate universe - college/university', 'emotional/psychological abuse', 'physical abuse'}"
One Direction,6487141,"{'mature', 'fantasy'}"
One Direction,15747495,"{'not rated', 'larry - freeform', 'mpreg', 'larry stylinson - freeform'}"
One Direction,18530506,{'mature'}
One Direction,18530050,"{'not rated', 'top harry', 'implied mpreg', 'bottom zayn malik', 'internalized homophobia', 'alternate universe', 'drug abuse', 'top liam payne'}"
One Direction,12661767,"{'suspense', 'explicit sexual content', 'sex toys', 'explicit', 'mystery', 'voyeurism', 'sexual tension', 'light bondage', 'jealousy', 'other additional tags to be added', 'dom/sub undertones', 'non-graphic violence', 'age difference', 'mildly dubious consent', 'masturbation', 'bottom zayn', 'smut', 'daddy kink', 'slow burn', 'angst and fluff and smut', 'blindfolds', 'first time'}"
One Direction,18526480,{'not rated'}
One Direction,15951113,"{'teen and up audiences', 'forbidden love', 'angst', 'sickfic'}"
One Direction,18525319,"{'attempt at humor', 'fluff', 'general audiences'}"
One Direction,18353531,"{'alternate universe - college/university', 'explicit'}"
One Direction,15512094,"{'teen and up audiences', 'larry - freeform', 'hurt', 'self harm', 'love', 'depression', 'gay'}"
One Direction,18106148,"{'teen and up audiences', 'anxiety', 'art', 'alternate universe - high school', 'painting', 'self-esteem issues', 'fluff', 'mental health issues', 'healing', 'hurt/comfort', 'no smut', 'depression'}"
One Direction,10677135,"{'hurt harry styles', 'mature', 'slow build', 'slow burn', 'shameless smut'}"
One Direction,17123612,"{'teen and up audiences', 'friends to lovers', 'kissing', 'larry - freeform', 'holidays', 'pining', 'christmas', 'romance', 'cuddling & snuggling', 'friendship', 'slow build', 'slow burn', 'coming out', 'fluff and smut'}"
One Direction,18521116,"{'angst and fluff and smut', 'explicit'}"
One Direction,18520378,{'general audiences'}
One Direction,18515065,"{'teen and up audiences', 'soulmates', 'fluff and angst', 'angst with a happy ending', 'feminine louis', 'crossdressing'}"
One Direction,17661161,"{'pining', 'zarry - freeform', 'general audiences'}"
One Direction,16688437,"{'not rated', 'recreational drug use', 'drug use'}"
One Direction,5811835,"{'romance', 'mature', 'au', 'fantasy'}"
One Direction,18515152,"{'girl direction', 'femslash', 'teen and up audiences', 'girl!louis', 'genderswap', 'oral sex', 'vaginal fingering'}"
One Direction,18513934,"{'blow jobs', 'alternate universe - college/university', 'mutual masturbation', 'dildos', 'explicit'}"
One Direction,18023948,"{'teen and up audiences', 'jealous harry', 'jealous louis', 'alternate universe - magic'}"
One Direction,18520228,"{'not rated', 'femslash', 'girl direction', 'masturbation', 'girl!louis', 'genderswap', 'plot what plot/porn without plot', 'oral sex', 'vaginal fingering'}"
One Direction,18356222,"{'homophobia', 'mature'}"
One Direction,13791594,"{'top harry', 'post-break up', 'references to depression', 'dirty talk', 'explicit', 'anal sex', 'depression', 'rimming', 'angst', 'happy ending', 'sad louis', 'bottom louis', 'suicide attempt', 'blow jobs', 'infidelity', 'mental health issues', 'past relationship(s)', 'smut', 'daddy kink', 'healing'}"
One Direction,15309408,"{'eventual smut', 'mature', 'alcohol', 'anal fingering', 'drug use', 'larry stylinson - freeform', 'anal sex', 'medical inaccuracies', 'crying', 'one direction - freeform', 'rimming', 'happy ending', 'internalized homophobia', 'top louis', 'bottom harry', 'homophobic language', 'fluff and smut'}"
One Direction,18517177,"{'teen and up audiences', 'alternate universe - college/university'}"
One Direction,13412943,"{'not rated', 'kidnapping', 'explicit sexual content', 'torture', 'murder', 'implied sexual content', 'jealousy', 'drug addiction', 'angst', 'jealous harry', 'mental health issues', 'drugs', 'jealous louis', 'depression'}"
One Direction,18465775,"{'anal fingering', 'gay sex', 'anal sex', 'top zayn', 'explicit', 'bottom harry', 'grief/mourning'}"
One Direction,18294788,"{'mature', 'frat boy niall', 'alternate universe - college/university', 'omega louis', 'mutual pining', 'omega zayn malik', 'mating cycles/in heat', 'beta niall horan', 'alpha harry', 'alpha/beta/omega dynamics', 'alpha liam payne', 'protective harry'}"
One Direction,17072747,"{'not rated', 'top harry', 'innocent louis', 'violence', 'abuse', 'love', 'physical abuse', 'student louis', 'fluff', 'teacher harry', 'bottom louis', 'protective harry'}"
One Direction,18510427,{'explicit'}
One Direction,18509605,"{'not rated', 'angst with a happy ending'}"
One Direction,18509473,"{'anal sex', 'larry stylinson - freeform', 'sad ending', 'angst', 'explicit'}"
One Direction,15891720,"{'mature', 'major character injury'}"
One Direction,18508669,"{'not rated', 'hurt/comfort', 'first love', 'angst', 'summer'}"
One Direction,18143063,"{'teen and up audiences', 'quidditch player louis tomlinson', 'getting together', 'alternate universe - harry potter setting'}"
One Direction,18157415,"{'friends to lovers', 'explicit sexual content', 'canada', 'explicit', 'soft', 'fluff and angst', 'kind of', 'friendship', 'happy ending', 'grief/mourning', 'age difference', 'falling in love', 'past relationship(s)', 'depression'}"
One Direction,16955760,"{'recreational drug use', 'teen and up audiences', 'infidelity', 'shy louis', 'explicit sexual content', 'underage drinking', 'loss of virginity', 'non-graphic violence'}"
One Direction,18506173,{'teen and up audiences'}
One Direction,17585114,{'mature'}
One Direction,18503971,"{'recreational drug use', 'blow jobs', 'sub harry', 'feminine harry', 'canon compliant', 'light dom/sub', 'bottom harry', 'explicit'}"
One Direction,18496798,"{'recreational drug use', 'misunderstandings', 'dom/sub undertones', 'alternate universe - non-famous', 'oblivious harry', 'alternate universe - college/university', 'explicit'}"
One Direction,18494794,"{'not rated', 'larry stylinson - freeform', 'established harry styles/louis tomlinson', 'fluff', 'marriage proposal', 'established relationship', 'coming out'}"
One Direction,1821073,"{'teen and up audiences', 'eventual smut', 'hurt/comfort', 'angst', 'my first fanfic'}"
One Direction,18020705,"{'not rated', 'implied mpreg', 'travel', 'angst with a happy ending', 'alternate universe', 'secrets', 'american harry', 'emotional hurt/comfort', 'happy ending', 'shiall', 'mpreg', 'hurt/comfort', 'divorce', 'ziam', 'no smut', 'angst'}"
One Direction,17721743,"{'not rated', 'kissing'}"
One Direction,18489199,"{'not rated', 'arranged marriage', 'top liam', 'bottom zayn', 'domestic fluff', 'possessive behavior', 'fluff', 'alternate universe', 'slow burn', 'angst', 'love/hate'}"
One Direction,15679014,"{'other additional tags to be added', 'teen and up audiences', 'mpreg harry', 'implied/referenced cheating', 'no smut', 'time skips', 'photographer harry', 'first meetings'}"
One Direction,18171932,"{'top harry', 'bottom louis', 'recreational drug use', 'eventual smut', 'eventual romance', 'alternate universe - bdsm', 'mature', 'smut', 'slow build', 'top louis tomlinson', 'slow burn', 'bottom harry', 'one direction - freeform'}"
One Direction,17443910,{'not rated'}
One Direction,17943233,"{'not rated', 'hurt harry styles', 'married couple', 'harry styles loves louis tomlinson', 'marriage proposal', 'minor character death', 'sick character', 'love at first sight', 'protective louis', 'louis tomlinson loves harry styles', 'domestic violence'}"
One Direction,18485275,"{'not rated', 'other additional tags to be added', 'true love', 'sick character', 'angst and hurt/comfort', 'divorce'}"
One Direction,18491407,"{'fluff', 'teen and up audiences'}"
One Direction,10071674,"{'drabble', 'teen and up audiences', 'cute', 'frat boy niall', 'genderswap'}"
One Direction,11002476,"{'not rated', 'famous harry'}"
One Direction,18488467,"{'not rated', 'spanking', 'angst'}"
One Direction,18488158,"{'dom/sub undertones', 'come swallowing', 'fluff', 'hand jobs', 'explicit'}"
One Direction,18488026,"{'blow jobs', 'first kiss', 'friends with benefits', 'light angst', 'getting together', 'pining', 'friends to lovers', 'hand jobs', 'idiots in love', 'explicit'}"
One Direction,18487873,"{'fluff', 'art', 'general audiences'}"
One Direction,18487819,"{'first kiss', 'getting together', 'famous harry', 'alternate universe - non-famous', 'general audiences'}"
One Direction,18487675,"{'getting back together', 'sharing a bed', 'fluff', 'kissing', 'idiots in love', 'general audiences'}"
One Direction,18487558,"{'light angst', 'fluff', 'kissing', 'general audiences'}"
One Direction,17853347,"{'eventual smut', 'established harry styles/louis tomlinson', 'alternate universe', 'implied/referenced self-harm', 'explicit'}"
One Direction,17935697,"{'marriage', 'adoption', 'sex toys', 'explicit', 'harry in lingerie', 'holidays', 'miscommunication', 'harry in panties', 'one direction big bang', 'happy ending', 'teacher harry', 'hospitals', 'masturbation', 'original character(s)', 'smut', 'divorce'}"
One Direction,18486343,{'mature'}
One Direction,18486328,{'mature'}
One Direction,18486316,{'mature'}
One Direction,12206667,"{'top harry', 'zayn malik - freeform', 'bottom louis', 'larry stylinson - freeform', 'larry fluff', 'louis tomlinson - freeform', 'mature', 'slow burn', 'larry smut', 'harry styles - freeform'}"
One Direction,13017351,"{'alternate universe - college/university', 'explicit', 'top liam', 'bottom louis', 'age difference', 'size kink', 'smut', 'light dom/sub'}"
One Direction,18124835,"{'teen and up audiences', 'au'}"
One Direction,18476866,{'general audiences'}
One Direction,18478894,"{'anal fingering', 'alpha/beta/omega dynamics', 'bottom harry styles', 'internalized homophobia', 'making out', 'anal sex', 'alpha harry styles', 'alpha louis tomlinson', 'first time', 'top louis tomlinson', 'boys kissing', 'non-traditional alpha/beta/omega dynamics', 'plot what plot/porn without plot', 'explicit'}"
One Direction,16558892,"{'suicide attempt', 'drug use', 'mental health issues', 'falling in love', 'smut', 'fluff', 'love', 'crying', 'sex', 'minor character death', 'angst', 'secrets', 'explicit'}"
One Direction,18477163,{'not rated'}
One Direction,18476926,{'mature'}
One Direction,18476578,"{'barebacking', 'explicit', 'anal fingering', 'top liam', 'anal sex', 'rimming', 'exhibitionism', 'blow jobs', 'shiall'}"
One Direction,17973893,"{'implied mpreg', 'mob boss harry', 'teen and up audiences', 'alpha zayn', 'omega niall', 'alpha/beta/omega dynamics', 'alpha harry', 'omega louis', 'marriage', 'happy ending', 'alpha liam payne', 'fluff and smut'}"
One Direction,18466177,"{'smut', 'photographer harry', 'explicit'}"
One Direction,18442262,"{'alpha/beta/omega dynamics', 'larry stylinson - freeform', 'mature', 'smut', 'character death', 'fluff and smut'}"
One Direction,18474286,{'mature'}
One Direction,18473779,"{'kid fic', 'established relationship', 'general audiences'}"
One Direction,9691067,"{'original character(s)', 'mystery', 'secret relationship', 'smut', 'mature', 'canon compliant', 'angst'}"
One Direction,18207239,"{'kid fic', 'mpreg', 'alternate universe - college/university', 'angst and fluff and smut', 'general audiences'}"
One Direction,18465433,{'mature'}
One Direction,15164906,"{'not rated', 'attempt at humor', 'hate to love', 'smut', 'friends to lovers', 'fluff', 'pining', 'slow burn', 'angst'}"
One Direction,18463205,"{'not rated', 'fluff', 'happy ending'}"
One Direction,18463193,{'not rated'}
One Direction,18462737,{'not rated'}
One Direction,18462719,"{'dom zayn', 'non-sexual age play', 'omega niall', 'alpha zayn', 'baby niall', 'dom/sub undertones', 'alpha liam', 'emotional hurt/comfort', 'hurt/comfort', 'dom liam', 'general audiences'}"
One Direction,18457844,"{'girl direction', 'teen and up audiences', 'useless lesbians', 'genderswap', 'homophobic language'}"
One Direction,15879183,"{'enemies to lovers', 'secret relationship', 'explicit', 'anal sex', 'kind of', 'singer harry', 'angst with a happy ending', 'bullying', 'fluff', 'rough sex', 'blow jobs', 'unrequited love', 'hurt/comfort', 'slow burn', 'angst', 'homophobic language'}"
One Direction,18460787,{'general audiences'}
One Direction,18460583,{'general audiences'}
One Direction,18460535,{'general audiences'}
One Direction,18460463,"{'light angst', 'marriage proposal', 'general audiences'}"
One Direction,18460391,"{'teen and up audiences', 'enemies to lovers'}"
One Direction,18460196,"{'getting together', 'general audiences'}"
One Direction,18459809,"{'smut', 'angst', 'explicit'}"
One Direction,18047468,"{'bdsm', 'hate to love', 'mature', 'dominant louis tomlinson', 'riding', 'top louis tomlinson', 'alternate universe', 'top louis'}"
One Direction,17218811,"{'teen and up audiences', 'mpreg harry', 'established harry styles/louis tomlinson', 'angst', 'mpreg louis'}"
One Direction,18455396,"{'cuddling & snuggling', 'alpha/beta/omega dynamics', 'omega louis', 'scenting', 'fluff', 'omega harry', 'general audiences'}"
One Direction,18445595,"{'anal fingering', 'gay sex', 'anal sex', 'top zayn', 'fluff', 'slow burn', 'bottom harry', 'angst', 'explicit'}"
One Direction,14476410,"{'non-famous louis', 'friends to lovers', 'kissing', 'semi-public sex', 'sex toys', 'hand jobs', 'handcuffs', 'explicit', 'anal fingering', 'harry in lingerie', 'kid fic', 'anal sex', 'pining', 'singer harry', 'alternate universe', 'liam payne & louis tomlinson friendship', 'oral sex', 'niall horan & harry styles friendship', 'rimming', 'famous harry', 'fluff', 'happy ending', 'face-fucking', 'blow jobs', 'tour bus', 'touring', 'tattoos', 'smut', 'slow burn', 'fluff and smut'}"
One Direction,18452747,"{'established relationship', 'general audiences'}"
One Direction,11049690,"{'hate to love', 'smut', 'fluff', 'alternate universe - high school', 'angst', 'enemies to friends to lovers', 'explicit'}"
One Direction,18450848,"{'adoption', 'no angst', 'general audiences', 'attempt at humor', 'larry stylinson is real', 'liam payne & louis tomlinson friendship', 'idiots in love', 'domestic fluff', 'american harry', 'fluff', 'happy ending', 'boys kissing', 'falling in love', 'love confessions', 'fluff and humor', 'alternate universe - modern setting', 'no smut'}"
One Direction,18450911,{'general audiences'}
One Direction,18450836,{'general audiences'}
One Direction,15542142,"{'not rated', 'omega niall', 'baby louis', 'alpha/beta/omega dynamics', 'alpha harry', 'omega louis', 'alpha harry styles', 'jealous louis', 'alternate universe - high school', 'possessive harry', 'alpha liam payne', 'protective harry'}"
One Direction,9414494,"{'not rated', 'fluff and angst', 'slow burn', 'enemies to friends to lovers'}"
One Direction,17438351,"{'top harry', 'gay sex', 'violence', 'praise kink', 'royalty', 'minor character death', 'barebacking', 'past character death', 'explicit', 'voyeurism', 'period-typical homophobia', 'hate to love', 'happy ending', 'flashbacks', 'bottom louis', 'mild hurt/comfort', 'original character(s)', 'implied/referenced alcohol abuse/alcoholism', 'smut', 'angst and fluff and smut', 'first time'}"
One Direction,18448367,"{'not rated', 'angst with a happy ending'}"
One Direction,13209822,"{'not rated', 'baby niall', 'alternate universe', 'crying', 'diapers', 'non-sexual age play', 'zarry - freeform', 'age play', 'daddy louis', 'smut', 'ziam'}"
One Direction,18440261,{'explicit'}
One Direction,18443237,"{'not rated', 'harry styles loves louis tomlinson', 'eventual smut', 'semi-public sex', 'love/hate', 'homophobia', 'anal fingering', 'teasing', 'larry stylinson - freeform', 'anal sex', 'sexual tension', 'sex', 'making out', 'oral sex', 'one direction - freeform', 'louis tomlinson loves harry styles', 'hate to love', 'louis tomlinson - freeform', 'fluff and smut', 'gay', 'sexual content', 'high school', 'smut', 'homophobic language', 'coming out', 'harry styles - freeform'}"
One Direction,18195236,{'not rated'}
One Direction,18441719,{'mature'}
One Direction,18441518,"{'top harry', 'bottom louis', 'teen and up audiences', 'romance', 'polyamory', 'top liam', 'bottom niall horan', 'smut', 'love', 'top zayn malik'}"
One Direction,2734427,"{'not rated', 'anal sex', 'falling in love', 'love/hate'}"
One Direction,18439226,{'explicit'}
One Direction,15389166,"{'teen and up audiences', 'eventual smut', 'first love', 'forbidden love', 'pining', 'friendship', 'first time blow jobs', 'fluff', 'grief/mourning', 'ot5', 'my first fanfic', 'soulmates', 'light angst', 'smut', 'family drama', 'slow burn', 'top louis', 'bottom harry', 'depression', 'coming out', 'first time'}"
One Direction,18439181,{'mature'}
One Direction,18432197,"{'friends to lovers', 'no angst', 'alternate universe - college/university', 'genderswap', 'vaginal fingering', 'explicit', 'pining', 'oral sex', 'dom/sub undertones', 'mutual pining', 'fluff', 'useless lesbians', 'girl direction', 'masturbation', 'smut'}"
One Direction,17492408,"{'top harry', 'teen and up audiences', 'innocent louis', 'homophobia', 'abuse', 'louis in glasses', 'feminine louis', 'character death', 'alcohol abuse/alcoholism', 'diapers', 'twink louis', 'rape/non-con elements', 'cute louis', 'bottom louis'}"
One Direction,18435917,"{'not rated', 'eventual smut', 'miscommunication', 'implied/referenced cheating', 'enemies to friends to lovers', 'jealousy', 'mutual pining', 'fluff', 'happy ending', 'boys kissing'}"
One Direction,18439115,"{'exhibitionism', 'smut', 'explicit'}"
One Direction,11703510,"{'alpha zayn', 'alpha/omega', 'general audiences', 'omega niall', 'werewolves', 'omega louis', 'bonding', 'alternate universe - werewolf', 'alpha/beta/omega dynamics', 'alpha harry', 'scenting', 'one shot', 'slow burn'}"
One Direction,18434876,"{'sad ending', 'general audiences'}"
One Direction,12045909,"{'spanking', 'kink negotiation', 'bdsm', 'smut', 'dom/sub', 'fluff', 'daddy kink', 'dom liam payne', 'sub zayn malik', 'explicit'}"
One Direction,17042198,"{'not rated', 'hospitals', 'hurt/comfort', 'fluff', 'canon compliant', 'sickfic', 'protectiveness'}"
One Direction,18410864,"{'implied/referenced suicide', 'panic attacks', 'angst', 'anxiety', 'mature', 'zarry - freeform', 'depression'}"
One Direction,18431753,"{'strangers to lovers', 'mature', 'fluff and angst', 'alternate universe - modern setting'}"
One Direction,16367978,"{'not rated', 'age play', 'baby louis', 'daddy harry', 'baby niall', 'unrequited love', 'friends to lovers', 'daddy liam'}"
One Direction,18429923,"{'not rated', 'unrequited love', 'friends to lovers', 'love'}"
One Direction,17640935,"{'omega niall', 'alpha/beta/omega dynamics', 'alpha harry', 'omega louis', 'alpha liam', 'smut', 'royalty', 'explicit'}"
One Direction,7567789,"{'not rated', 'baby niall', 'baby harry', 'diapers'}"
One Direction,18425271,{'explicit'}
One Direction,18423717,"{'anal fingering', 'rimming', 'light angst', 'canon compliant', 'bottom harry', 'long-distance relationship', 'explicit'}"
One Direction,17493572,"{'teen and up audiences', 'romance', 'friendship', 'anxiety', 'larry stylinson is real', 'sickfic'}"
One Direction,18421041,"{'crying', 'general audiences'}"
One Direction,18419300,"{'angst', 'teen and up audiences'}"
One Direction,14696196,"{'mature', 'heartbreak', 'past mpreg'}"
One Direction,18418724,"{'not rated', 'enemies to lovers', 'romance', 'hate to love', 'strangers to lovers', 'enemies to friends to lovers'}"
One Direction,18418187,"{'not rated', 'anal fingering', 'rimming', 'anal sex', 'smut', 'fluff and smut'}"
One Direction,17760860,"{'not rated', 'alpha zayn', 'harry in lingerie', 'forbidden love', 'protective louis', 'alpha louis', 'rape/non-con elements', 'top louis tomlinson', 'jealous louis', 'bottom harry', 'alpha liam payne', 'omega harry', 'beta niall horan'}"
One Direction,18244412,"{'getting back together', 'bottom harry styles', 'smut', 'fluff', 'explicit'}"
One Direction,18414812,"{'explicit', 'anal fingering', 'anal sex', 'unsafe sex', 'top zayn', 'fluff', 'mating cycles/in heat', 'alpha/beta/omega dynamics', 'bottom harry'}"
One Direction,18162401,"{'not rated', 'other additional tags to be added', 'recreational drug use', 'marriage', 'first kiss', 'anxiety', 'past relationship(s)', 'hurt/comfort', 'larry stylinson is real', 'flashbacks', 'future fic'}"
One Direction,18417287,"{'minor violence', 'explicit'}"
One Direction,18415019,{'general audiences'}
One Direction,14167341,"{'alpha zayn', 'dom zayn', 'mature', 'dominant louis tomlinson', 'alpha louis', 'dom/sub', 'explicit sexual content', 'mating', 'omega harry', 'alpha/omega', 'sub harry', 'larry stylinson is real', 'love', 'angst with a happy ending', 'sexual tension', 'werewolves', 'jealousy', 'mating bond', 'omega verse', 'rimming', 'angst', 'top zayn', 'dom louis', 'slow build', 'mating cycles/in heat', 'alternate universe - werewolf', 'gay', 'sexual content', 'my first fanfic', 'jealous harry', 'unrequited love', 'alpha/beta/omega dynamics', 'smut', 'possessive behavior', 'beta niall', 'jealous louis', 'slow burn', 'top louis', 'bottom harry', 'possessive harry', 'alpha liam payne'}"
One Direction,18411065,"{'top harry', 'first kiss', 'friends to lovers', 'praise kink', 'no angst', 'dirty talk', 'hand jobs', 'explicit', 'anal fingering', 'top liam', 'getting together', 'anal sex', 'established relationship', 'riding', 'oral sex', 'cuddling & snuggling', 'rimming', 'bottom niall horan', 'fluff', 'blow jobs', 'fluff and smut', 'first time'}"
One Direction,14185638,"{'not rated', 'mpreg', 'au', 'past mpreg', 'angst', 'mpreg louis'}"
One Direction,18409214,"{'not rated', 'non-famous louis', 'mpreg', 'famous harry', 'fluff'}"
One Direction,11263416,"{'not rated', 'adoption', 'non-famous louis', 'kid fic', 'domestic fluff', 'famous harry', 'fluff', 'established relationship', 'past child abuse'}"
One Direction,18402311,{'not rated'}
One Direction,17052452,"{'top harry', 'domestic violence', 'mature', 'bottom niall horan', 'alternate universe - no one direction', 'alcohol abuse/alcoholism'}"
One Direction,18392006,"{'not rated', 'top harry', 'friends to lovers', 'hand jobs', 'pining', 'mutual masturbation', 'cuddling & snuggling', 'mutual pining', 'friends with benefits', 'fluff', 'angst and fluff and smut', 'bottom louis', 'blow jobs', 'soulmates', 'masturbation', 'smut', 'top louis tomlinson', 'slow burn', 'bottom harry', 'angst'}"
One Direction,18406208,"{'not rated', 'angst with a happy ending'}"
One Direction,18405770,"{'established relationship', 'fluff', 'general audiences'}"
One Direction,13895952,"{'gay sex', 'top liam', 'bottom zayn', 'pining', 'slow build', 'angst with a happy ending', 'rough sex', 'fluff and smut', 'explicit'}"
One Direction,11794146,"{'break up', 'canon compliant', 'getting back together', 'explicit'}"
One Direction,18403211,{'teen and up audiences'}
One Direction,14974340,"{'not rated', 'dom zayn', 'eventual smut', 'nightmares', 'dom/sub', 'sub harry', 'drug use', 'subspace', 'alternate universe - bdsm', 'aftercare', 'past abuse', 'physical abuse', 'alcohol abuse/alcoholism', 'other additional tags to be added', 'non-sexual age play', 'dubious consent', 'top zayn', 'dom louis', 'angst and hurt/comfort', 'emotional/psychological abuse', 'flashbacks', 'age play', 'spanking', 'mildly dubious consent', 'bdsm', 'angst'}"
One Direction,17163278,"{'bottom louis', 'dom zayn', 'spanking', 'rimming', 'bdsm', 'top zayn', 'daddy kink', 'alternate universe', 'blowjobs', 'bondage', 'explicit'}"
One Direction,18401339,"{'not rated', 'homophobia', 'exhibitionism', 'alternate universe - high school', 'bullying'}"
One Direction,18399110,"{'not rated', 'larry stylinson - freeform'}"
One Direction,18392315,"{'fluff', 'first meetings', 'general audiences'}"
One Direction,18100940,"{'not rated', 'friends to lovers', 'au', 'established relationship', 'fluff', 'canon compliant', 'daddy kink', 'depression', 'hurt/comfort', 'boys kissing', 'angst', 'light bdsm'}"
One Direction,16085210,"{'hand jobs', 'explicit', 'anal fingering', 'anal sex', 'fluff and angst', 'established relationship', 'pregnant sex', 'domestic fluff', 'fluff', 'hospitals', 'blow jobs', 'mpreg', 'smut', 'angst'}"
One Direction,18396200,"{'angst', 'smut', 'explicit'}"
One Direction,18390491,"{'alternate universe - harry potter setting', 'explicit'}"
One Direction,18390074,"{'not rated', 'non-famous louis', 'mpreg', 'cute', 'famous harry', 'fluff'}"
One Direction,18346013,"{'top harry', 'ot5', 'bottom louis', 'eventual smut', 'falling in love', 'fluff and angst', 'slow build', 'slow burn', 'liam payne & louis tomlinson friendship', 'explicit'}"
One Direction,10811820,"{'post-traumatic stress disorder - ptsd', 'minor character death', 'general audiences', 'drug use', 'drug abuse', 'alcohol abuse/alcoholism', 'recreational drug use', 'dark harry', 'romance', 'drug addiction', 'fluff', 'sad harry', 'mental illness', 'smut', 'depression'}"
One Direction,5971225,"{'hurt harry styles', 'post-break up', 'secret relationship', 'friends to lovers', 'explicit', 'comedy', 'sex', 'romance', 'friends with benefits', 'famous harry', 'angst and hurt/comfort', 'touring', 'asshole harry', 'falling in love', 'past relationship(s)', 'smut', 'long-distance relationship'}"
One Direction,18394952,"{'zayn malik - freeform', 'teen and up audiences', 'harry styles - freeform'}"
One Direction,16436930,{'general audiences'}
One Direction,18394124,"{'teen and up audiences', 'unrequited love', 'alternate universe - fantasy', 'alternate universe'}"
One Direction,18392654,"{'fluff', 'cute', 'idiots in love', 'general audiences'}"
One Direction,18392312,{'not rated'}
One Direction,18389453,{'teen and up audiences'}
One Direction,18388643,"{'zayn leaves one direction', 'general audiences'}"
One Direction,18388613,"{'falling in love', 'general audiences'}"
One Direction,18388211,"{'sad', 'unrequited love', 'one shot', 'sad ending', 'secrets', 'general audiences'}"
One Direction,18387401,"{'anal fingering', 'vaginal fingering', 'mildly dubious consent', 'dubious consent', 'rape', 'anal sex', 'vaginal sex', 'incest', 'explicit'}"
One Direction,17631503,{'mature'}
One Direction,9223631,"{'not rated', 'larry stylinson - freeform', 'friends to lovers', 'ziam', 'angst'}"
One Direction,17800481,"{'teen and up audiences', 'fake/pretend relationship', 'holidays', 'friendship', 'fluff', 'marriage proposal', 'love', 'flashbacks', 'secrets', 'jealousy', 'christmas'}"
One Direction,18383717,"{'not rated', 'implied/referenced suicide', 'hurt', 'grief/mourning'}"
One Direction,18383003,"{'blow jobs', 'rimming', 'mutual pining', 'miscommunication', 'smut', 'fluff', 'anal sex', 'sexual tension', 'explicit'}"
One Direction,18383189,{'mature'}
One Direction,18383042,{'mature'}
One Direction,18377198,"{'girl direction', 'femslash', 'smut', 'fluff', 'lesbian sex', 'fluff and smut', 'genderswap', 'long-distance relationship', 'oral sex', 'explicit'}"
One Direction,17993150,"{'spanking', 'sub harry', 'soulmates', 'bdsm', 'sub zayn', 'mpreg', 'anal sex', 'alternate universe - bdsm', 'dom louis', 'dom/sub', 'dom liam', 'anal plug', 'explicit'}"
One Direction,13865517,"{'gay sex', 'dominant louis tomlinson', 'rich louis', 'explicit', 'student harry', 'abuse', 'physical abuse', 'angst', 'past child abuse', 'emotional/psychological abuse', 'bondage', 'rape', 'top louis', 'bottom harry', 'depression'}"
One Direction,18381074,"{'american au', 'anal sex', 'mature', 'smut', 'fluff', 'love', 'alternate universe'}"
One Direction,18380663,"{'not rated', 'alternate universe', 'no smut'}"
One Direction,18165443,"{'slow burn', 'angst', 'secrets', 'explicit'}"
One Direction,18379217,"{'fluff', 'general audiences'}"
One Direction,16085006,"{'alternate universe - college/university', 'minor character death', 'explicit', 'mystery', 'strangers to lovers', 'period-typical homophobia', 'sharing a bed', 'fluff', 'alternate universe - historical', 'summer'}"
One Direction,13876020,"{'enemies to lovers', 'fluff and angst', 'smut', 'angst', 'explicit'}"
One Direction,13557108,"{'alpha zayn', 'innocent louis', 'eventual smut', 'violence', 'mature', 'royalty', 'mating', 'alpha/omega', 'omega niall', 'protective louis', 'protectiveness', 'mating bond', 'jealousy', 'other additional tags to be added', 'fake/pretend relationship', 'omega louis', 'fluff', 'alpha harry', 'scenting', 'mpreg', 'original character(s)', 'falling in love', 'eventual romance', 'protective harry'}"
One Direction,18373058,"{'shy louis', 'explicit'}"
One Direction,18368201,"{'so much fluff', 'pining', 'friends to lovers', 'love confessions', 'alternate universe - college/university', 'general audiences'}"
One Direction,16950462,{'not rated'}
One Direction,17896484,"{'suspense', 'romance', 'mutual pining', 'mystery', 'fluff', 'general audiences'}"
One Direction,18371045,{'not rated'}
One Direction,18370886,{'mature'}
One Direction,18370748,"{'pining', 'alternate universe', 'angst', 'explicit'}"
One Direction,8912137,"{'nightmares', 'friends to lovers', 'anxiety', 'implied/referenced self-harm', 'alcohol', 'explicit', 'travel', 'pining', 'fluff and angst', 'alternate universe', 'panic attacks', 'drugs', 'slow burn', 'angst'}"
One Direction,18370505,{'not rated'}
One Direction,18370223,{'mature'}
One Direction,18285593,{'mature'}
One Direction,13625961,"{'teen and up audiences', 'enemies to lovers', 'eventual smut', 'underage drinking'}"
One Direction,18337775,"{'pining', 'mature', 'angst with a happy ending', 'time skips'}"
One Direction,17350655,"{'student harry', 'pining', 'mature', 'smut', 'hurt/comfort', 'minor character death', 'sex', 'angst'}"
One Direction,18368066,{'mature'}
One Direction,18367289,"{'anal fingering', 'anal sex', 'louis tomlinson - freeform', 'explicit', 'harry styles - freeform', 'loss of virginity', 'first time'}"
One Direction,18364409,"{'minor violence', 'blood', 'eventual smut', 'eventual romance', 'mature', 'hurt/comfort', 'werewolves'}"
One Direction,18363842,"{'genderswap', 'explicit', 'anal fingering', 'drug use', 'subspace', 'dom/sub undertones', 'girl!louis', 'happy ending', 'age difference', 'smut', 'light dom/sub', 'angst'}"
One Direction,18122588,"{'not rated', 'mental health issues', 'eventual smut', 'fluff and angst', 'angst', 'dom/sub', 'dom louis', 'feminine harry', 'depression'}"
One Direction,18362456,{'general audiences'}
One Direction,18360590,{'teen and up audiences'}
One Direction,18359348,"{'anal fingering', 'age play', 'age difference', 'size kink', 'anal sex', 'smut', 'mature', 'daddy kink', 'fluff', 'fluff and smut'}"
One Direction,16960047,"{'other additional tags to be added', 'tour bus', 'touring', 'internalized homophobia', 'eventual smut', 'original character(s)', 'past relationship(s)', 'mature', 'fluff', 'kissing', 'slow burn'}"
One Direction,18354728,"{'girl direction', 'vaginal fingering', 'tattoos', 'angst', 'alcohol', 'genderswap', 'lesbian sex', 'oral sex', 'explicit'}"
One Direction,17266817,"{'bottom harry styles', 'mpreg harry', 'explicit', 'sub harry', 'alternate universe', 'harry in panties', 'recreational drug use', 'baby harry', 'misunderstandings', 'dom louis', 'rape/non-con elements', 'mpreg', 'past relationship(s)', 'fluff and humor', 'top louis tomlinson', 'jealous louis'}"
One Direction,18357269,{'mature'}
One Direction,12550760,"{'teen and up audiences', 'murder', 'smut', 'top!harry', 'magic', 'rough sex', 'choking', 'bottom!louis'}"
One Direction,16230800,"{'tour bus', 'tattoos', 'explicit'}"
One Direction,18353051,"{'not rated', 'deepthroating', 'rimming', 'baby harry', 'fluff', 'daddy louis', 'smut', 'coming out'}"
One Direction,12836067,"{'top harry', 'bottom louis', 'knotting', 'omega niall', 'alpha harry', 'alpha/beta/omega dynamics', 'omega louis', 'hate to love', 'alpha liam', 'mating cycles/in heat', 'angst', 'alpha/omega', 'explicit'}"
One Direction,18349388,"{'teen and up audiences', 'fluff', 'alternate universe - college/university'}"
One Direction,7868218,{'explicit'}
One Direction,18351893,"{'blow jobs', 'bottom niall horan', 'mature', 'top zayn malik', 'oral sex'}"
One Direction,18350717,"{'knotting', 'alpha harry', 'rimming', 'omega louis', 'mature', 'smut', 'dom/sub'}"
One Direction,18349808,{'not rated'}
One Direction,18328589,"{'anal fingering', 'top harry', 'gay sex', 'bottom zayn', 'anal sex', 'explicit'}"
One Direction,18348995,{'teen and up audiences'}
One Direction,18348638,"{'roleplay', 'alternate universe - harry potter setting', 'butt plugs', 'secret relationship', 'dom/sub', 'dirty talk', 'semi-public sex', 'praise kink', 'sex toys', 'hand jobs', 'blindfolds', 'explicit', 'anal fingering', 'sub harry', 'quidditch player louis tomlinson', 'subspace', 'anal sex', 'established relationship', 'rimming', 'come swallowing', 'exhibitionism', 'dom louis', 'face-fucking', 'bondage', 'spanking', 'ot5 friendship', 'blow jobs', 'bdsm', 'cock rings', 'light angst', 'smut', 'daddy kink', 'vibrators'}"
One Direction,18348686,{'explicit'}
One Direction,15881112,"{'larry stylinson is real', 'mature'}"
One Direction,18301439,"{'not rated', 'top harry', 'established harry styles/louis tomlinson', 'harry styles - freeform', 'larry - freeform', 'larry stylinson - freeform', 'fluff and angst', 'larry stylinson is real', 'sex', 'louis tomlinson - freeform', 'fluff', 'bottom louis', 'smut', 'fluff and humor', 'football player louis', 'bottom harry', 'sad'}"
One Direction,18344453,"{'morning sex', 'smut', 'love', 'explicit'}"
One Direction,18214940,"{'sad', 'heavy angst', 'mature', 'photographer harry', 'anal fingering', 'hurt', 'anal sex', 'angst with a happy ending', 'oral sex', 'masturbation', 'falling in love', 'smut', 'angst', 'fluff and smut'}"
One Direction,18343895,"{'teen and up audiences', 'secret relationship', 'established harry styles/louis tomlinson', 'fluff', 'love', 'rich louis', 'rich harry'}"
One Direction,14777909,"{'not rated', 'fluff', 'alternate universe - college/university', 'football player louis'}"
One Direction,18347759,"{'not rated', 'bottom louis', 'top harry', 'anal sex', 'smut', 'dominant louis tomlinson', 'riding', 'fluff and smut', 'submissive harry styles'}"
One Direction,18347663,"{'not rated', 'angst with a happy ending'}"
One Direction,18347066,"{'top harry', 'bottom louis', 'larry fluff', 'mature', 'bottom harry', 'top louis', 'larry smut', 'larry stylinson smut'}"
One Direction,18344705,"{'girl direction', 'teen and up audiences', 'alcohol'}"
One Direction,18346169,"{'teen and up audiences', 'fluff and angst'}"
One Direction,18345992,{'mature'}
One Direction,18338591,"{'not rated', 'rimming', 'daddy louis', 'anal sex', 'smut', 'fluff', 'daddy kink', 'face-fucking', 'fluff and smut'}"
One Direction,17848289,"{'mature', 'past character death', 'anal fingering', 'student harry', 'anal sex', 'alternate universe - no one direction', 'other additional tags to be added', 'rimming', 'panic attacks', 'grief/mourning', 'age difference', 'top louis', 'bottom harry', 'fluff and smut', 'first time'}"
One Direction,11639352,"{'not rated', 'top harry', 'bottom louis', 'pregnant louis', 'famous harry', 'smut', 'fluff', 'angst', 'rich harry'}"
One Direction,18052799,"{'other additional tags to be added', 'teen and up audiences', 'dom zayn', 'sub zayn', 'dom/sub'}"
One Direction,18339572,{'mature'}
One Direction,18338897,{'mature'}
One Direction,18333434,"{'summer', 'general audiences'}"
One Direction,18332792,{'not rated'}
One Direction,17684102,"{'teen and up audiences', 'oblivious harry', 'alternate universe - coffee shops & cafés', 'alternate universe - college/university', 'student harry', 'anal sex', 'angst with a happy ending', 'enemies to friends to lovers', 'jealousy', 'mutual pining', 'sharing a bed', 'jealous harry', 'smut', 'slow burn'}"
One Direction,18336692,{'mature'}
One Direction,18336344,{'mature'}
One Direction,18335870,{'mature'}
One Direction,18334007,{'not rated'}
One Direction,18333662,"{'cute', 'one shot', 'no smut', 'general audiences'}"
One Direction,18328436,"{'anal fingering', 'anal sex', 'smut', 'established harry styles/louis tomlinson', 'fluff', 'canon compliant', 'blowjobs', 'explicit'}"
One Direction,17937716,"{'hand jobs', 'explicit', 'anal fingering', 'anal sex', 'rimming', 'omega louis', 'omega zayn malik', 'mating cycles/in heat', 'rough sex', 'beta niall horan', 'spanking', 'blow jobs', 'non-traditional alpha/beta/omega dynamics', 'alpha liam payne'}"
One Direction,15937043,"{'kissing', 'slow burn', 'past abuse', 'explicit'}"
One Direction,15755349,"{'friends to lovers', 'mature', 'alternate universe - college/university', 'soft', 'larry - freeform', 'larry stylinson - freeform', 'pining', 'strangers to lovers', 'fluff', 'break up', 'slow burn', 'sad'}"
One Direction,18325238,"{'anal fingering', 'morning sex', 'anal sex', 'mature', 'dom/sub', 'daddy kink', 'dom liam payne', 'daddy liam', 'choking', 'sub zayn malik'}"
One Direction,18325214,"{'not rated', 'bottom louis', 'top harry', 'blow jobs', 'anal fingering', 'harry in panties', 'anal sex', 'smut', 'riding', 'top louis tomlinson', 'bottom harry', 'fluff and smut'}"
One Direction,18325007,{'general audiences'}
One Direction,18323858,"{'butt plugs', 'dom/sub', 'handcuffs', 'daddy liam', 'sub zayn malik', 'explicit', 'anal sex', 'light bondage', 'rimming', 'dom liam payne', 'rough sex', 'blow jobs', 'daddy kink'}"
One Direction,18295784,"{'anal fingering', 'heavy angst', 'gay sex', 'unsafe sex', 'anal sex', 'canon compliant', 'angst with a happy ending', 'future fic', 'explicit'}"
One Direction,18318935,"{'not rated', 'bottom louis', 'innocent louis', 'cute', 'twink louis', 'sad ending'}"
One Direction,18316616,{'not rated'}
One Direction,18316604,"{'not rated', 'drabble', 'bottom louis', 'daddy harry', 'top harry', 'dom/sub undertones', 'larry stylinson - freeform', 'no smut', 'mpreg louis'}"
One Direction,18315776,{'teen and up audiences'}
One Direction,18313703,"{'not rated', 'angst with a happy ending'}"
One Direction,18313700,"{'not rated', 'angst with a happy ending'}"
One Direction,18214721,"{'age difference', 'cheating', 'secret relationship', 'mature', 'angst'}"
One Direction,18293126,"{'romance', 'falling in love', 'mature', 'fluff and humor', 'alternate universe', 'side ziam'}"
One Direction,14143905,"{'grief/mourning', 'emotional hurt/comfort', 'slow burn', 'character death', 'heartbreak', 'angst', 'explicit'}"
One Direction,18313448,"{'not rated', 'cute', 'fluff', 'cute louis'}"
One Direction,18312482,{'not rated'}
One Direction,16029629,"{'not rated', 'larry stylinson - freeform', 'royalty', 'alternate universe - fantasy', 'minor character death'}"
One Direction,18309500,"{'teen and up audiences', 'alternate universe', 'angst'}"
One Direction,18113294,"{'painting', 'art', 'strangers to lovers', 'angst and hurt/comfort', 'angst with a happy ending', 'explicit'}"
One Direction,18305738,"{'homophobia', 'self-harm', 'internalized homophobia', 'panic attacks', 'emotional hurt/comfort', 'mature', 'hurt/comfort', 'angst'}"
One Direction,18283412,{'teen and up audiences'}
One Direction,18305210,"{'attempt at humor', 'light angst', 'implied sexual content', 'alcohol', 'alternate universe', 'hand jobs', 'happy ending', 'boys kissing', 'fluff and smut', 'explicit'}"
One Direction,18270677,"{'anal fingering', 'gay sex', 'top harry', 'bottom zayn', 'anal sex', 'top zayn', 'bottom harry', 'explicit'}"
One Direction,18304259,"{'first kiss', 'flirting', 'getting together', 'larry stylinson - freeform', 'general audiences', 'fluff', 'alternate universe', 'one direction - freeform'}"
One Direction,18303590,"{'marriage', 'teen and up audiences', 'cheating', 'mpreg', 'fluff', 'divorce', 'angst', 'crying'}"
One Direction,9896501,"{'not rated', 'alternate universe - college/university', 'angst with a happy ending', 'alternate universe - high school'}"
One Direction,18294152,"{'girl direction', 'teen and up audiences', 'eventual smut', 'slow burn', 'enemies to friends to lovers', 'alternate universe - magic'}"
One Direction,18295607,"{'boyfriends', 'cuddling & snuggling', 'attempt at humor', 'high school', 'cute', 'established relationship', 'fluff', 'alternate universe - high school', 'football player louis', 'general audiences'}"
One Direction,18284384,"{'blow jobs', 'alpha harry', 'alpha/beta/omega dynamics', 'omega louis', 'scenting', 'secret admirer', 'alpha liam', 'strangers to lovers', 'mature', 'pining', 'fluff', 'beta niall', 'mating cycles/in heat', 'happy ending'}"
One Direction,18295127,"{'girl direction', 'implied sexual content', 'mature', 'genderswap', 'lesbian sex'}"
One Direction,17749262,"{'roleplay', 'praise kink', 'hand jobs', 'handcuffs', 'swearing', 'kidnapping', 'mature', 'rich louis', 'teasing', 'sexual tension', 'mutual masturbation', 'rough sex', 'gay', 'fluff and smut', 'loss of virginity', 'first time', 'dom/sub', 'anal fingering', 'deepthroating', 'strangers to lovers', 'kind of', 'shower sex', 'aftercare', 'mutual pining', 'sexual content', 'spanking', 'blow jobs', 'choking', 'dirty talk', 'cuddling & snuggling', 'come swallowing', 'anal plug', 'bondage', 'bdsm', 'hurt/comfort', 'possessive behavior', 'top louis tomlinson', 'bottom harry'}"
One Direction,18300239,{'mature'}
One Direction,18299474,{'teen and up audiences'}
One Direction,18298586,"{'cuddling & snuggling', 'domestic fluff', 'mature', 'fluff'}"
One Direction,17944655,"{'top liam payne', 'anal fingering', 'explicit', 'bottom zayn malik', 'anal sex', 'sick character', 'strangers to lovers', 'fluff and angst', 'riding', 'alternate universe', 'major character injury', 'rimming', 'mutual pining', 'secret admirer', 'boys kissing', 'blow jobs', 'hurt/comfort', 'angst'}"
One Direction,18297350,{'explicit'}
One Direction,18294809,{'not rated'}
One Direction,17921948,"{'not rated', 'kidnapping', 'angst', 'emotional/psychological abuse', 'physical abuse'}"
One Direction,17227706,"{'explicit', 'rich harry', 'other additional tags to be added', 'mob boss harry', 'fluff', 'happy ending', 'smut', 'angst', 'crossdressing'}"
One Direction,18291194,"{'explicit', 'future fic', 'kid fic', 'past mpreg', 'hurt/comfort', 'family drama', 'canon compliant', 'angst'}"
One Direction,18291062,{'mature'}
One Direction,18289550,"{'teen and up audiences', 'one direction big bang', 'soulmates', 'first love', 'alternate universe', 'alternate universe - historical'}"
One Direction,18284105,"{'teen and up audiences', 'proposal', 'domestic fluff', 'fluff', 'marriage proposal'}"
One Direction,17489237,"{'comedy', 'fluff and angst', 'alternate universe - college/university', 'lilo friendship', 'explicit'}"
One Direction,18287978,{'not rated'}
One Direction,18286085,"{'not rated', 'angst with a happy ending'}"
One Direction,15546225,"{'alternate universe', 'harry styles - freeform', 'one direction - freeform', 'general audiences'}"
One Direction,18280754,{'mature'}
One Direction,18279305,"{'girl direction', 'vaginal fingering', 'established relationship', 'fluff', 'useless lesbians', 'alternate universe', 'explicit'}"
One Direction,18278891,{'general audiences'}
One Direction,18277631,"{'getting back together', 'post-break up', 'mature', 'angst with a happy ending', 'happy ending', 'break up', 'angst', 'sad louis', 'crying'}"
One Direction,18277361,{'mature'}
One Direction,18277346,{'mature'}
One Direction,18277334,{'mature'}
One Direction,18272849,"{'teen and up audiences', 'kid fic', 'alternate universe - harry potter setting'}"
One Direction,15611211,"{'dom/sub', 'dirty talk', 'blowjobs', 'explicit', 'subspace', 'top liam', 'teasing', 'anal sex', 'aftercare', 'light bdsm', 'rimming', 'sub zayn', 'fluff', 'dom liam', 'nipple play', 'spanking', 'bdsm', 'bottom zayn', 'smut', 'daddy kink', 'choking'}"
One Direction,18273125,"{'top harry', 'bottom louis', 'quidditch player louis tomlinson', 'anal sex', 'alternate universe - harry potter setting', 'explicit'}"
One Direction,18277139,"{'alternate universe - non-famous', 'strangers to lovers', 'mature'}"
One Direction,18276944,"{'teen and up audiences', 'original character(s)'}"
One Direction,18276242,{'not rated'}
One Direction,3186074,"{'top harry', 'teen and up audiences', 'shy louis', 'fluff and angst', 'alternate universe - high school', 'sorry - freeform', 'dark harry', 'angst', 'fluff', 'cute louis', 'bottom louis', 'high school', 'possessive behavior', 'possessive harry', 'louis in glasses', 'protective harry'}"
One Direction,4811513,"{'top harry', 'bottom louis', 'ot5 friendship', 'non-famous louis', 'famous harry', 'explicit'}"
One Direction,18273818,"{'mature', 'making out', 'first meetings', 'domestic fluff', 'fluff', 'no smut'}"
One Direction,18271778,"{'top harry', 'bottom louis', 'larry - freeform', 'larry stylinson - freeform', 'explicit'}"
One Direction,18268997,"{'not rated', 'top harry', 'innocent louis', 'baby louis', 'ageplay', 'larry stylinson - freeform', 'voyeurism', 'daddy harry', 'spanking', 'bottom louis', 'bdsm', 'cock rings', 'smut'}"
One Direction,18267767,{'teen and up audiences'}
One Direction,16095665,"{'alternate universe - future', 'arranged marriage', 'falling in love', 'happy ending', 'no smut', 'cute louis', 'coming out', 'general audiences'}"
One Direction,18264704,"{'anal sex', 'canon compliant', 'bottom harry', 'kink negotiation', 'fluff and smut', 'explicit'}"
One Direction,18264464,"{'not rated', 'flirting', 'strangers to lovers', 'fluff', 'alcohol'}"
One Direction,18056543,"{'comedy', 'violence', 'angst with a happy ending', 'alternate universe - high school', 'character death', 'general audiences'}"
One Direction,18146252,"{'not rated', 'falling in love'}"
One Direction,17197415,"{'blowjobs', 'explicit', 'recreational drug use', 'cheating', 'boys kissing', 'flashbacks', 'sexual content'}"
One Direction,18260927,"{'healing', 'mature', 'miscommunication', 'fluff', 'canon compliant', 'angst', 'grief/mourning'}"
One Direction,17252030,"{'homophobia', 'student louis', 'internalized homophobia', 'implied/referenced alcohol abuse/alcoholism', 'fluff and angst', 'mature', 'falling in love', 'fluff', 'friends to lovers', 'angst', 'alcohol abuse/alcoholism'}"
One Direction,17095652,"{'larry - freeform', 'mature', 'christmas'}"
One Direction,18260501,"{'rape', 'mpreg', 'violence', 'fluff', 'angst', 'torture', 'murder', 'explicit'}"
One Direction,18257843,{'explicit'}
One Direction,18256598,{'explicit'}
One Direction,18256559,{'explicit'}
One Direction,14735694,"{'alpha zayn', 'alpha liam', 'alpha louis', 'omega harry', 'explicit', 'omega niall', 'non-traditional alpha/beta/omega dynamics', 'non-famous harry'}"
One Direction,18184583,"{'mature', 'frat boy niall', 'alternate universe - college/university', 'protective liam', 'one direction - freeform', 'sorry - freeform', 'fluff'}"
One Direction,18252440,"{'knotting', 'alpha/beta/omega dynamics', 'explicit'}"
One Direction,14017827,"{'violence', 'mature', 'minor character death', 'past child abuse', 'bottom harry', 'depression'}"
One Direction,18248399,"{'light angst', 'anxiety', 'mature', 'fluff', 'friends to lovers', 'alternate universe', 'no smut'}"
One Direction,17933108,{'explicit'}
One Direction,16771834,"{'ageplay', 'explicit', 'diapers'}"
One Direction,11484453,"{'bottom louis', 'gay sex', 'rimming', 'deepthroating', 'references to depression', 'sexual tension', 'shameless smut', 'fluff and smut', 'explicit'}"
One Direction,17851571,"{'hurt harry styles', 'post-break up', 'explicit', 'shower sex', 'sex', 'zayn leaves one direction', 'one direction - freeform', 'heartbreak', 'falling in love', 'harry styles - freeform'}"
One Direction,18245195,"{'not rated', 'angst with a happy ending'}"
One Direction,6607522,"{'attempt at humor', 'american au', 'mature', 'sexual content', 'alternate universe - high school', 'genderswap', 'angst'}"
One Direction,3916366,"{'spanking', 'polyamory', 'alpha/beta/omega dynamics', 'mental illness', 'suicidal thoughts', 'double penetration', 'mpreg', 'angst', 'swearing', 'incest', 'alternate universe', 'explicit'}"
One Direction,18242957,"{'blow jobs', 'gay sex', 'smut', 'one shot', 'explicit'}"
One Direction,18230033,"{'not rated', 'top harry', 'gay sex', 'friends to lovers', 'explicit sexual content', 'hand jobs', 'anal fingering', 'anal sex', 'love at first sight', 'larry stylinson is real', 'sexual tension', 'lilo friendship', 'rimming', 'sharing a bed', 'first time blow jobs', 'happy ending', 'bottom louis', 'blow jobs', 'ot5 friendship', 'light angst', 'falling in love', 'smut', 'bottom harry', 'top louis', 'coming out', 'first time'}"
One Direction,18239906,"{'not rated', 'angst with a happy ending'}"
One Direction,13464843,"{'not rated', 'other additional tags to be added', 'true love', 'hurt/comfort', 'slow build', 'alternate universe - college/university', 'alternate universe - high school', 'love', 'sad harry'}"
One Direction,18212672,"{'anal fingering', 'gay sex', 'anal sex', 'top zayn', 'bottom harry', 'explicit'}"
One Direction,18236699,"{'true love', 'smut', 'hurt/comfort', 'established relationship', 'happy ending', 'break up', 'angst', 'explicit'}"
One Direction,18232478,{'mature'}
One Direction,18232466,"{'and', 'explicit', 'medical inaccuracies', 'sorry - freeform', 'plot what plot/porn without plot', 'fluff and smut'}"
One Direction,16760749,"{'not rated', 'friends to lovers'}"
One Direction,18227228,"{'blow jobs', 'smut', 'explicit'}"
One Direction,14528142,"{'double penetration', 'sex toys', 'top liam payne', 'explicit', 'anal sex', 'top zayn malik', 'oral sex', 'dubious consent', 'exhibitionism', 'nipple play', 'size kink', 'bdsm', 'top louis tomlinson', 'choking'}"
