fandom,id,tags
Sherlock Holmes,18552748,"{'friends to lovers', 'hurt/comfort', 'alternate universe - canon divergence', 'hurt sherlock holmes', 'teen and up audiences'}"
Sherlock Holmes,8143562,{'teen and up audiences'}
Sherlock Holmes,18235835,"{'explicit', 'bullying', 'first time', 'bottom sherlock', 'angst', 'loss of virginity', 'anal sex', 'john watson is a saint', 'explicit sexual content', 'fluff', 'homophobia', 'teenlock', 'first kiss'}"
Sherlock Holmes,18473383,"{'explicit', 'references to knotting', 'angst with a happy ending', 'non-consensual drug use', 'alternate universe - fantasy', 'loss of virginity', 'rape/non-con elements', 'alpha john watson', 'mating cycles/in heat', 'sherlock holmes on a case', 'minor original character(s)', 'angst and hurt/comfort', 'omega verse', 'alternate universe - different first meeting', 'first kiss'}"
Sherlock Holmes,18314963,"{'explicit', 'exhibitionism', 'light dom/sub', 'threesome - m/m/m'}"
Sherlock Holmes,14143332,"{'implied/referenced rape/non-con', 'alpha/beta/omega dynamics', 'omega sherlock holmes', 'mature', 'rape/non-con elements', 'exhibitionism', 'smut', 'alpha john watson', 'eventual happy ending', 'mpreg', 'semi-public sex', 'omega verse', 'slow burn', 'bamf john watson', 'angst and feels', 'bamf mycroft holmes'}"
Sherlock Holmes,18049577,"{'explicit', 'slow burn'}"
Sherlock Holmes,10981632,"{'johnlock - freeform', 'mature', 'suicidal sherlock', 'post-reichenbach', 'hurt john watson', 'pov john watson', 'awesome mrs. hudson', 'pov sherlock holmes'}"
Sherlock Holmes,9910910,"{'friendship', 'parent-child relationship', 'general audiences', 'slow burn', 'friends to lovers', 'sherlock holmes has feelings', 'fluff and angst', 'romance', 'sherlock holmes has a heart'}"
Sherlock Holmes,1160715,"{'teen and up audiences', 'au'}"
Sherlock Holmes,759502,{'not rated'}
Sherlock Holmes,8308768,"{'romantic fluff', 'mature', 'fluff and smut', 'romance', 'alcohol abuse/alcoholism', 'past child abuse', 'angst'}"
Sherlock Holmes,18131132,"{'reincarnation', 'mature', 'sherlock holmes has feelings', 'mind palace', 'mycroft being a good brother', 'angst and feels'}"
Sherlock Holmes,18346820,"{'family', 'mature', 'protective john', 'bullying', 'abuse'}"
Sherlock Holmes,16775914,"{'explicit', 'eventual smut', 'porn with feelings', 'angst', 'loss of virginity', 'smut', 'masturbation', 'love', 'porn with plot', 'slow burn', 'teenlock', 'friends to lovers', 'first time blow jobs', 'romance'}"
Sherlock Holmes,17940014,"{'explicit', 'gay sex', 'canon-typical violence', 'slow burn', 'bdsm', 'blood', 'knifeplay', 'rough sex'}"
Sherlock Holmes,18000332,"{'mature', 'past child abuse'}"
Sherlock Holmes,14818233,"{'explicit', 'love confessions', 'slow burn', 'bamf john watson', 'friends to lovers', 'drug use', 'top john', 'first time', 'nsfw', 'bottom sherlock holmes', 'first kiss', 'insecure sherlock'}"
Sherlock Holmes,16801594,"{'explicit', 'john watson being an idiot', 'porn with feelings', 'first time', 'dirty talk', 'top sherlock', 'pining', 'anal sex', 'rimming', 'smut', 'coming in pants', 'jealous john', 'masturbation', 'frottage', 'sexual tension', 'praise kink', 'cuddling & snuggling', 'top john', '69 (sex position)', 'anal fingering', 'blowjobs', 'slow build', 'fluff', 'shower sex', 'bottom john', 'humor', 'hair-pulling', 'friends to lovers', 'bottom sherlock holmes', 'first kiss'}"
Sherlock Holmes,18454892,"{'mature', 'humor', 'eventual romance', 'slow burn', 'enemies to friends to lovers', 'first time', 'drama', 'alternate universe - different first meeting'}"
Sherlock Holmes,1844230,"{'mature', 'hurt/comfort', 'fluff', 'angst'}"
Sherlock Holmes,18247475,"{'explicit', 'light angst', 'references to knotting', 'developing relationship', 'alpha john watson', 'alternate universe - college/university', 'alternate universe - canon divergence', 'omega sherlock holmes', 'fluff and angst', 'angst'}"
Sherlock Holmes,18459656,"{'explicit', 'first kiss', 'soundcloud', 'english accent', 'podfic', 'oral sex', 'first time', 'alternate universe', 'coffee shops', 'fluff'}"
Sherlock Holmes,10735719,"{'parentlock', 'not rated'}"
Sherlock Holmes,18570745,"{'explicit', 'humor', 'hurt/comfort', 'mutual pining', 'jealous john watson', 'greg lestrade is a good friend', 'happy ending', 'angst'}"
Sherlock Holmes,13959066,"{'explicit', 'cute', 'crack', 'domestic fluff', 'love'}"
Sherlock Holmes,15995543,"{'texting', 'hurt/comfort', 'emotional hurt/comfort', 'seizures', 'angst', 'torture', 'i wrote this instead of sleeping', 'feels', 'teen and up audiences', 'sickfic', 'john is a good friend', 'humiliation', 'friendship', 'hurt sherlock holmes'}"
Sherlock Holmes,18191192,{'mature'}
Sherlock Holmes,18340244,"{'mutual pining', 'not rated', 'hurt john watson', 'post-season/series 04'}"
Sherlock Holmes,18567220,"{'explicit', 'human john', 'anal sex', 'interspecies sex', 'established relationship', 'oral sex', 'plot what plot/porn without plot'}"
Sherlock Holmes,15404199,"{'explicit', 'torture', 'friends to lovers', 'praise kink', 'bamf john', 'smut', 'anal sex', 'anal fingering', 'first kiss', 'masturbation'}"
Sherlock Holmes,15388008,"{'explicit', 'deductions', 'emotional hurt/comfort', 'mycroft is sweet', 'anal sex', 'smut', 'mystery', 'case fic', 'nightmares', 'poor greg lestrade', 'domestic fluff'}"
Sherlock Holmes,18104615,"{'tension', 'hurt/comfort', 'mature', 'protective greg', 'sexual tension', 'dragons', 'slow build', 'interspecies sex', 'slow burn', 'magic', 'mystrade', 'alternate universe - magic'}"
Sherlock Holmes,15977177,"{'general audiences', 'poetry', 'rating may change', 'john watson loves sherlock holmes', 'love'}"
Sherlock Holmes,18001289,"{'light angst', 'mature', 'happy ending', 'emotional hurt/comfort', 'alternate universe - different first meeting'}"
Sherlock Holmes,18479374,"{'mature', 'unrequited love', 'trust issues', 'christmas', ""mycroft's meddling"", 'friendship/love'}"
Sherlock Holmes,18481741,"{'idiots in love', 'minor character death', 'mature'}"
Sherlock Holmes,18563974,"{'established sherlock holmes/john watson', 'not rated'}"
Sherlock Holmes,17749787,"{'angst with a happy ending', 'mature', 'pining', 'mycroft being a good brother', 'protective mycroft', 'mystrade', 'betrayal', 'mycroft is a softie'}"
Sherlock Holmes,18386654,"{'first time', 'alcohol abuse/alcoholism', 'emotional hurt/comfort', 'seizures', 'angst', 'mature', 'sussex', 'suicidal thoughts', 'alternate universe - different first meeting', 'implied/referenced drug use', 'first kiss', 'happy ending'}"
Sherlock Holmes,18563368,"{'love confessions', 'mature', 'first kiss', 'pining', 'mutual pining', 'first time'}"
Sherlock Holmes,18563251,"{'tension', 'alpha greg lestrade', 'general audiences', 'alternate universe', 'omega mycroft holmes', 'alpha/omega'}"
Sherlock Holmes,15630168,"{'explicit', 'tags may change', 'rating may change', 'enemies to friends to lovers'}"
Sherlock Holmes,7644895,"{'ficlet collection', 'general audiences'}"
Sherlock Holmes,18562558,"{'established relationship', 'general audiences', 'domestic bliss', 'romance', 'fluff'}"
Sherlock Holmes,18539233,"{'explicit', 'hurt/comfort', 'angst'}"
Sherlock Holmes,18560731,"{'tea', 'slash', 'humor', 'teen and up audiences'}"
Sherlock Holmes,17492099,"{'alternate universe - college/university', 'case fic', 'developing sherlock holmes/john watson', 'teen and up audiences', 'alternate universe - different first meeting'}"
Sherlock Holmes,15960896,"{'alternate universe - spies & secret agents', 'au', 'torture', 'mature'}"
Sherlock Holmes,18555982,"{'cover art', 'general audiences'}"
Sherlock Holmes,18559624,"{'cover art', 'general audiences'}"
Sherlock Holmes,18485119,"{'cats', '221b baker street', 'getting together', 'sherlock holmes & john watson friendship', 'pov john watson', 'pining', 'friends to lovers', 'domestic life at 221b baker street', 'drinking & talking', 'pre-relationship', 'john watson loves sherlock holmes', 'pre-slash', 'teen and up audiences', 'fluff'}"
Sherlock Holmes,18554011,"{'parent-child relationship', 'general audiences', 'misunderstandings', 'developing sherlock holmes/john watson', 'sherlock holmes has feelings', 'parenthood', 'cute', 'domestic life at 221b baker street', 'domestic fluff', 'out of character', 'fluff'}"
Sherlock Holmes,16360682,"{'explicit', 'case fic', 'pov john watson', 'pov sherlock holmes'}"
Sherlock Holmes,18553969,"{'explicit', 'pwp', 'idiots in love', 'hand jobs', 'flirting'}"
Sherlock Holmes,7413997,"{'hurt/comfort', 'mature', 'suicidal thoughts', 'love', 'true love', 'angst and hurt/comfort', 'friendship', 'marriage', 'male-female friendship', 'sherlock holmes - freeform', 'emotional hurt/comfort', 'suicide attempt', 'sexual content', 'revenge', 'marriage proposal', 'vampires', 'reincarnation', 'christmas', 'heartbreak', 'declarations of love', 'romance'}"
Sherlock Holmes,18555610,"{'cover art', 'general audiences'}"
Sherlock Holmes,18555493,"{'cover art', 'general audiences'}"
Sherlock Holmes,14590026,"{'tension', 'love confessions', 'marriage', 'implied/referenced rape/non-con', 'misunderstandings', 'jealousy', 'hurt/comfort', 'alpha/beta/omega dynamics', 'possessive sherlock', 'romantic fluff', 'virgin sherlock', 'emotional hurt/comfort', 'drama', 'angst', 'not actually unrequited love', 'protective john', 'pining', 'loss of virginity', 'dom/sub undertones', 'trauma', 'rape/non-con elements', 'teen and up audiences', 'jealous john', 'feels', 'domestic', 'drama & romance', 'case fic', 'cuddling & snuggling', 'fluff and angst', 'cuddling', 'fluff', 'husbands', 'friendship', 'humor', 'friends to lovers', 'possessive behavior', 'domestic fluff', 'character study', 'romance', 'angst and feels', 'friendship/love'}"
Sherlock Holmes,17950667,"{'john watson being an idiot', 'sherlock being an idiot', 'sherlock holmes is bad at feelings', 'eventual smut', 'mind palace', 'sex', ""sherlock's mind palace"", 'mature', 'sherlock holmes and drug use', 'alternate universe - canon divergence', 'sherlock is a mess', 'smut', 'john watson is a saint', 'original female character(s) - freeform', 'john is a good friend', 'sherlock holmes has a heart', 'sherlock plays the violin', 'sherlock being sherlock', 'mycroft being a good brother'}"
Sherlock Holmes,18554326,"{'cover art', 'general audiences'}"
Sherlock Holmes,13633104,"{'cheating', 'mature', 'angst'}"
Sherlock Holmes,18533083,"{'easter', 'boys in love', 'established mycroft holmes/greg lestrade', 'boys kissing', 'established sherlock holmes/john watson', 'mycroft is sweet', 'mycroft being mycroft', 'general audiences', 'protective mycroft', 'kissing', 'greg is sweet'}"
Sherlock Holmes,17850059,"{'mormor', 'teen and up audiences'}"
Sherlock Holmes,16454222,"{'reader-insert', 'alternate universe - fantasy', 'alternate universe - spies & secret agents', 'alternate universe - soulmates', 'alternate universe - magic', 'alternate universe - high school', 'not rated'}"
Sherlock Holmes,18106562,"{'mature', 'mystrade', 'past child abuse'}"
Sherlock Holmes,18555922,"{'teen and up audiences', 'crack'}"
Sherlock Holmes,16227194,"{'molliarty - freeform', 'general audiences'}"
Sherlock Holmes,11935842,"{'hurt/comfort', 'first dates', 'mature', 'sharing a bed', 'fluff and humor', 'kidnapping', 'first kiss', 'sickfic', 'nightmares', 'established relationship', 'dancing', 'grief/mourning', 'pre-relationship', 'mystrade', 'flirting', 'marriage proposal', ""new year's eve"", 'kissing', 'light angst', 'bamf mycroft holmes', 'fights', 'drabble collection', 'established mycroft holmes/greg lestrade', 'protective greg'}"
Sherlock Holmes,17815577,"{'love confessions', 'general audiences', 'coming out'}"
Sherlock Holmes,18528172,"{'angst', 'slow romance', 'happy ending', 'slow burn', 'case fic', 'fluff and angst', 'grief/mourning', 'mystery', 'teen and up audiences', 'fluff'}"
Sherlock Holmes,18093704,"{'sherlock-centric', 'implied/referenced rape/non-con', 'depression', 'alcohol abuse/alcoholism', 'emotional hurt/comfort', 'implied/referenced suicide', 'angst', 'hurt', 'parent sherlock', 'mature', 'sherlock holmes and drug use', 'heavy angst', 'insecure sherlock holmes', 'rape/non-con elements', 'sherlock is a good parent', 'violence', 'sad', 'pov john watson', 'angst and hurt/comfort', 'self-esteem issues', 'internalized homophobia', 'friendship', 'self-harm', 'pov sherlock holmes', 'sherlock holmes has feelings', 'drugs', 'abuse', 'grief/mourning', 'male-female friendship'}"
Sherlock Holmes,7321870,"{'family', 'established relationship', 'mature', 'alternate universe - canon divergence', 'alpha/beta/omega dynamics', 'rape/non-con elements'}"
Sherlock Holmes,16929552,"{'explicit', 'depression', 'christmas', 'sex', 'coming out', 'angst', 'bottom mycroft holmes', 'shameless smut', 'trust issues', 'anal sex', 'smut', 'rape/non-con elements', ""new year's eve"", 'smoking', 'mycroft feels', 'greg lestrade & sherlock holmes friendship', 'pining sherlock holmes', 'fluff and smut', 'anal fingering', 'angst and hurt/comfort', 'homophobia', 'dancing', 'bamf mycroft holmes', 'bisexual greg lestrade', 'oral sex', 'top greg lestrade', 'mystrade', 'greg is sweet', 'post-season/series 04'}"
Sherlock Holmes,18532876,"{'explicit', 'ust', 'humor', 'developing sherlock holmes/john watson', 'first time', 'virgin sherlock', 'first kiss', 'jealous john'}"
Sherlock Holmes,18551608,"{'cover art', 'general audiences'}"
Sherlock Holmes,18442772,"{'tags may change', 'dancing', 'gay', '221b baker street', 'hair-pulling', 'other additional tags to be added', 'cute', 'mutual pining', 'domestic fluff', 'tooth-rotting fluff', 'fluff', 'not rated'}"
Sherlock Holmes,18488269,"{'age play', 'little sherlock holmes', 'not rated', 'non-sexual age play'}"
Sherlock Holmes,18452255,"{'texting', 'first kiss', 'alternate universe - college/university', 'mutual pining', 'first meetings', 'teen and up audiences', 'pov alternating', 'fluff and humor'}"
Sherlock Holmes,11559609,{'not rated'}
Sherlock Holmes,18333398,"{'sherlock is a brat', 'mature', 'sherlock is a mess', 'crack', 'johnlock - freeform', 'greg is sweet', 'mycroft being mycroft'}"
Sherlock Holmes,18549172,"{'parentlock', 'easter', 'mature', 'mystrade'}"
Sherlock Holmes,11628285,"{'crossover', 'teen and up audiences'}"
Sherlock Holmes,17126504,{'not rated'}
Sherlock Holmes,18548767,"{'explicit', 'easter', 'oral sex', 'plot what plot/porn without plot', 'anal sex', 'rimming', 'marriage proposal', 'kitchen sex', 'fluff and smut'}"
Sherlock Holmes,17289863,"{'explicit', 'humor', 'family drama', 'smut', 'romance'}"
Sherlock Holmes,18363377,"{'explicit', 'established relationship', 'sibling incest', 'humor', 'holmescest', 'brotherly love', 'romance', 'post-episode: s04e03 the final problem', 'fluff and smut'}"
Sherlock Holmes,18440285,"{'explicit', 'angst and fluff and smut', 'teenlock', 'smut', 'bottom sherlock holmes', 'top john watson', 'johnlock - freeform'}"
Sherlock Holmes,18548119,"{'established relationship', 'mature', 'oral sex', 'blow jobs'}"
Sherlock Holmes,17073920,"{'implied/referenced self-harm', 'comfort', 'drug withdrawal', '221b ficlet', 'implied/referenced drug use', 'teen and up audiences', 'angst'}"
Sherlock Holmes,18212129,"{'explicit', 'sickfic', 'first time', 'first kiss', 'seizures'}"
Sherlock Holmes,18512062,"{'drama & romance', 'awesome molly hooper', 'mature', 'slow burn', 'possessive sherlock', 'angst and hurt/comfort'}"
Sherlock Holmes,18439175,"{'mature', 'jealous john', 'johnlock - freeform'}"
Sherlock Holmes,15629358,"{'protective john', 'protective mycroft', 'mycroft being a good brother', 'teen and up audiences'}"
Sherlock Holmes,18368327,"{'protective john', 'depression', 'teen and up audiences', 'angst'}"
Sherlock Holmes,17890802,"{'references to depression', 'sadness', 'angst', 'not rated', 'unreliable narrator', 'grief/mourning'}"
Sherlock Holmes,18049523,"{'explicit', 'sexual tension', 'hurt/comfort', 'sherlock holmes has feelings', 'first time', 'bamf john', 'first kiss', 'angst'}"
Sherlock Holmes,18020789,{'general audiences'}
Sherlock Holmes,18299540,"{'explicit', 'suicide attempt', 'alcohol abuse/alcoholism', 'character study', 'nice mary morstan', 'suicidal thoughts', 'angst'}"
Sherlock Holmes,17232578,"{'tea', 'pie', 'hurt/comfort', 'injury', 'teen and up audiences', 'family', 'angst and hurt/comfort', 'brothers', '221b baker street'}"
Sherlock Holmes,9392060,"{'explicit', 'bickering', 'ptsd sherlock', 'first time', 'boys kissing', 'bottom john watson', 'top sherlock', 'explicit language', 'implied/referenced drug use', 'bottom mycroft holmes', 'murder', 'anal sex', 'rimming', 'rough sex', 'post-episode: s04e03 the final problem', 'smoking', 'masturbation', 'triggers', 'dom john watson', 'work in progress', 'explicit sexual content', 'sexual tension', 'declarations of love', 'case fic', 'sub sherlock holmes', 'greg lestrade & john watson friendship', 'fluff and angst', 'sherlock holmes has a heart', 'anal fingering', 'sherlock has a military kink', 'pov john watson', 'top john watson', 'fluff and smut', 'slash', 'light dom/sub', 'mycroft being mycroft', 'pov sherlock holmes', 'hospitals', 'oral sex', 'sherlock being sherlock', 'first time blow jobs', 'blood and gore', 'top greg lestrade', 'protective mycroft', 'mycroft being a good brother', 'bottom sherlock holmes'}"
Sherlock Holmes,18362666,"{'sherlock holmes and drug use', 'sherlock plays the violin', 'developing sherlock holmes/john watson', 'sherlock being sherlock', 'established sherlock holmes/john watson', 'not rated'}"
Sherlock Holmes,18257495,{'explicit'}
Sherlock Holmes,18540247,"{'alternate universe - soulmates', 'teen and up audiences'}"
Sherlock Holmes,18239561,"{'explicit', 'jealous john watson', 'heartbreak', 'angst', 'pining', 'case fic', 'blackmail', 'unrequited love', 'friends to lovers', 'protective mycroft', 'romance'}"
Sherlock Holmes,16441580,"{'explicit', 'unreliable narrator', 'references to drugs', 'shameless smut', 'misunderstandings', 'hurt/comfort', 'smut', 'rimming', 'au'}"
Sherlock Holmes,12340980,"{'hurt/comfort', 'first time', 'sex', 'mature', 'trauma', 'babies', 'tattoos', 'pre-slash', 'humour', 'friendship', 'humor', 'kidnapping', 'first kiss', 'marriage', 'possessive sherlock', 'blow jobs', 'emotional hurt/comfort', 'hurt', 'angst', 'crossdressing', 'poetry', 'sexual content', 'first meetings', 'frottage', 'sickfic', 'sad', 'pregnancy', 'shower sex', 'slash', 'friends to lovers', 'flirting', 'jealousy', 'wall sex', 'reunions', 'boys kissing', ""i'm sorry"", 'handcuffs', ""i don't even know"", 'chocolate', 'marriage proposal', 'drinking & talking', 'london', 'masturbation', '221b ficlet', 'fluff', 'morning sex', 'possessive behavior', 'sherlock being sherlock', 'kissing', 'unresolved sexual tension', 'fights', 'pie', 'ust', 'hand jobs', 'orgasm delay/denial', 'crack', 'rimming', 'rough sex', 'teasing', 'kitchen sex', 'brothers', 'cats', 'husbands', 'drugs', 'character study', 'romance', 'phone sex'}"
Sherlock Holmes,14805603,"{'explicit', 'torture', 'abuse', 'blood and gore', 'blood and injury', 'rape/non-con elements'}"
Sherlock Holmes,18310133,"{'mature', 'sherlock is a mess', 'protective mycroft', 'greg is sweet', 'light angst'}"
Sherlock Holmes,17321711,"{'teen and up audiences', 'johnlock - freeform'}"
Sherlock Holmes,17045444,"{'explicit', 'drug use', 'minor character death', 'mutual pining', 'enemies to friends to lovers', 'smut', 'hurt john watson', 'homelessness', 'violence', 'alternate universe - different first meeting', 'hurt sherlock holmes', 'alternate universe', 'crimes & criminals', 'unresolved sexual tension'}"
Sherlock Holmes,18379907,"{'established relationship', 'au', 'teen and up audiences'}"
Sherlock Holmes,16050851,"{'general audiences', 'alternate universe - high school', 'ficlet'}"
Sherlock Holmes,12347511,"{'relationship', 'falling in love', 'crying', 'secrets', 'panic attacks', 'insecure sherlock', 'protective greg', 'teasing', 'teen and up audiences', 'love', 'sickfic', 'mycroft is the british government', 'anthea (sherlock) is the best pa', 'brotherly love'}"
Sherlock Holmes,14969963,{'teen and up audiences'}
Sherlock Holmes,18413843,"{'mild angst', 'post-reichenbach', 'teen and up audiences'}"
Sherlock Holmes,16678558,"{'teen and up audiences', 'bamf john watson', 'post-reichenbach'}"
Sherlock Holmes,18538906,"{""i'm sorry"", 'i wrote this instead of sleeping', 'teen and up audiences', 'established sherlock holmes/john watson'}"
Sherlock Holmes,17056265,"{'explicit', 'sex', 'past child abuse', 'angst', 'murder', 'pining', 'blood and gore'}"
Sherlock Holmes,18108503,"{'mature', 'bottom mycroft holmes', 'top greg lestrade', 'greg is sweet', 'established mycroft holmes/greg lestrade', 'mycroft being mycroft'}"
Sherlock Holmes,18070463,"{'explicit', 'love confessions', 'first time', 'au', 'panic attacks', 'emotional hurt/comfort', 'ptsd john', 'sharing a bed', 'masturbation', 'first kiss', 'cuddling & snuggling', 'mild angst', 'bisexual john watson'}"
Sherlock Holmes,18526648,{'general audiences'}
Sherlock Holmes,13666635,"{'family', 'friendship', 'drama & romance', 'awesome molly hooper', 'sherlock holmes & molly hooper friendship', 'general audiences', 'eventual romance', 'jealousy', 'hurt/comfort', 'sherlock holmes has feelings', 'sherlock being sherlock', 'jealous sherlock', 'sherlock holmes has a heart', 'best friends'}"
Sherlock Holmes,11559231,"{'work in progress', 'not rated'}"
Sherlock Holmes,16791823,"{'explicit', 'arranged marriage', 'murder', 'drug use', 'attempted rape/non-con', 'alpha/beta/omega dynamics', 'alpha john', 'blackmail', 'oral sex', 'anal sex', 'crimes & criminals', 'spoilers', 'omega sherlock', 'masturbation', 'angst'}"
Sherlock Holmes,14587509,"{'explicit', 'revenge', 'dubious consent', 'alternative universe', 'virgin sherlock', 'bottom sherlock holmes', 'top john watson'}"
Sherlock Holmes,15940922,{'mature'}
Sherlock Holmes,18533773,"{'porn with plot', 'angst with a happy ending', 'fluff and smut', 'not rated'}"
Sherlock Holmes,18533500,"{'parentlock', 'teen and up audiences'}"
Sherlock Holmes,18511501,{'not rated'}
Sherlock Holmes,4977493,"{'work in progress', 'blood', 'au', 'teen and up audiences', 'character death'}"
Sherlock Holmes,18520363,"{'angst and fluff and smut', 'sibling incest', 'mature', 'not actually unrequited love', 'no eurus holmes', 'mutual pining', 'mycroft being a good brother', 'protective big brother mycroft', 'tooth-rotting fluff', 'holmescest'}"
Sherlock Holmes,18512440,"{'explicit', 'bottom john watson', 'top sherlock', 'easter', 'top john watson', 'plot what plot/porn without plot', 'smut', 'bottom sherlock holmes', 'bondage', 'sex toys'}"
Sherlock Holmes,15757740,"{'explicit', 'sex', 'hand jobs', 'sharing a bed', 'rimming', 'other additional tags to be added', 'blowjobs', 'first time blow jobs', 'flirting'}"
Sherlock Holmes,13451460,"{'crossover', 'general audiences'}"
Sherlock Holmes,18528847,"{'explicit', 'love confessions', 'porn with feelings', 'first time', 'hand jobs', 'anal sex', 'smut', 'insecure sherlock holmes', 'porn with plot', 'cuddling & snuggling', 'fluff and angst', 'anal fingering', 'post-canon', 'top john watson', 'fluff and smut', 'fluff', 'bottom sherlock holmes', 'friends to lovers'}"
Sherlock Holmes,18371777,"{'post-reichenbach', 'teen and up audiences'}"
Sherlock Holmes,17068286,{'teen and up audiences'}
Sherlock Holmes,11319012,"{'case fic', 'blackmail', 'teen and up audiences', 'bamf mycroft holmes', 'angst'}"
Sherlock Holmes,18346604,"{'teen and up audiences', 'romance'}"
Sherlock Holmes,18219254,"{'general audiences', 'fantasy', 'alternate universe - canon divergence', 'alternate universe', 'fluff'}"
Sherlock Holmes,18218798,{'mature'}
Sherlock Holmes,17266043,"{'mature', 'getting together', 'enemies to friends to lovers', 'first time', 'first meetings', 'first kiss'}"
Sherlock Holmes,14214084,"{'explicit', 'tags may change', 'canon compliant', 'past child abuse', 'developing relationship', 'murder', 'canon-typical violence', 'kidnapping', 'other additional tags to be added', 'post-canon', 'past abuse', 'character death', 'post-season/series 04'}"
Sherlock Holmes,18505036,"{'domestic', 'dancing', 'general audiences', 'true love', 'tooth-rotting fluff', 'fluff', 'love'}"
Sherlock Holmes,18527458,"{""i'm sorry"", 'crack', 'fluff', 'not rated'}"
Sherlock Holmes,18483664,"{'alpha/beta/omega dynamics', 'alternate universe - victorian', 'submission', 'mature', 'i wrote this instead of sleeping', ""i don't even know"", 'john is a mess', 'omega sherlock', 'alpha/omega', 'sherlock is a brat', 'implied/referenced torture', 'omega verse', 'pov sherlock holmes', 'sherlock being sherlock', 'mycroft being a good brother'}"
Sherlock Holmes,18203312,"{'explicit', 'case fic', 'other additional tags to be added', 'friends to lovers', 'jealous john'}"
Sherlock Holmes,17325656,"{'mature', 'case fic', 'secrets', 'drama'}"
Sherlock Holmes,14561955,"{'alternate universe - magic', 'mature', 'mystrade'}"
Sherlock Holmes,17729798,{'teen and up audiences'}
Sherlock Holmes,7399957,"{'explicit', 'biting', 'spanking', 'bdsm', 'christmas', 'dirty talk', 'angst', 'cheating', 'orgasm delay/denial', 'anal sex', 'smut', 'first meetings', 'bondage', 'dom/sub', 'cuddling & snuggling', 'nightmares', 'blowjobs', 'dubious consent', 'morning sex', 'fluff', 'blindfolds', 'mormor', 'abuse', 'threesome - m/m/m'}"
Sherlock Holmes,17734358,"{'explicit', 'references to knotting', 'alpha/beta/omega dynamics', 'omega sherlock holmes', 'alternate universe - canon divergence', 'mating cycles/in heat', 'dom/sub', 'praise kink', 'knotting', 'daddy kink', 'bottom sherlock holmes'}"
Sherlock Holmes,13062873,"{'crossover', 'teen and up audiences'}"
Sherlock Holmes,18315878,"{'omegaverse', 'not rated', 'angst'}"
Sherlock Holmes,441850,"{'explicit', 'domestic', 'oral sex', 'anal sex', 'marriage'}"
Sherlock Holmes,18007640,"{'ptsd sherlock', 'not rated', 'angst', 'john is a mess', 'sherlock is a mess', 'greg lestrade is a good friend', 'implied/referenced torture', 'doctor john watson', 'nightmares', 'friendship', 'bamf john watson', 'sherlock holmes has feelings'}"
Sherlock Holmes,18522907,"{'general audiences', 'first meeting', 'alternate universe'}"
Sherlock Holmes,15915207,"{'bamf john', 'mature', 'case fic', 'pov john watson', 'alternate universe - different first meeting', 'kidnapping', 'slow burn'}"
Sherlock Holmes,16850737,"{'mature', 'molliarty - freeform', 'alternate universe - fantasy', 'sexual tension', 'awkward romance', 'magic'}"
Sherlock Holmes,16426451,{'teen and up audiences'}
Sherlock Holmes,18302432,"{'explicit', 'hurt/comfort', 'angst', 'pining', 'tooth-rotting fluff', 'explicit sexual content', 'fluff', 'grief/mourning', 'first kiss', 'post-season/series 04'}"
Sherlock Holmes,16426046,"{'eventual smut', 'slow burn', 'not rated'}"
Sherlock Holmes,17255291,"{'explicit', 'jealousy', 'first time', 'crying', 'past drug use', 'crossdressing', 'heavy angst', 'poetry', 'anal sex', 'coming in pants', 'unresolved sexual tension', 'frottage', '69 (sex position)', 'unreliable narrator', 'dancing', 'canon-typical violence', 'oral sex', 'grief/mourning', 'first kiss'}"
Sherlock Holmes,15893547,"{'mature', 'shameless smut', 'dom/sub', 'plot what plot/porn without plot', 'one shot', 'first time', 'smut', 'daddy kink', 'bondage'}"
Sherlock Holmes,18437024,"{'ptsd', 'canon compliant', 'canon-typical violence', 'sickfic', 'pov sherlock holmes', 'drugs', 'teen and up audiences', 'angst'}"
Sherlock Holmes,16746838,"{'explicit', 'frottage', 'victorian', 'light bdsm', 'breathplay', 'rough sex', 'implied/referenced drug use', 'time travel', 'blow jobs', 'anal sex', 'first meetings', 'alternate universe - victorian', 'anal fingering', 'riding crops', 'alternate universe - time travel'}"
Sherlock Holmes,18331445,"{'explicit', 'hurt/comfort', 'sex', 'anal sex', 'smut', 'dom john watson', 'praise kink', 'sub sherlock holmes', 'light bdsm', 'fluff', 'slow burn', 'friends to lovers', 'oral sex', 'domestic fluff'}"
Sherlock Holmes,12292116,"{'rpf', 'other additional tags to be added', 'one shots', 'teen and up audiences', 'reader-insert'}"
Sherlock Holmes,15444972,"{'established relationship', 'mpreg', 'established mycroft holmes/greg lestrade', 'teen and up audiences', 'emotional hurt/comfort', 'established sherlock holmes/john watson'}"
Sherlock Holmes,13786293,"{'canon-typical violence', 'other additional tags to be added', 'teen and up audiences'}"
Sherlock Holmes,18514021,"{'love confessions', 'misunderstandings', 'insecure sherlock', 'friendship/love', 'not rated'}"
Sherlock Holmes,17726879,"{'explicit', 'breathplay', 'sherlock holmes is a bit not good', 'knifeplay'}"
Sherlock Holmes,9778229,"{'moriarty is alive', 'teen and up audiences'}"
Sherlock Holmes,17398301,"{'family', 'parentlock', 'mpreg', 'established mycroft holmes/greg lestrade', ""mycroft's meddling"", 'mystrade', 'teen and up audiences', 'fluff', 'mycroft is a softie'}"
Sherlock Holmes,18412085,"{'mature', 'sherlock holmes on a case', 'sex', 'moriarty is alive'}"
Sherlock Holmes,10857177,"{'explicit', 'ptsd', 'falling in love', 'anal sex', 'rimming', 'post-reichenbach', 'masturbation', 'eventual happy ending', 'lots of angst', 'anal fingering', 'oral sex'}"
Sherlock Holmes,18511279,"{'greg lestrade & john watson friendship', 'general audiences', 'anthea (sherlock) is the best pa'}"
Sherlock Holmes,14783208,"{'comfort', 'sadness', 'mature', 'anal sex', 'smut', 'masturbation', 'love', 'first meeting', 'true love', 'slow build', 'fluff', 'happy ending', 'friends to lovers', 'oral sex', 'kissing'}"
Sherlock Holmes,14129847,"{'homelessness', 'mature', 'references to drugs', 'slow burn', 'dominance', 'trans character', 'swearing', 'violence'}"
Sherlock Holmes,18509245,"{'general audiences', 'slow burn', 'crossover'}"
Sherlock Holmes,17170442,"{'sherlock being an idiot', 'family drama', 'angst and humor', 'angst', 'mycroft holmes is the british government', 'protective siblings', 'mycroft feels', 'protective big brother mycroft', 'family', 'sherlock is a brat', 'family feels', 'john is a good friend', 'fluff and angst', 'fluff', 'mycroft being mycroft', 'angst and hurt/comfort', 'general audiences', 'sherlock holmes has feelings', 'sherlock being sherlock', 'mycroft being a good brother', 'protective mycroft', 'angst and feels', 'mycroft is a softie'}"
Sherlock Holmes,16221053,"{'sex', 'coming out', 'mature', 'internalized homophobia', 'homophobia', 'implied/referenced child abuse'}"
Sherlock Holmes,18510445,"{'crushes', 'general audiences', 'first kiss', 'fluff'}"
Sherlock Holmes,17959634,"{'explicit', 'sherlolly - freeform', 'dancing', 'first time', 'first kiss'}"
Sherlock Holmes,17579339,"{'angst with a happy ending', 'implied/referenced self-harm', 'references to drugs', 'triggers', 'hurt/comfort', 'drugs', 'not rated'}"
Sherlock Holmes,14983379,{'teen and up audiences'}
Sherlock Holmes,18354059,"{'angst with a happy ending', 'developing relationship', 'misunderstandings', 'friends to lovers', 'pov sherlock holmes', 'alternate universe', 'prompt fic', 'first meetings', 'teen and up audiences', 'pov john watson', 'light angst', 'angst'}"
Sherlock Holmes,17389652,"{'explicit', 'protective greg'}"
Sherlock Holmes,18373868,"{'enemies to friends to lovers', 'protective greg', 'bamf greg lestrade', 'mycroft holmes is the british government', 'teen and up audiences', 'cuddling & snuggling', 'mycroft holmes has feelings', 'fluff and angst', 'anthea (sherlock) is the best pa', 'fake/pretend relationship', 'slow burn', 'hospitals', 'poor greg lestrade', 'greg is sweet', 'protective big brother mycroft'}"
Sherlock Holmes,16624700,"{'explicit', 'established relationship', 'happy ending', 'threesome - m/m/m'}"
Sherlock Holmes,16780057,{'not rated'}
Sherlock Holmes,15616839,"{'light angst', 'mature', 'rating may change', 'pov sherlock holmes', 'sherlock is a mess', 'magic', 'alternate universe - different first meeting', 'first kiss', 'fluff', 'flirting'}"
Sherlock Holmes,14712368,"{'hurt/comfort', 'alpha/beta/omega dynamics', 'drama', 'angst', 'mature', 'domestic bliss', 'mystery', 'love', 'eventual happy ending', 'mpreg', 'true love', 'introspection', 'fluff and angst', 'nightmares', 'pregnancy', 'fluff', 'established relationship', 'revenge', 'kidnapping', 'mormor', 'romance'}"
Sherlock Holmes,18507397,{'not rated'}
Sherlock Holmes,16775065,"{'tags may change', 'work in progress', 'rating may change', 'not rated'}"
Sherlock Holmes,18507769,"{'general audiences', 'pining', 'case fic', 'crossover', 'happy ending'}"
Sherlock Holmes,18507499,"{'johnlock - freeform', 'general audiences'}"
Sherlock Holmes,18507469,"{'general audiences', 'soundcloud', 'podfic', 'english accent', 'johnlock - freeform'}"
Sherlock Holmes,18436628,"{'explicit', 'established relationship', 'breathplay', 'rough sex', 'crossdressing', 'oral sex', 'anal sex', 'rimming', 'light bdsm'}"
Sherlock Holmes,18239843,"{'general audiences', 'minor character death', 'teenlock', 'hospitals', 'romance', 'medical procedures'}"
Sherlock Holmes,18024197,"{'explicit', 'eventual smut', 'hurt/comfort', 'alpha/beta/omega dynamics', 'omega sherlock holmes', 'angst', 'omegaverse', 'alpha john', 'omega sherlock', 'omega mycroft holmes', 'alpha/omega', 'alpha john watson', 'mating cycles/in heat', 'lots of angst', 'past abuse', 'fluff', 'alpha greg lestrade', 'crushes', 'kidnapping', 'friends to lovers'}"
Sherlock Holmes,16025828,"{'explicit', 'fights', 'misunderstandings', 'idiots in love', 'alpha/beta/omega dynamics', 'sex', 'best friends', 'angst', 'alternate universe - royalty', 'heavy angst', 'omega sherlock', 'omega mycroft holmes', 'alpha/omega', 'alpha john watson', 'explicit sexual content', 'omega verse', 'alpha greg lestrade', 'alternate universe'}"
Sherlock Holmes,17375339,"{'love confessions', 'eventual smut', 'ptsd sherlock', 'wall sex', 'idiots in love', 'hurt/comfort', 'mutual pining', 'angst', 'ptsd john', 'vibrators', 'teen and up audiences', ""new year's eve"", 'declarations of love', 'parental mrs. hudson', 'violence', 'anal fingering', 'fluff', 'past abuse', 'shower sex', 'awesome mrs. hudson', 'sherlock plays the violin', 'flashbacks', 'post-traumatic stress disorder - ptsd'}"
Sherlock Holmes,17944151,"{'explicit', 'falling in love', 'bdsm', 'mormor', 'anal sex', 'feels'}"
Sherlock Holmes,17787551,"{'teen and up audiences', 'slow burn'}"
Sherlock Holmes,18485599,"{'sherlock-centric', ""it's for a case"", 'one shots', 'not rated'}"
Sherlock Holmes,17134421,"{'mature', 'developing relationship', 'canon-typical violence', 'friends to lovers', 'tooth-rotting fluff', 'emotional hurt/comfort', 'fluff', 'fluff and humor'}"
Sherlock Holmes,18501172,"{'explicit', 'established relationship', 'sibling incest', 'spanking', 'bickering', 'humor', 'fluff and smut', 'john is a good friend', 'light bondage', 'rimming', 'daddy kink', 'anal sex', 'rough sex', 'bottom sherlock holmes', 'holmescest', 'no eurus holmes'}"
Sherlock Holmes,18501121,"{'mature', '221b baker street', 'first kiss', 'christmas party'}"
Sherlock Holmes,18500974,"{'mature', 'hurt/comfort', 'fluff'}"
Sherlock Holmes,18500836,"{'mature', 'falling in love'}"
Sherlock Holmes,880322,"{'alternate universe - spies & secret agents', 'not rated'}"
Sherlock Holmes,15472722,"{'drug use', 'pre-canon', 'depression', 'hurt/comfort', 'post-canon', 'humor', 'kidnapping', 'male-female friendship', 'drug withdrawal', 'emotional hurt/comfort', 'first meetings', 'amnesia', 'sickfic', 'nightmares', 'tumblr prompt', 'established relationship', 'pre-relationship', 'domestic fluff', 'implied/referenced drug use', 'crossover', 'flirting', 'jealousy', 'reunions', 'injury', 'chocolate', 'marriage proposal', 'teen and up audiences', 'protective siblings', 'fluff', 'fake/pretend relationship', 'alternate universe', 'kissing', 'light angst', 'ficlet collection', 'drabble collection', 'comfort', 'misunderstandings', 'coming out', 'non-consensual drug use', 'time travel', 'pov first person', 'coffee shops', 'cats', 'crushes', 'drugs'}"
Sherlock Holmes,18500239,"{'explicit', 'established relationship', 'oral sex', 'anal sex'}"
Sherlock Holmes,11246910,"{'explicit', 'kissing', 'first kiss'}"
Sherlock Holmes,17212604,"{'friendship', 'suicide attempt', 'hospitals', 'friends to lovers', 'not rated', 'injury', 'grief/mourning', 'heartbreak', 'character death', 'angst'}"
Sherlock Holmes,18498988,"{'mature', 'kissing', 'coffee shops', 'first dates', 'flirting'}"
Sherlock Holmes,18498316,"{'explicit', 'alternate universe - college/university', 'misunderstandings', 'first time', 'anal sex', 'happy ending', 'light angst'}"
Sherlock Holmes,1370944,"{'general audiences', 'alternative universe', 'london', 'fluff'}"
Sherlock Holmes,5091245,"{'angst', 'parent-child relationship', 'alpha john', 'post-reichenbach', 'swearing', 'omega sherlock', 'teen and up audiences', 'other additional tags to be added', 'case fic', 'holmes brothers', 'omega verse', 'kidnapping', 'past drug use'}"
Sherlock Holmes,17810291,"{'case fic', 'teen and up audiences', 'pov john watson'}"
Sherlock Holmes,11459787,"{'falling in love', 'sherlock holmes is bad at feelings', 'jealousy', 'hurt/comfort', 'mutual pining', 'mystery', 'teen and up audiences', 'love', 'other additional tags to be added', 'fluff', 'friendship', 'kidnapping', 'slow burn', 'friends to lovers', 'blood', 'sherlock being sherlock', 'romance'}"
Sherlock Holmes,18496252,{'general audiences'}
Sherlock Holmes,16861027,"{'non-sexual age play', 'not rated'}"
Sherlock Holmes,18494851,"{'explicit', 'smut'}"
Sherlock Holmes,2236254,"{'explicit', 'sherlolly - freeform'}"
Sherlock Holmes,15975143,"{'homophobia', 'bickering', 'pining', 'case fic', 'hurt/comfort', 'awkward romance', 'other additional tags to be added', 'mutual pining', 'sharing a bed', 'teen and up audiences'}"
Sherlock Holmes,15132698,"{'established relationship', 'angst and feels', 'general audiences', 'slow burn', 'hurt/comfort', 'minor original character(s)', 'violence', 'emotional hurt/comfort', 'angst and hurt/comfort', 'established sherlock holmes/john watson', 'angst'}"
Sherlock Holmes,18490720,"{'mature', 'mystrade'}"
Sherlock Holmes,2037471,"{'deductions', 'murder', 'feels', 'love', 'friendship', 'general audiences', 'humor', 'alternate universe', 'magic'}"
Sherlock Holmes,18467935,"{'explicit', 'hurt/comfort', 'oral sex', 'plot what plot/porn without plot', '69 (sex position)', 'dom/sub undertones', 'rimming', 'anal sex', 'collars', 'anal fingering', 'masturbation'}"
Sherlock Holmes,16085975,"{'parentlock', 'awesome molly hooper', 'parent sherlock', 'angst', 'parent-child relationship', 'teen and up audiences', 'mycroft feels', 'greg lestrade & sherlock holmes friendship', 'original female character(s) - freeform', 'sherlock holmes & john watson friendship', 'other additional tags to be added', 'sherlock is a good parent', 'mycroft is the british government', 'fluff', 'hospitals', 'sherlock holmes has feelings', 'parenthood', 'mycroft being a good brother', 'medical procedures'}"
Sherlock Holmes,18111854,"{'slash', 'mature', 'jealousy', 'romance', 'pre-slash'}"
Sherlock Holmes,18488989,"{'work in progress', 'teen and up audiences', 'johnlock - freeform'}"
Sherlock Holmes,17931194,"{'explicit', 'john watson being an idiot', 'sherlock holmes loves john watson', 'jealous john watson', 'top john', 'minor original character(s)', 'sherlock being sherlock', 'bottom sherlock holmes', 'flirting'}"
Sherlock Holmes,13925625,"{'one shot collection', 'one shot', 'spoilers', 'teen and up audiences'}"
Sherlock Holmes,18483676,"{'age play', 'little sherlock holmes', 'non-sexual age play', 'not rated'}"
Sherlock Holmes,18481372,"{'teen and up audiences', '221b con flash fic', 'flash fic'}"
Sherlock Holmes,18443696,"{'explicit', 'alternate universe - college/university', 'doctor john watson', 'smut'}"
Sherlock Holmes,18481297,"{'mature', '221b con flash fic', 'flash fic', 'masturbation'}"
Sherlock Holmes,18483961,"{'explicit', 'alternate universe - royalty', 'top sherlock', 'bottom john watson', 'oral sex', 'plot what plot/porn without plot', 'alternate universe', 'anal sex'}"
Sherlock Holmes,1137405,"{'explicit', 'established relationship', 'one shot collection', 'pwp', 'porn with plot', 'spanking', 'top sherlock', 'bottom john', 'top john', 'first time', 'blow jobs', 'anal sex', 'smut', 'bottom sherlock', 'plot what plot/porn without plot', 'rimming', 'virgin sherlock', 'first kiss', 'fluff'}"
Sherlock Holmes,16016240,"{'explicit', 'magical realism', 'alternate universe - time travel', 'angst and hurt/comfort', 'alternate universe - soulmates'}"
Sherlock Holmes,17385557,"{'teen and up audiences', 'prompt fic', 'period-typical homophobia', '221b ficlet'}"
Sherlock Holmes,17686952,"{'porn with plot', 'mature', 'dom/sub', 'omegaverse', 'one shot', 'loss of virginity', 'smut', 'reader-insert'}"
Sherlock Holmes,18483820,"{'general audiences', 'pregnancy'}"
Sherlock Holmes,18483526,"{'explicit', 'wall sex', 'one shot', 'explicit language', 'alternate universe - college/university', 'teasing', 'praise kink', 'sherlock holmes has a heart', 'fluff and smut', 'plot what plot/porn without plot', 'sherlock being sherlock', 'cunnilingus'}"
Sherlock Holmes,18483181,"{'general audiences', 'developing sherlock holmes/john watson', 'minor original character(s)', 'character study', 'angst and feels', 'pov john watson', 'light angst'}"
Sherlock Holmes,12669048,"{'general audiences', 'poetry'}"
Sherlock Holmes,18481495,"{'flash fic', 'general audiences', '221b con flash fic', 'protective big brother mycroft'}"
Sherlock Holmes,16805632,"{'mature', 'slow burn', 'friends to lovers', 'suicide attempt', 'alternative universe', 'emotional hurt/comfort', 'love'}"
Sherlock Holmes,17083760,"{'alternate universe - royalty', 'falling in love', 'teen and up audiences', 'pov alternating'}"
Sherlock Holmes,14597124,"{'implied/referenced rape/non-con', 'torture', 'mature', 'murder', 'mycroft holmes has feelings', 'mycroft is the british government', 'brothers', 'sherlock being sherlock', 'grief/mourning', 'bamf mycroft holmes'}"
Sherlock Holmes,17223173,"{'explicit', 'public sex', 'gay sex', 'falling in love', 'blow jobs', 'angst', 'trans character', 'dom/sub undertones', 'exhibitionism', 'masturbation', 'eventual romance', 'trans male character', 'case fic', 'jealous sherlock', 'slow burn', 'bisexual john watson', 'cunnilingus'}"
Sherlock Holmes,12946074,"{'mature', 'falling in love', 'hurt/comfort', 'past abuse'}"
Sherlock Holmes,18239540,"{'explicit', 'humor', 'smut', 'fluff'}"
Sherlock Holmes,10865007,"{'established relationship', 'angst with a happy ending', 'angst and feels', 'parentlock', 'marriage', 'amnesia', 'flashbacks', 'alternate universe - canon divergence', 'parenthood', 'fluff and angst', 'romance', 'post-episode: s02e03 the reichenbach fall', 'suicidal thoughts', 'teen and up audiences', 'out of character', 'angst'}"
Sherlock Holmes,18478672,"{'sherlolly - freeform', ""it's for a case"", 'post-episode: s04e03 the final problem', 'teen and up audiences', 'angst'}"
Sherlock Holmes,18124613,"{'alternate universe - royalty', 'mature', 'arranged marriage', 'mpreg', 'alpha/beta/omega dynamics'}"
Sherlock Holmes,18476809,"{'general audiences', 'developing sherlock holmes/john watson', 'first meetings'}"
Sherlock Holmes,17545364,"{'age play', 'little sherlock holmes', 'protective big brother mycroft', 'emotional hurt/comfort', 'not rated'}"
Sherlock Holmes,12955542,{'teen and up audiences'}
Sherlock Holmes,18445430,"{'depression', 'suicide attempt', 'panic attacks', 'alcohol abuse/alcoholism', 'not rated'}"
Sherlock Holmes,14621058,"{'autistic sherlock holmes', 'hurt/comfort', 'implied/referenced child abuse', 'mental health issues', 'teen and up audiences', 'emotional hurt/comfort', 'angst'}"
Sherlock Holmes,16062881,"{'established relationship', 'husbands', 'domestic fluff', 'teen and up audiences', 'fluff'}"
Sherlock Holmes,16979565,"{'explicit', 'sherlock-centric', 'alpha/beta/omega dynamics', 'alpha john', 'omega sherlock', 'sherlock holmes & john watson friendship', 'sherlock is a good parent', 'violence', 'past abuse', 'omega verse', 'bamf john watson', 'sherlock holmes has feelings'}"
Sherlock Holmes,13177335,"{'parentlock', 'teen and up audiences'}"
Sherlock Holmes,11830119,"{'explicit', 'homophobia', 'family', 'explicit language', 'explicit sexual content', 'romance', 'alternate universe - high school'}"
Sherlock Holmes,15138719,"{'explicit', 'mpreg', 'alpha/beta/omega dynamics', 'knotting', 'anal sex'}"
Sherlock Holmes,18448202,"{'explicit', 'sherlock is a brat', 'sibling incest', 'mycroft is sweet', 'mycroft holmes has feelings', 'smut', 'crack', 'mycroft being a good brother', 'holmescest', 'no eurus holmes'}"
Sherlock Holmes,18473902,"{'protective siblings', 'teen and up audiences'}"
Sherlock Holmes,17232707,"{'explicit', 'implied/referenced rape/non-con', 'hurt/comfort', 'torture', 'angst with a happy ending', 'cheating', 'suicidal thoughts', 'parent!lock', 'violence', 'fluff', 'self-harm', 'mystrade'}"
Sherlock Holmes,15725346,{'not rated'}
Sherlock Holmes,18470737,{'general audiences'}
Sherlock Holmes,17400158,{'teen and up audiences'}
Sherlock Holmes,18470122,"{'general audiences', 'poor greg lestrade', 'sad', 'established mycroft holmes/greg lestrade', 'mycroft feels', 'angst'}"
Sherlock Holmes,14588970,"{'explicit', 'mutual pining', 'shameless smut'}"
Sherlock Holmes,5570935,"{'betrayal', 'angst', 'not rated', 'post-reichenbach', 'eventual happy ending', 'sherlock is a brat', 'fluff'}"
Sherlock Holmes,18466972,"{'humour', 'teen and up audiences', 'pre-relationship'}"
Sherlock Holmes,16015961,"{'explicit', 'oral sex', 'anal sex', 'rimming', 'mystrade'}"
Sherlock Holmes,15287640,"{'eventual happy ending', 'mature', 'other additional tags to be added', 'hurt/comfort', 'mind palace', 'post-reichenbach', 'angst'}"
Sherlock Holmes,17264900,"{'explicit', 'angst with a happy ending', 'slow romance', 'falling in love', 'eventual smut', 'slow burn', 'post-reichenbach', 'smut', 'fluff and angst', 'post-episode: s02e03 the reichenbach fall', 'fluff and smut', 'johnlock - freeform', 'light angst'}"
Sherlock Holmes,14280996,"{'explicit', 'biting', 'spanking', 'jealousy', 'alpha/beta/omega dynamics', 'one shot', 'blow jobs', 'boys kissing', 'angst', 'anal sex', 'rimming', 'rough sex', 'love', 'vampires', 'bondage', 'werewolves', 'knotting', 'semi-public sex', 'anal fingering', 'fluff and smut', 'cuddling', 'interspecies sex', 'shower sex', 'dominance', 'oral sex', 'possessive behavior', 'plot what plot/porn without plot', 'magic', 'daddy kink', 'phone sex'}"
Sherlock Holmes,17727950,"{'friendship', 'teen and up audiences'}"
Sherlock Holmes,18465631,"{'general audiences', 'misunderstandings', 'poor greg lestrade', 'established mycroft holmes/greg lestrade', 'mycroft is a softie'}"
Sherlock Holmes,18088649,"{'sibling incest', 'mature', 'holmescest'}"
Sherlock Holmes,13496366,"{'relationship', 'victorian', 'mature', 'work in progress', 'magical realism', 'alternate universe', 'romance'}"
Sherlock Holmes,18021296,"{'explicit', 'sex', 'mormor'}"
Sherlock Holmes,895834,"{'explicit', 'rpf', 'humor', 'swearing', 'sexual content', 'romance'}"
Sherlock Holmes,18464506,"{'explicit', 'bottom mycroft holmes', 'top greg lestrade', 'domestic fluff', 'mystrade'}"
Sherlock Holmes,18464012,"{'happy ending', 'sherlock holmes is a bit not good', 'sherlock holmes loves john watson', 'hurt/comfort', 'nightmares', 'hurt john watson', 'teen and up audiences', 'light angst'}"
Sherlock Holmes,18463736,"{'mutual pining', 'romance', 'fluff', 'not rated'}"
Sherlock Holmes,18419675,{'teen and up audiences'}
Sherlock Holmes,18314516,"{'explicit', 'magical realism', 'human john', 'first time', 'angst with a happy ending', 'ptsd john', 'alternate universe - canon divergence', 'explicit sexual content', 'true love', '221b baker street', 'alternate universe'}"
Sherlock Holmes,16674616,"{'alternate universe', 'teen and up audiences', 'fantasy'}"
Sherlock Holmes,16091891,"{'mutual pining', 'tattoos', 'teen and up audiences', 'john is a good friend', 'greg lestrade & john watson friendship', 'bisexual greg lestrade'}"
Sherlock Holmes,18354095,"{'explicit', 'top sherlock', 'bottom john', 'anal sex'}"
Sherlock Holmes,18462023,"{'angst', 'cuddling & snuggling', 'post-season/series 04', 'kissing', 'teen and up audiences', 'fluff', 'love'}"
Sherlock Holmes,18459479,"{'first kiss', 'deductions', 'sherlock has a military kink', 'teen and up audiences'}"
Sherlock Holmes,15710640,"{'ptsd', 'eventual smut', 'gay sex', 'torture', 'mature', 'smut', 'vampires', 'werewolves', 'violence', 'fluff and smut', 'fluff', 'kidnapping', 'light bondage', 'abuse'}"
Sherlock Holmes,18229991,"{'love confessions', 'murder', 'mystery', 'first kiss', 'fluff', 'not rated'}"
Sherlock Holmes,12443115,"{'explicit', 'love confessions', 'sherlock holmes loves john watson', 'dirty talk', 'bottom john watson', 'top sherlock', 'vibrators', 'anal sex', 'rimming', 'masturbation', 'john watson loves sherlock holmes', 'anal fingering', 'top john watson', 'developing relationship', 'oral sex', 'bottom sherlock holmes'}"
Sherlock Holmes,7727971,"{'mature', 'sherlock holmes has feelings', 'angst and humor', 'fluff and angst', 'mycroft being a good brother', 'established sherlock holmes/john watson'}"
Sherlock Holmes,15199277,"{'ptsd sherlock', ""sherlock's mind palace"", 'mature', 'murder', 'suicide attempt', 'rape/non-con elements', 'suicidal thoughts', 'flashbacks', 'mycroft being a good brother', 'bamf mycroft holmes'}"
Sherlock Holmes,18195887,"{'teen and up audiences', 'i wrote this instead of sleeping'}"
Sherlock Holmes,18281810,"{'explicit', 'falling in love', 'eventual romance', 'slow burn', 'hurt/comfort', 'sherlock holmes has feelings', 'reunions', 'smut', 'drama', 'friendship/love', 'angst'}"
Sherlock Holmes,18455015,"{'sherlolly - freeform', 'nsfw', 'teen and up audiences'}"
Sherlock Holmes,18454766,{'mature'}
Sherlock Holmes,18454184,"{'love confessions', 'general audiences', 'sherlock holmes loves john watson', 'drinking & talking', 'mutual pining', 'fluff and angst', 'john watson loves sherlock holmes'}"
Sherlock Holmes,13205778,"{'mature', 'enemies to friends to lovers', 'first meetings', 'mystrade'}"
Sherlock Holmes,18045638,"{'explicit', 'multiple orgasms', 'orgasm delay/denial', 'oral sex', 'light bondage', 'rimming', 'anal fingering'}"
Sherlock Holmes,18318395,"{'mature', 'comfort', 'swearing', 'chocolate', 'mystrade', 'happy ending', 'light angst'}"
Sherlock Holmes,15426159,"{'explicit', 'public blow jobs', 'spanking', 'misunderstandings', 'blow jobs', 'hand jobs', 'dirty talk', 'submission', 'anal sex', 'rimming', 'exhibitionism', 'praise kink', 'anal fingering', 'alternate universe', 'daddy kink'}"
Sherlock Holmes,1335982,{'explicit'}
Sherlock Holmes,18390956,"{'explicit', 'plot what plot/porn without plot'}"
Sherlock Holmes,18450293,"{'one shot', 'teen and up audiences', 'fluff', 'romance'}"
Sherlock Holmes,18131600,"{'mystrade', 'mycroft holmes is the british government', 'teen and up audiences'}"
Sherlock Holmes,18446714,{'teen and up audiences'}
Sherlock Holmes,10533312,"{'canon compliant', 'general audiences', 'spoilers'}"
Sherlock Holmes,17264825,"{'parent!lock', 'teen and up audiences'}"
Sherlock Holmes,18446228,"{'explicit', 'oral sex', 'plot what plot/porn without plot', 'masturbation', ""i don't even know"", 'anal sex', 'threesome - m/m/m'}"
Sherlock Holmes,17126525,"{'explicit', 'sherlock plays the violin', 'enemies to friends to lovers', 'slow burn', 'alternate universe - canon divergence'}"
Sherlock Holmes,18449195,"{'mature', 'humor', 'bisexual john watson', 'crack', 'first kiss', 'fluff', 'masturbation'}"
Sherlock Holmes,18449015,"{'mature', 'angst'}"
Sherlock Holmes,17851652,"{'mature', 'angst and hurt/comfort'}"
Sherlock Holmes,13743216,"{'bickering', 'jealousy', 'references to depression', 'angst with a happy ending', 'mature', 'christmas party', 'canon compliant', 'canon-typical violence', 'post-season/series 04'}"
Sherlock Holmes,16412063,"{'explicit', 'sherlock-centric', 'betrayal', 'sussex', 'christmas party', 'greg lestrade & sherlock holmes friendship', 'sherlock holmes & john watson friendship', 'other additional tags to be added', 'cuddling & snuggling', 'holmes brothers', 'mycroft being mycroft', 'pov sherlock holmes', 'sherlock holmes has feelings', 'mycroft being a good brother', 'first kiss', 'nice mary morstan', 'protective big brother mycroft'}"
Sherlock Holmes,18123569,"{'john watson being an idiot', 'sherlock being an idiot', 'human john', 'bamf john', 'mature', 'alternate universe - canon divergence', 'other additional tags to be added', 'dragons', 'possessive behavior', 'sherlock being sherlock', 'alternate universe'}"
Sherlock Holmes,18441446,"{'love confessions', 'parentlock', 'general audiences', 'pining sherlock holmes', 'friends to lovers', 'post-canon', 'first kiss', 'fluff'}"
Sherlock Holmes,18440222,"{'angst', 'teen and up audiences'}"
Sherlock Holmes,18439103,"{'established relationship', 'ficlet', 'romance', 'teen and up audiences', 'fluff'}"
Sherlock Holmes,12498404,"{'depression', 'injury', 'emotional hurt/comfort', 'angst', 'angst with a happy ending', 'babies', 'marriage proposal', ""new year's eve"", 'character death', 'sickfic', 'fluff', 'general audiences', 'kidnapping', 'blood', 'cute', 'domestic fluff'}"
Sherlock Holmes,5671249,"{'biting', 'crossdressing', 'alternate universe - time travel', 'mature', 'handcuffs', 'other additional tags to be added', 'dragons', 'alternate universe - soulmates'}"
Sherlock Holmes,15578169,"{'torture', 'non-consensual drug use', 'heavy angst', 'implied/referenced torture', 'kidnapping', 'drug use', 'case fic', 'sherlock holmes on a case', 'not rated', 'drugs', 'implied/referenced drug use', 'angst'}"
Sherlock Holmes,18358196,"{'mature', 'pining', 'au'}"
Sherlock Holmes,18220910,"{'explicit', 'soundcloud', 'depression', 'podfic', 'babies', 'english accent'}"
Sherlock Holmes,18325043,"{'explicit', 'angst and fluff and smut', 'sibling incest', 'sherlock is a brat', 'humor', 'not actually unrequited love', 'unrequited love', 'alternate universe - canon divergence', 'john is a good friend', 'sherlock is a mess', 'crack', 'greg lestrade is a good friend', 'holmescest'}"
Sherlock Holmes,15558072,"{'sherlock holmes & john watson friendship', 'attempted rape/non-con', 'sherlock holmes has a heart', 'mycroft being a good brother', 'teen and up audiences'}"
Sherlock Holmes,18436391,{'general audiences'}
Sherlock Holmes,18436169,"{'general audiences', 'fluff'}"
Sherlock Holmes,18215765,"{'bullying', 'mutual pining', 'bamf john', 'johnlock - freeform', 'teen and up audiences', 'triggers', 'developing sherlock holmes/john watson', 'john is a good friend', 'fluff and angst', 'bisexual john watson', 'sherlock holmes has feelings'}"
Sherlock Holmes,17674772,"{'angst with a happy ending', 'general audiences', 'heavy angst', 'true love', 'period-typical homophobia'}"
Sherlock Holmes,18434603,"{'werewolves', 'domestic fluff', 'teen and up audiences', 'fluff'}"
Sherlock Holmes,17638640,"{'awesome mrs. hudson', 'eventual romance', 'sherlock holmes is bad at feelings', 'awkward romance', 'teen and up audiences', 'fluff and humor', 'john watson is a saint'}"
Sherlock Holmes,18433208,{'explicit'}
Sherlock Holmes,12789318,"{'autistic sherlock holmes', 'drug use', 'hurt/comfort', 'drug withdrawal', 'insecure sherlock', ""sherlock's mind palace"", 'hurt', 'angst', 'mature', 'sherlock holmes and drug use', 'john is a mess', 'sherlock is a mess', 'mental health issues', 'greg lestrade is a good friend', 'autism spectrum', 'sickfic', 'case fic', 'nightmares', 'grief/mourning', 'protective mycroft', 'medical procedures', 'angst and feels'}"
Sherlock Holmes,8599138,"{'teen and up audiences', 'mycroft being mycroft'}"
Sherlock Holmes,18426117,"{'deductions', 'sherlock holmes & molly hooper friendship', 'greg lestrade is a good friend', 'teen and up audiences', 'john watson is a saint', 'mycroft holmes has feelings', 'developing sherlock holmes/john watson', 'parental mrs. hudson', 'other additional tags to be added', 'sherlock plays the violin', 'anthea (sherlock) is the best pa', 'mycroft being a good brother', 'protective big brother mycroft'}"
Sherlock Holmes,18362660,"{'implied/referenced self-harm', 'implied/referenced torture', 'depression', 'suicide attempt', 'post-traumatic stress disorder - ptsd', 'post-reichenbach', 'implied/referenced drug use', 'suicidal thoughts', 'not rated'}"
Sherlock Holmes,18430940,"{'greg lestrade & sherlock holmes friendship', 'awesome mrs. hudson', 'sherlock plays the violin', 'sherlock holmes & john watson friendship', 'domestic life at 221b baker street', 'doctor john watson', 'sherlock being sherlock', 'teen and up audiences', 'sherlock holmes & molly hooper friendship'}"
Sherlock Holmes,16613573,"{'explicit', 'spanking', 'bdsm', 'blow jobs', 'au', 'submission', 'dom john watson', 'dom/sub', 'other additional tags to be added', 'fluff and smut', 'fluff', 'humiliation', 'shower sex', 'dominance', 'gags', 'kissing'}"
Sherlock Holmes,17910500,"{'explicit', 'public blow jobs', 'spanking', 'public sex', 'multiple orgasms', 'porn with feelings', 'crying', 'panic attacks', 'hand jobs', 'dirty talk', 'angst', 'implied/referenced suicide', 'top sherlock', 'explicit language', 'handcuffs', 'orgasm delay/denial', 'dom/sub undertones', 'smut', 'rough sex', 'teasing', 'masturbation', 'porn with plot', 'praise kink', 'semi-public sex', 'light bdsm', 'pregnancy', 'fluff and smut', 'fluff', 'light dom/sub', 'hair-pulling', 'oral sex', 'phone sex', 'one shots'}"
Sherlock Holmes,17248142,"{'explicit', 'anthea (sherlock) is the best pa', 'slow burn', 'alternate universe - canon divergence', 'mutual pining', 'bamf greg lestrade'}"
Sherlock Holmes,11500383,{'teen and up audiences'}
Sherlock Holmes,12267978,"{'teen and up audiences', 'romance'}"
Sherlock Holmes,18396755,{'explicit'}
Sherlock Holmes,18428138,"{'bamf john', 'sherlock has a military kink', 'not rated'}"
Sherlock Holmes,17812142,"{'autistic sherlock holmes', 'sherlock is a brat', 'implied/referenced self-harm', 'drug use', 'pre-canon', 'protective mycroft', 'mycroft being a good brother', 'not rated'}"
Sherlock Holmes,16786441,"{'parentlock', 'alternate universe', 'magic', 'johnlock - freeform', 'not rated'}"
Sherlock Holmes,16382891,"{'mature', 'molliarty - freeform', 'canon-typical violence', 'implied/referenced suicide', 'alternate universe - canon divergence', 'oral sex', 'sex', 'collars', 'emotional hurt/comfort'}"
Sherlock Holmes,18424746,"{'general audiences', 'first kiss', 'pov sherlock holmes', 'domestic bliss'}"
Sherlock Holmes,16562027,"{'angst', 'fluff', 'teenlock', 'hurt/comfort', 'mutual pining', 'nightmares', 'panic attacks', 'emotional hurt/comfort', 'not rated'}"
Sherlock Holmes,18422880,"{'general audiences', 'other additional tags to be added', 'pov sherlock holmes', 'domestic fluff', 'post-episode: s04e03 the final problem'}"
Sherlock Holmes,4359728,"{'relationship', 'texting', 'johnlock - freeform', 'mature', 'fluff', 'homophobia', 'friendship', 'friends to lovers', 'mystrade'}"
Sherlock Holmes,18422499,"{'hurt/comfort', 'sherlock is a mess', 'mycroft being a good brother', 'teen and up audiences'}"
Sherlock Holmes,18421836,"{'sexual content', 'mature', 'fluff'}"
Sherlock Holmes,11921868,"{'injury', 'dirty talk', 'implied/referenced suicide', 'torture', 'mature', 'murder', 'swearing', 'blood and injury', 'smut', 'rape/non-con elements', 'anal sex', 'character death', 'implied/referenced self-harm', 'violence', 'slow build', 'fluff', 'past abuse', 'humiliation', 'self-harm', 'caning', 'blood', 'post-traumatic stress disorder - ptsd', 'protective mycroft'}"
Sherlock Holmes,14549208,"{'angst', 'parentlock', 'one shot collection', 'established relationship', 'developing relationship', 'drabble collection', 'introspection', 'sherlock is a good parent', 'post-season/series 04', 'romance', 'teen and up audiences', 'fluff', 'johnlock - freeform', 'parent sherlock'}"
Sherlock Holmes,17755400,"{'explicit', 'pining sherlock holmes', 'falling in love', 'slow burn', 'misunderstandings', 'case fic', 'alternate universe - college/university', 'mutual pining', 'insecure sherlock holmes', 'boys in love', 'coffee shops', 'romance', 'flirting'}"
Sherlock Holmes,14820966,"{'explicit', 'angst and fluff and smut', 'arranged marriage', 'slow burn', 'alternate universe - victorian', 'angst and hurt/comfort'}"
Sherlock Holmes,3372152,{'not rated'}
Sherlock Holmes,18190502,"{'teen and up audiences', 'mycroft being mycroft'}"
Sherlock Holmes,18033785,"{'fake/pretend relationship', 'mutual pining', 'teen and up audiences'}"
Sherlock Holmes,18418709,"{'general audiences', 'trans male character', 'trans character', 'character study'}"
Sherlock Holmes,17259077,{'general audiences'}
Sherlock Holmes,18413846,"{'general audiences', 'sherlock holmes loves john watson', 'john watson loves sherlock holmes', 'fluff'}"
Sherlock Holmes,17943653,{'teen and up audiences'}
Sherlock Holmes,18413732,"{'mature', 'alternate universe - college/university', 'developing sherlock holmes/john watson', 'pov sherlock holmes', 'pov john watson'}"
Sherlock Holmes,15121919,"{'explicit', 'spanking', 'falling in love', 'public sex', 'drug use', 'first time', 'virgin sherlock', 'riding crops', 'johnlock - freeform', 'vibrators', 'anal sex', 'smut', 'rimming', 'coming in pants', 'smoking', 'dom john watson', 'other additional tags to be added', 'sub sherlock holmes', 'praise kink', 'anal fingering', 'light bdsm', 'top john watson', 'light dom/sub', 'fluff', 'fluff and smut', 'alternate universe - different first meeting', 'blindfolds', 'homophobia', 'internalized homophobia', 'oral sex', 'light bondage', 'bottom sherlock holmes', 'happy ending'}"
Sherlock Holmes,18222155,{'general audiences'}
Sherlock Holmes,18412952,"{'flash fic', '221b con flash fic', 'fluff', 'not rated'}"
Sherlock Holmes,18416270,"{'explicit', 'idiots in love', 'boys in love', 'boys kissing', 'established sherlock holmes/john watson', 'bottom john watson', 'top sherlock', 'anal sex', 'smut', 'tooth-rotting fluff', 'morning sex', 'fluff', 'established relationship', 'developing relationship', 'humor', 'oral sex', 'kissing', 'romance'}"
Sherlock Holmes,17170076,{'teen and up audiences'}
Sherlock Holmes,16218296,"{'comfort', 'hurt', 'angst', 'cheating', 'nsfw', 'fluff', 'general audiences', 'plot what plot/porn without plot', 'one shots', 'marriage'}"
Sherlock Holmes,6287185,"{'explicit', 'magical realism', 'first time', 'murder', 'protective john', 'sharing a bed', 'slow burn', 'magic', 'romance', 'past drug use', 'first kiss'}"
Sherlock Holmes,18414224,"{'fluff', 'general audiences', 'humor'}"
Sherlock Holmes,1139895,"{'alternate universe - high school', 'teen and up audiences'}"
Sherlock Holmes,18258044,"{'victorian', 'mature'}"
Sherlock Holmes,17190299,"{'explicit', 'vampires', 'love confessions', 'getting together', 'first kiss'}"
Sherlock Holmes,17477618,"{'reincarnation', 'sherlock holmes & john watson friendship', 'emotional hurt/comfort', 'time travel', 'pre-relationship', 'crossover', 'teen and up audiences', 'pov alternating'}"
Sherlock Holmes,18411962,"{'love confessions', 'pov sherlock holmes', 'first kiss', 'not rated'}"
Sherlock Holmes,18411188,"{'mature', 'magical realism', 'alternate universe - college/university', 'other additional tags to be added', 'mutual pining', 'first kiss'}"
Sherlock Holmes,18411059,"{'hurt/comfort', 'pre-slash', 'teen and up audiences'}"
Sherlock Holmes,18411038,"{'tumblr prompt', 'drabble collection', 'general audiences', 'fluff'}"
Sherlock Holmes,18385664,"{'parent sherlock', 'general audiences', 'slow burn', 'depression', 'fluff', 'self-esteem issues', 'angst'}"
Sherlock Holmes,9874610,"{'explicit', 'collars', 'riding crops', 'handcuffs', 'blindfolds', 'caning', 'gags'}"
Sherlock Holmes,18409265,"{'slash', 'mature', 'friends to lovers', 'dubious consent', '221b ficlet'}"
Sherlock Holmes,18407642,"{'hurt/comfort', 'grief/mourning', 'emotional hurt/comfort', 'not rated'}"
Sherlock Holmes,12741516,"{'mature', 'fluff', 'angst'}"
Sherlock Holmes,12048834,"{'family', 'mature', 'gay sex', 'heaven', 'kissing', 'happy ending'}"
Sherlock Holmes,18403502,"{'podfic', 'not rated'}"
Sherlock Holmes,18313493,"{'explicit', 'porn with plot', 'light dom/sub', 'oral sex', 'dom/sub undertones'}"
Sherlock Holmes,16020470,"{'family', 'friendship', 'family feels', 'canon-typical violence', 'other additional tags to be added', 'pov first person', 'domestic fluff', 'spoilers', 'teen and up audiences', 'love'}"
Sherlock Holmes,18338906,"{'parentlock', 'teen and up audiences'}"
Sherlock Holmes,18406430,"{'romance', 'teen and up audiences'}"
Sherlock Holmes,18403649,"{'explicit', 'spanking', 'caning', 'oral sex', 'plot what plot/porn without plot', 'anal sex', 'rimming', 'light bdsm', 'bottom sherlock holmes', 'top john watson'}"
Sherlock Holmes,18402548,"{'crack', 'general audiences'}"
Sherlock Holmes,18402548,"{'crack', 'general audiences'}"
Sherlock Holmes,18402041,"{'mature', 'friends to lovers'}"
Sherlock Holmes,18401273,"{'established relationship', 'humor', 'romance', 'teen and up audiences'}"
Sherlock Holmes,18400961,"{'husbands', 'general audiences', 'hurt/comfort', 'one shot', 'angst'}"
Sherlock Holmes,18400853,{'general audiences'}
Sherlock Holmes,18400274,"{'domestic', 'tea', 'general audiences', 'cuddling', 'established sherlock holmes/john watson'}"
Sherlock Holmes,17406554,{'not rated'}
Sherlock Holmes,18400211,{'teen and up audiences'}
Sherlock Holmes,18305264,"{'mature', 'autism spectrum', 'hurt/comfort', 'family drama', 'angst'}"
Sherlock Holmes,18398270,"{'tumblr prompt', 'teen and up audiences', 'alternate universe - canon divergence'}"
Sherlock Holmes,17874314,"{'explicit', 'ptsd', 'implied/referenced rape/non-con', 'post-reichenbach', 'porn with plot', 'implied/referenced torture', 'sexual tension', 'moriarty is alive', 'fluff and smut', 'sex toys', 'revenge', 'possessive behavior', 'implied/referenced child abuse'}"
Sherlock Holmes,18397454,{'teen and up audiences'}
Sherlock Holmes,4264281,"{'explicit', 'spanking', 'multiple orgasms', 'bdsm', 'hurt/comfort', 'collars', 'hand jobs', 'angst', 'submission', 'vibrators', 'handcuffs', 'orgasm delay/denial', 'smut', 'bondage', 'dom/sub', 'cuddling & snuggling', 'sub sherlock holmes', 'fluff', 'dominance', 'caning', 'gags'}"
Sherlock Holmes,18395957,"{'post-reichenbach', 'post-episode: s02e03 the reichenbach fall', 'teen and up audiences', 'pov john watson'}"
Sherlock Holmes,18389927,"{'tea', 'frottage', 'mature', 'friends to lovers', 'mutual pining', 'first time', 'fluff and smut', ""sherlock's mind palace""}"
Sherlock Holmes,18289466,"{'angst', 'angst with a happy ending', 'i wrote this instead of sleeping', 'lots of angst', 'fluff', 'general audiences'}"
Sherlock Holmes,14047590,"{'ptsd sherlock', 'depression', 'crying', 'mind palace', 'mature', 'suicide attempt', 'suicidal sherlock', 'mental health issues', 'suicidal thoughts', 'homelessness', 'original female character(s) - freeform', 'trans male character', 'parental mrs. hudson', 'past abuse', 'self-esteem issues', 'homophobia', 'hospitals', 'protective mycroft'}"
Sherlock Holmes,18393800,{'teen and up audiences'}
Sherlock Holmes,5423330,{'explicit'}
Sherlock Holmes,18391439,"{'gay', 'mature', 'handcuffs', 'gay sex', 'one shot', 'anal sex', 'smut', 'bottom sherlock holmes', 'top john watson', 'bondage'}"
Sherlock Holmes,16740847,"{'one shot collection', 'general audiences', 'family feels', 'teenlock', 'fluff'}"
Sherlock Holmes,11772486,"{'fluff', 'general audiences'}"
Sherlock Holmes,11725977,"{'ficlet collection', 'teen and up audiences'}"
Sherlock Holmes,18387200,"{'ficlet', 'parentlock', 'fluff', 'general audiences'}"
Sherlock Holmes,17092448,"{'explicit', 'parentlock', 'love confessions', 'eventual smut', 'mutual pining', 'coming out', 'hand jobs', 'angst', 'angst with a happy ending', 'heavy angst', 'suicidal sherlock', 'canon compliant', 'developing sherlock holmes/john watson', 'past abuse', 'fluff', 'pov alternating', 'jealous sherlock', 'slow burn', 'bisexual john watson', 'sherlock holmes has feelings', 'mycroft being a good brother', 'implied/referenced drug use', 'first kiss', 'post-season/series 04'}"
Sherlock Holmes,18386216,"{'teen and up audiences', '221b con flash fic', 'flash fic'}"
Sherlock Holmes,18386093,"{'mature', 'flash fic', 'pov first person', 'mormor', 'prompt fic', 'tattoos'}"
Sherlock Holmes,2476625,"{'explicit', 'biting', 'public blow jobs', 'spanking', 'first time', 'blow jobs', 'knifeplay', 'orgasm delay/denial', 'kitchen sex', 'teasing', 'rough sex', 'bondage', 'dom/sub', 'semi-public sex', 'morning sex', 'fantasy', 'blindfolds', 'shower sex', 'rpf', 'cunnilingus'}"
Sherlock Holmes,18384776,"{'angst with a happy ending', 'humor', 'pov sherlock holmes', 'angst and humor', 'post-reichenbach', 'crack', 'first kiss', 'teen and up audiences', 'johnlock - freeform'}"
Sherlock Holmes,18384842,"{'autistic sherlock holmes', 'autism spectrum', 'teen and up audiences'}"
Sherlock Holmes,18383939,"{'teen and up audiences', 'introspection', 'angst and feels'}"
Sherlock Holmes,18381296,"{'not rated', 'marriage', 'betrayal', 'hurt', 'love'}"
Sherlock Holmes,18101984,"{'mature', 'developing sherlock holmes/john watson', 'sherlock holmes has feelings'}"
Sherlock Holmes,15540396,"{'explicit', 'canon compliant', 'bamf john watson', 'sexual tension', 'misunderstandings', 'sherlock being sherlock', 'secrets', 'pov john watson'}"
Sherlock Holmes,18377915,"{'mature', 'flash fic'}"
Sherlock Holmes,18172277,"{'tumblr prompt', 'family', 'drabble collection', 'alternate universe - college/university', 'parenthood', 'first dates', 'teen and up audiences'}"
Sherlock Holmes,18376685,"{""i'm sorry"", 'general audiences', ""i don't even know"", 'john is a mess', 'nice mary morstan', 'pov john watson', 'best friends', 'friendship/love'}"
Sherlock Holmes,18377261,"{'explicit', 'blow jobs', 'semi-public sex', 'anal fingering'}"
Sherlock Holmes,18382073,"{'explicit', 'pwp', 'top john', 'first time', 'anal sex', 'rimming', 'smut', 'bottom sherlock'}"
Sherlock Holmes,13572099,"{'angst', 'canon compliant', 'humor', 'ust', 'slow burn', 'case fic', 'slow build', 'not rated'}"
Sherlock Holmes,18380513,"{'sherlolly - freeform', 'teen and up audiences'}"
Sherlock Holmes,16676335,"{'depression', 'sherlock holmes is a bit not good', 'pov sherlock holmes', 'parent!lock', 'grief/mourning', 'implied/referenced drug use', 'suicidal thoughts', 'teen and up audiences', 'angst'}"
Sherlock Holmes,18379508,"{'teen and up audiences', 'angst and feels', 'mild angst', 'idiots in love', 'happy ending'}"
Sherlock Holmes,11666817,{'teen and up audiences'}
Sherlock Holmes,18377324,{'general audiences'}
Sherlock Holmes,18376934,"{'teen and up audiences', 'ficlet'}"
Sherlock Holmes,18375659,"{'angst', 'mature'}"
Sherlock Holmes,18375107,"{'general audiences', 'cute', 'emotional hurt/comfort', 'fluff'}"
Sherlock Holmes,18375047,"{'general audiences', 'hurt/comfort', 'reader-insert'}"
Sherlock Holmes,18374999,"{'general audiences', 'sherlock being sherlock', 'reader-insert'}"
Sherlock Holmes,18374897,"{'general audiences', 'pov sherlock holmes', 'sherlock holmes has feelings', 'fluff'}"
Sherlock Holmes,18374900,{'general audiences'}
Sherlock Holmes,17903774,"{'explicit', 'slow romance', 'eventual smut', 'hurt/comfort', 'panic attacks', 'hurt', 'angst', 'sherlock is a mess', 'blood and injury', 'sherlock is a brat', 'slow build', 'past abuse', 'fluff', 'jealous sherlock', 'slow burn', 'sherlock being sherlock', 'abuse'}"
Sherlock Holmes,18374819,"{'sherlock being sherlock', 'post-reichenbach', 'teen and up audiences'}"
Sherlock Holmes,11943783,"{'drabble collection', 'humour', 'sickfic', 'emotional hurt/comfort', 'hurt/comfort', 'mystrade', 'teen and up audiences', 'fluff'}"
Sherlock Holmes,18374408,"{'explicit', 'blow jobs'}"
Sherlock Holmes,18374243,"{'comfort', 'general audiences', 'protective greg', 'post-episode: s04e03 the final problem', 'greg is sweet', 'mycroft feels'}"
Sherlock Holmes,18374192,"{'general audiences', 'teenlock', 'fluff'}"
Sherlock Holmes,17383559,"{'explicit', 'slow romance', 'jealousy', 'references to depression', 'possessive behavior', 'bamf john', 'crimes & criminals', 'rape/non-con elements', 'trust issues', 'implied/referenced drug use', 'jealous john', 'pov john watson', 'alternate universe - different first meeting'}"
Sherlock Holmes,16378904,"{'ptsd', 'sherlock holmes - freeform', 'fluff', '221b baker street', 'general audiences', 'romance'}"
Sherlock Holmes,18053342,"{'bullying', 'sadness', 'mutual pining', 'virgin sherlock', 'angst', 'mature', 'smut', 'masturbation', 'first meeting', 'true love', 'fluff', 'friends to lovers', 'romance', 'kissing'}"
Sherlock Holmes,18372614,"{'general audiences', 'angst'}"
Sherlock Holmes,4475813,"{'happy ending', 'out of character', 'not rated'}"
Sherlock Holmes,17883710,"{'grief/mourning', 'secrets', 'boys in love', 'post-episode: s02e03 the reichenbach fall', 'au', 'london', 'teen and up audiences'}"
Sherlock Holmes,18367436,"{'humor', 'marriage proposal', 'teen and up audiences', 'fluff'}"
Sherlock Holmes,17005950,"{'explicit', 'bdsm', 'attempted rape/non-con'}"
Sherlock Holmes,16275998,"{'mature', 'amnesia', 'hurt sherlock holmes', 'alternate universe', ""mycroft's meddling""}"
Sherlock Holmes,17177084,"{'sherlolly - freeform', 'canon compliant', 'fake/pretend relationship', 'eventual romance', 'pre-relationship', 'teen and up audiences'}"
Sherlock Holmes,18364961,{'not rated'}
Sherlock Holmes,18364895,"{'established relationship', 'general audiences', 'alternate universe - college/university', 'hurt/comfort', 'established sherlock holmes/john watson'}"
Sherlock Holmes,18348641,"{'explicit', 'bottom john'}"
Sherlock Holmes,16130147,"{'canon-typical violence', 'bamf john watson', 'other additional tags to be added', 'alternate universe - canon divergence', 'post-reichenbach', 'teen and up audiences', 'fluff'}"
Sherlock Holmes,18369071,"{'established relationship', 'general audiences', 'sherlock is a good parent', 'parenthood', 'romance', 'established sherlock holmes/john watson'}"
Sherlock Holmes,18085562,"{'mature', 'first kiss', 'bisexual greg lestrade', 'first time', 'greg lestrade & john watson friendship', 'period-typical homophobia', 'unresolved sexual tension', 'mycroft being mycroft'}"
Sherlock Holmes,1215487,"{'parentlock', 'ptsd', 'teen and up audiences'}"
Sherlock Holmes,18366434,"{'love confessions', 'comfort', 'general audiences', 'getting together', 'cuddling & snuggling', 'first kiss', 'fluff', 'post-season/series 04'}"
Sherlock Holmes,14260422,"{'explicit', 'drug use', 'blow jobs', 'dirty talk', 'angst', 'hand jobs', 'non-consensual drug use', 'pining', 'rimming', 'frottage', 'case fic', 'anal fingering', 'kidnapping', 'oral sex'}"
Sherlock Holmes,17270204,"{'explicit', 'alpha/beta/omega dynamics', 'gay'}"
Sherlock Holmes,18355919,"{'mature', 'fake/pretend relationship', 'friends to lovers', ""it's for a case"", 'first time'}"
Sherlock Holmes,18363047,"{'explicit', 'mating cycles/in heat', 'knotting', 'alpha/beta/omega dynamics', 'plot what plot/porn without plot', 'fluff', 'established sherlock holmes/john watson'}"
Sherlock Holmes,17697389,"{'slow burn', 'alternate universe - canon divergence', 'alternate universe', 'teen and up audiences'}"
Sherlock Holmes,18361643,"{'explicit', 'vibrators', 'multiple orgasms', 'teenlock', 'sherlock holmes - freeform', 'johnlock - freeform', 'sex toys'}"
Sherlock Holmes,18361325,"{'general audiences', 'sharing a bed', 'cuddling & snuggling', 'friends to lovers', 'mutual pining', 'insecure sherlock holmes', 'kissing', 'romantic fluff', 'pining sherlock holmes', 'happy ending', 'angst and hurt/comfort'}"
Sherlock Holmes,18361295,{'general audiences'}
Sherlock Holmes,18361199,{'not rated'}
Sherlock Holmes,18361010,"{'slash', 'idiots in love', 'teen and up audiences', 'emotional hurt/comfort'}"
Sherlock Holmes,18360404,"{'pre-canon', 'teen and up audiences'}"
Sherlock Holmes,3852046,"{'mature', 'explicit sexual content', 'hurt/comfort', 'implied/referenced drug use'}"
Sherlock Holmes,18359438,{'general audiences'}
Sherlock Holmes,18358889,"{'pining', 'pre-canon', 'friends to lovers', 'time travel', 'first meetings', 'teen and up audiences'}"
Sherlock Holmes,18358967,"{'explicit', 'pwp', 'brotherly love', 'teenlock', 'plot what plot/porn without plot', 'holmescest'}"
Sherlock Holmes,12039567,"{'mature', 'gay sex', 'heaven', 'sussex'}"
Sherlock Holmes,12033165,"{'family', 'mature', 'pie', 'heaven', 'trauma', 'dom/sub undertones', 'johnlock - freeform'}"
Sherlock Holmes,17616401,"{'mature', 'minor original character(s)'}"
Sherlock Holmes,18354611,"{'victorian', 'not rated'}"
Sherlock Holmes,18358646,"{'general audiences', 'pov sherlock holmes', 'character death', 'friendship/love', 'holmes brothers', 'sad', 'established sherlock holmes/john watson'}"
Sherlock Holmes,18355553,"{'general audiences', 'fluff'}"
Sherlock Holmes,18321749,"{'dancing', 'fluff and smut', 'eventual smut', 'slow burn', 'hurt/comfort', 'happy ending', 'fluff', 'not rated'}"
Sherlock Holmes,17891867,"{'explicit', 'bamf john watson', 'other additional tags to be added', 'first time', 'anal sex', 'bamf greg lestrade', 'mycroft holmes is the british government', 'first kiss'}"
