fandom,id,tags
Star Trek,10762161,"{'teen and up audiences', 'spirk', 'slow build', 'angst'}"
Star Trek,16202951,"{'teen and up audiences', 'slow burn', 'alternate universe'}"
Star Trek,18619099,"{'not rated', 'some angst', 'romance', 'first kiss', 'kid fic', 'fluff', 'humor', ""t'hy'la"", 'sexual content', 'first time'}"
Star Trek,18279038,"{'teen and up audiences', 'flirting', 'kissing', 'dancing'}"
Star Trek,18350909,"{'teen and up audiences', 'adventure', 'mystery', 'time travel', 'science fiction'}"
Star Trek,18550378,"{'awkward conversations', 'medical procedures', 'mature', 'minor character death'}"
Star Trek,15655404,"{'teen and up audiences', 'tarsus iv', 'kidnapping', 'cadets', 'mind meld', 'starfleet academy', 'dadmiral christopher pike', 'other additional tags to be added', 'happy ending', 'angst'}"
Star Trek,18179462,"{'vacation', 'general audiences'}"
Star Trek,18245057,"{'other additional tags to be added', 'romance', 'mutual pining', 'friends to lovers', 'mature', 'slow burn', 'rating may change'}"
Star Trek,16186019,"{'teen and up audiences', 'alien culture', 'post-canon cardassia', 'post-canon', 'slow burn', 'depression'}"
Star Trek,11491836,"{'romance', 'drama & romance', 'ensemble cast', 'action & romance', 'explicit sexual content', 'past abuse', 'child abuse', 'explicit'}"
Star Trek,17672444,"{'pon farr', 'vulcan kisses', 'spirk', 'cute', 'mature', 'abuse', 'fluff and angst', 'love', 'past abuse', 'scars', ""t'hy'la"", 'smut', 'hurt/comfort', 'vulcan', 'love confessions', 'top spock', 'fluff and smut'}"
Star Trek,18628936,"{'cuddling & snuggling', ""t'hy'la"", 'porn with plot', 'anal sex', 'friends to lovers', 'one night stands', 'fluff', 'smut', 'sexual tension', 'rough sex', 'fluff and smut', 'explicit'}"
Star Trek,18627619,"{'emotional hurt/comfort', 'explicit'}"
Star Trek,14714462,"{'unplanned pregnancy', 'medical procedures', 'pregnancy', 'post-traumatic stress disorder - ptsd', 'hurt/comfort', 'love', 'angst', 'explicit'}"
Star Trek,18215561,"{'crew as family', 'alternate universe - canon divergence', 'general audiences'}"
Star Trek,18539515,"{'teen and up audiences', 'dadmiral christopher pike', 'bamf leonard ""bones"" mccoy'}"
Star Trek,13386213,"{'implied/referenced rape/non-con', 'post-traumatic stress disorder - ptsd', 'emotional hurt/comfort', 'mature'}"
Star Trek,17651318,"{'other additional tags to be added', 'pov julian bashir', 'developing relationship', 'friends to lovers', 'mature', 'slow burn', 'sexual tension', 'espionage', 'alternate universe - canon divergence'}"
Star Trek,4803950,"{'teen and up audiences', 'mystery', 'shore leave', 'science fiction', 'action/adventure'}"
Star Trek,18623515,"{'alternate universe', 'pre-relationship', 'general audiences'}"
Star Trek,17874344,"{'romance', 'explicit sexual content', 'fluff', 'explicit'}"
Star Trek,18287399,"{'eventual smut', 'eventual romance', 'au', 'vulcan culture', 'eventual happy ending', 'explicit'}"
Star Trek,18622771,"{'fluff', 'light angst', 'emotional hurt/comfort', 'general audiences'}"
Star Trek,17448011,"{'not rated', 'tarsus iv', 'alternate universe - soulmates', 'misunderstandings', 'soulmate-identifying marks', 'mpreg', 'past rape/non-con', 'star trek: into darkness'}"
Star Trek,18601303,"{'teen and up audiences', 'pike whump', 'first kiss', 'hurt/comfort'}"
Star Trek,17671289,{'teen and up audiences'}
Star Trek,18468622,{'teen and up audiences'}
Star Trek,18374039,"{'vulcan kisses', 'episode related', 'telepathy', 'flirting', 'developing relationship', 'falling in love', 'love confessions', 'vulcan mind melds', 'general audiences'}"
Star Trek,16011728,"{'not rated', 'mind meld', 'slavery', 'tarsus iv', 'pon farr', 'rough sex', 'work in progress', 'heavy angst', 'dom/sub', 'not beta read', 'threesome - m/m/m', 'emotional manipulation', 'james t. kirk has issues', 'vomiting', ""t'hy'la"", 'past rape/non-con', 'bdsm', 'mpreg'}"
Star Trek,18464758,"{'pregnancy', 'mature', 'au', 'genderswap'}"
Star Trek,18155669,{'not rated'}
Star Trek,18027125,"{'sorry not sorry', 'older man/younger woman', 'dirty talk', 'explicit', 'teasing', 'anal sex', 'established relationship', 'pwp', 'other additional tags to be added', 'plot what plot/porn without plot'}"
Star Trek,18487849,{'teen and up audiences'}
Star Trek,16331921,"{'original character(s)', 'mature', 'mirror universe'}"
Star Trek,18619180,"{'friendship', 'post-season/series 02', 'general audiences'}"
Star Trek,6116740,"{'marriage', 'mpreg', 'hurt/comfort', 'general audiences', 'fluff', 'poetry', 'humor', 'angst'}"
Star Trek,9860507,"{'time travel', 'general audiences', 'humor'}"
Star Trek,18618226,"{'angst', 'future fic', 'general audiences'}"
Star Trek,18364586,"{'alternate universe - canon divergence', 'explicit'}"
Star Trek,18601957,"{'alternate universe - soulmates', 'soulmates', 'light angst', 'mature', 'smut', 'time travel fix-it', 'alternate universe - canon divergence'}"
Star Trek,18613390,"{'canon compliant', '5+1 things', 'general audiences'}"
Star Trek,18027911,"{'tarsus iv', 'pining', 'mature', 'developing relationship', 'academy era', 'vulcan culture', 'humor', 'alternate universe - canon divergence', 'first time'}"
Star Trek,17183912,"{'teen and up audiences', 'episode related', 'mpreg', 'original character(s)', 'established relationship', 'rating may change'}"
Star Trek,17948042,{'mature'}
Star Trek,15728946,"{'alternate universe', 'mature'}"
Star Trek,18615502,"{'plot what plot/porn without plot', 'explicit'}"
Star Trek,18615346,{'general audiences'}
Star Trek,18541348,"{'developing relationship', 'post-canon cardassia', 'post-canon', 'established relationship', 'general audiences'}"
Star Trek,18612121,"{'other additional tags to be added', 'alternate universe', '5+1 things', 'general audiences'}"
Star Trek,18157826,"{'alternate universe - canon divergence', 'explicit'}"
Star Trek,17928227,"{'vulcan kisses', 'post-traumatic stress disorder - ptsd', 'mature', 'vulcan culture', 'self-harm', 'past rape/non-con', 'bamf leonard ""bones"" mccoy', 'injury', 'time travel', 'grief/mourning', 'imprisonment'}"
Star Trek,16682452,"{'teen and up audiences', 'humor', 'biting'}"
Star Trek,18220250,"{'vulcan culture', 'explicit'}"
Star Trek,16656004,"{'tarsus iv', 'post-traumatic stress disorder - ptsd', 'mature', 'alternate universe - canon divergence', 'self-harm', 'angst with a happy ending', 'telepathy', 'vomiting'}"
Star Trek,18611362,"{'romance', 'general audiences'}"
Star Trek,18510709,{'teen and up audiences'}
Star Trek,18064028,"{'explicit', 'other additional tags to be added', 'texting', 'daddy kink'}"
Star Trek,16169498,"{'knotting', 'alpha/beta/omega dynamics', 'mpreg', 'bamf leonard ""bones"" mccoy', 'alternate universe - canon divergence', 'explicit'}"
Star Trek,18413891,"{'threesome - m/m/m', 'teen and up audiences', 'developing relationship', 'action & romance'}"
Star Trek,18222650,"{'action & romance', 'emotional hurt/comfort', 'mature', 'hurt/comfort', 'humor', 'angst with a happy ending'}"
Star Trek,18099611,"{'adventure', 'romance', 'action', 'mature', 'fluff', 'angst with a happy ending', 'slow burn', 'love', 'angst', 'oral sex'}"
Star Trek,18609601,"{'sex games', 'mature', 'dirty talk', 'bad ensign', 'seduction', 'fluff and smut'}"
Star Trek,18609259,"{'explicit', 'mirror universe', 'bondage'}"
Star Trek,18608638,"{'death', 'crossover', 'action', 'established relationship', 'time travel', 'genetic engineering', 'alternate universe', 'drama', 'angst', 'alternate universe - star trek fusion', 'slash', 'general audiences'}"
Star Trek,18032948,{'mature'}
Star Trek,17372276,"{'starfleet academy', 'stranded', 'post-traumatic stress disorder - ptsd', 'mature', 'hurt/comfort', 'recovery', 'minor character death', 'eventual happy ending'}"
Star Trek,18364967,"{'alternate universe', 'slow burn', 'eventual happy ending', 'general audiences'}"
Star Trek,18605830,"{'not rated', 'angst', 'family'}"
Star Trek,17723363,"{'mature', 'work in progress'}"
Star Trek,18604201,"{'starfleet academy', 'spoilers', 'friendship', 'implied/referenced character death', 'drinking', 'fluff and angst', 'canon compliant', '5+1 things', 'general audiences'}"
Star Trek,17977655,"{'marriage', 'teen and up audiences', 'family', 'friendship', 'pregnancy', 'alien culture', 'established relationship', 'fluff', 'humor', 'happy ending', 'feels'}"
Star Trek,18562606,"{'cadets', 'falling in love', 'mature', 'love', 'pre-relationship', 'dancing'}"
Star Trek,17771762,"{'post-traumatic stress disorder - ptsd', 'vulcan culture', 'explicit', 'protective spock (star trek)', 'past rape/non-con', 'bamf leonard ""bones"" mccoy', 'past abuse', 'non-consensual drug use', 'possessive behavior', 'academy era'}"
Star Trek,18386825,"{'starfleet academy', 'friends to lovers', 'au', 'slow build', 'fluff', 'explicit'}"
Star Trek,10441227,"{'domestic fluff', 'mature', 'angst with a happy ending', 'alternate universe', 'slow burn', 'angst'}"
Star Trek,17862455,"{'teen and up audiences', 'angst', 'canon compliant', 'depression'}"
Star Trek,16775065,"{'not rated', 'work in progress', 'rating may change'}"
Star Trek,18600880,"{'teen and up audiences', 'romance', 'first kiss', 'canon compliant', 'slow burn', 'pre-relationship'}"
Star Trek,14866866,{'teen and up audiences'}
Star Trek,18273947,"{'teen and up audiences', 'alternate universe - high school'}"
Star Trek,18600451,"{'teen and up audiences', 'episode tag', 'angst'}"
Star Trek,18600322,"{'teen and up audiences', 'stranded', 'alien culture', 'eventual romance', 'friends to lovers', 'denial of feelings', 'slow burn', 'alternate universe - canon divergence'}"
Star Trek,18587683,{'general audiences'}
Star Trek,18600031,"{'teen and up audiences', 'romance', 'humor'}"
Star Trek,12670449,"{'kid fic', 'mpreg', 'fluff and angst', 'mature'}"
Star Trek,18490657,"{'teen and up audiences', 'friendship/love'}"
Star Trek,18575068,"{'sorry not sorry', 'blindfolds', 'pwp', 'light bondage', 'explicit'}"
Star Trek,14504184,"{'romance', 'mature', 'alternate universe - canon divergence', 'first time'}"
Star Trek,14662362,"{'fluff', 'teen and up audiences'}"
Star Trek,18040733,"{'dubious consent', 'mature', 'violence', 'minor character death', 'action/adventure'}"
Star Trek,18588796,"{'porn with plot', 'bonding', 'porn', 'post-season/series 02', 'explicit'}"
Star Trek,18596482,"{'not rated', 'fix-it'}"
Star Trek,13597260,"{'teen and up audiences', 'adventure', 'crossover', 'ensemble cast', 'science fiction'}"
Star Trek,15951527,"{'eventual smut', 'mature', 'espionage', 'angst'}"
Star Trek,18519730,"{'other additional tags to be added', 'texting', 'emotional hurt/comfort', 'mature', 'pre-relationship'}"
Star Trek,18593311,"{'romance', 'soulmates', 'mutual pining', 'falling in love', 'fluff', 'fluff and humor', 'humor', 'alternate universe', 'alternate universe - canon divergence', ""t'hy'la"", 'general audiences'}"
Star Trek,18593494,"{'porn with plot', 'explicit', 'porn with feelings', 'light dom/sub', 'rough sex', 'light bondage'}"
Star Trek,12758961,{'general audiences'}
Star Trek,18591910,"{'not rated', 'pre-slash', 'alternate universe - soulmates'}"
Star Trek,18294605,{'general audiences'}
Star Trek,18590173,{'teen and up audiences'}
Star Trek,18589834,"{'alternate universe - canon divergence', 'teen and up audiences', 'romance'}"
Star Trek,15571896,"{'section 31', 'explicit sexual content', 'post-endgame', 'explicit', 'action/adventure'}"
Star Trek,18589600,"{'teen and up audiences', 'first kiss', 'friends to lovers'}"
Star Trek,18588898,"{'fluff and angst', 'no smut', 'general audiences'}"
Star Trek,18550987,"{'teen and up audiences', 'pining'}"
Star Trek,18588598,"{'starfleet academy', 'teen and up audiences', 'cadets', 'pining', 'alternate universe - canon divergence'}"
Star Trek,18587458,"{'vacation', 'established relationship', 'first time', 'memory loss', 'porn', 'explicit'}"
Star Trek,14770916,"{'gay sex', 'romance', 'mature', 'love', 'sexual content'}"
Star Trek,18585682,"{'mature', 'crack treated seriously'}"
Star Trek,18499828,"{'teen and up audiences', 'romance', 'action & romance', 'hurt/comfort', 'angst', 'action/adventure'}"
Star Trek,18585406,"{'angst', 'explicit'}"
Star Trek,11527047,{'teen and up audiences'}
Star Trek,18585097,"{'marriage', 'family', 'pre-canon', 'post-canon cardassia', 'post-canon', 'general audiences'}"
Star Trek,17903228,"{'teen and up audiences', 'mutual pining', 'fluff and angst', 'injury', 'angst'}"
Star Trek,18579880,{'mature'}
Star Trek,16246238,"{'starfleet academy', 'friendship', 'best friends', 'friends to lovers', 'academy era', 'angst', 'explicit'}"
Star Trek,18580396,"{'post-season/series 02', 'general audiences'}"
Star Trek,18583456,"{'emotional hurt/comfort', 'hurt/comfort', 'general audiences'}"
Star Trek,16770742,"{'romance', 'wibbly wobbly timey wimey', 'fluff and angst', 'mature'}"
Star Trek,18582412,"{'developing relationship', 'general audiences'}"
Star Trek,507438,{'teen and up audiences'}
Star Trek,17774921,"{'teen and up audiences', 'action & romance', 'humor'}"
Star Trek,18437489,"{'voyeurism', 'mature'}"
Star Trek,14964039,"{'drabble', 'teen and up audiences'}"
Star Trek,12800163,"{'mature', 'au', 'slow burn', 'alternate universe - canon divergence'}"
Star Trek,16574927,"{'teen and up audiences', 'kidnapping', 'hostage situations'}"
Star Trek,18524311,"{'teen and up audiences', 'pike whump', 'hurt/comfort'}"
Star Trek,18577837,"{'angst', 'teen and up audiences', 'emotional hurt/comfort'}"
Star Trek,18058226,"{'mature', 'shore leave', 'break up', 'sexual content'}"
Star Trek,18425184,"{'fluff', 'fluff and humor', 'general audiences'}"
Star Trek,18577018,"{'teen and up audiences', 'protective spock (star trek)', 'hurt/comfort'}"
Star Trek,17952527,"{'some angst', 'not canon compliant', 'explicit'}"
Star Trek,18043409,"{'pon farr', 'light angst', 'fluff and smut', 'eventual happy ending', ""t'hy'la"", 'explicit'}"
Star Trek,18576502,{'general audiences'}
Star Trek,8730838,"{'teen and up audiences', 'death', 'crossover', 'light angst', 'angst and hurt/comfort', 'canon-typical violence', 'alternate universe - canon divergence'}"
Star Trek,18399854,"{'developing relationship', 'explicit', 'adventure & romance', 'first time', 'action/adventure'}"
Star Trek,18574738,"{'fluff', 'angst', 'comfort', 'explicit'}"
Star Trek,17099282,"{'wibbly wobbly timey wimey', 'comfort', 'mature', 'past abuse', 'recovery'}"
Star Trek,12874287,{'general audiences'}
Star Trek,18464971,"{'pov elim garak', 'alternate universe - soulmates', 'mutual pining', 'soulmate-identifying marks', 'post-traumatic stress disorder - ptsd', 'pov julian bashir', 'developing relationship', 'fluff and angst', 'mature', 'established relationship', 'soul bond'}"
Star Trek,18535672,"{'fake/pretend relationship', 'friends to lovers', 'vulcan culture', 'alien cultural differences', '5+1 things', 'time travel fix-it', 'alternate universe - canon divergence', 'aliens', 'general audiences'}"
Star Trek,18573172,"{'teen and up audiences', 'family', 'friendship'}"
Star Trek,14191563,"{'dom/sub', 'explicit', 'teasing', 'anal sex', 'voyeurism', 'pining', 'oral sex', 'romance', 'drama', 'bondage', 'spanking', 'unrequited love', 'bdsm', 'masturbation', 'humiliation', 'slow burn', 'angst', 'orgasm delay/denial'}"
Star Trek,16305611,"{'implied/referenced rape/non-con', 'eventual smut', 'mature', 'adventure & romance', 'humor', 'angst'}"
Star Trek,14874806,"{'teen and up audiences', 'romance', 'unrequited love', 'hurt/comfort'}"
Star Trek,13884360,"{'romance', 'pining', 'mature', 'memory loss', 'angst'}"
Star Trek,18567241,"{'not rated', 'alternate universe - soulmates', 'pre-slash'}"
Star Trek,12139935,"{'romance', 'hurt/comfort', 'explicit sexual content', 'psychological torture', 'angst', 'torture', 'explicit'}"
Star Trek,18570856,"{'teen and up audiences', 'first kiss', 'getting together', 'academy era'}"
Star Trek,15995543,"{'teen and up audiences', 'torture', 'friendship', 'emotional hurt/comfort', 'feels', 'texting', 'humiliation', 'hurt/comfort', 'vomiting', 'no smut', 'angst'}"
Star Trek,17359691,"{'some angst', 'mutual pining', 'pining', 'slow burn', 'explicit'}"
Star Trek,15247461,"{'not rated', 'friends to lovers', 'vulcan culture', 'minor character death', 'eventual happy ending', 'dadmiral christopher pike', 'friendship/love', 'star trek: into darkness', 'angst', 'emotional hurt/comfort', 'fluff', 'slow burn'}"
Star Trek,18568357,"{'knotting', 'explicit sexual content', 'sex pollen', 'sexual tension', 'vulcan biology', 'explicit'}"
Star Trek,5134430,"{'pon farr', 'first kiss', 'hurt/comfort', 'explicit', 'action/adventure', 'memory loss', 'slow burn', 'angst', ""t'hy'la"", 'first time'}"
Star Trek,15892410,"{'mature', 'canon-typical violence', 'fix-it', 'alternate universe - canon divergence'}"
Star Trek,18411998,"{'teen and up audiences', 'one shot collection'}"
Star Trek,18268421,"{'mature', 'mirror universe'}"
Star Trek,18260315,"{'mature', 'angst with a happy ending'}"
Star Trek,18564832,{'teen and up audiences'}
Star Trek,16424585,{'teen and up audiences'}
Star Trek,18210308,"{'romance', 'emotional hurt/comfort', 'mature'}"
Star Trek,18163598,"{'parenthood', 'general audiences'}"
Star Trek,18562759,"{'established relationship', 'porn with feelings', 'pwp', 'threesome - m/m/m', 'vulcan mind melds', 'explicit'}"
Star Trek,18562375,"{'flash fic', 'explicit sexual content', 'fix-it', 'time travel fix-it', 'future fic', 'explicit'}"
Star Trek,17703686,"{'not rated', 'post-endgame'}"
Star Trek,18470215,"{'blow jobs', 'pov leonard ""bones"" mccoy', 'developing relationship', 'angst', 'hurt/comfort', 'idiots in love', 'fluff', 'orgasm delay/denial', 'explicit'}"
Star Trek,18561232,"{'violence', 'mature', 'minor character death', 'genderswap', 'mirror universe'}"
Star Trek,18560350,{'teen and up audiences'}
Star Trek,7174424,"{'romance', 'mind meld', 'explicit', 'light bondage', 'bondage', 'first time'}"
Star Trek,18559981,"{'post-canon', 'general audiences'}"
Star Trek,17622122,"{'romance', 'drama & romance', 'uss discovery (star trek)', 'eventual smut', 'war', 'angst', 'mature', 'smut', 'slow burn', 'slavery'}"
Star Trek,13896777,"{'missing scene', 'teen and up audiences'}"
Star Trek,18553606,"{'sex games', 'bad ensign', 'dirty talk', 'mature', 'sexual content'}"
Star Trek,12253977,"{'section 31', 'falling in love', 'mature', 'au', 'fluff', 'love confessions', 'humor', 'espionage', 'angst', 'secrets', 'first time'}"
Star Trek,17922032,"{'alternate universe', 'explicit'}"
Star Trek,18078824,"{'crossover', 'panic attacks', 'family drama', 'general audiences'}"
Star Trek,18557500,"{'teen and up audiences', 'hurt/comfort'}"
Star Trek,18557488,"{'teen and up audiences', 'mild hurt/comfort', 'action & romance', 'eventual romance', 'emotional hurt/comfort', 'action'}"
Star Trek,3284720,"{'teen and up audiences', 'friendship', 'star trek: into darkness', 'mystery', 'family drama', 'angst', 'action/adventure'}"
Star Trek,18556129,"{'voyager', 'mature'}"
Star Trek,16408700,"{'drabble', 'teen and up audiences', 'drama', 'angst'}"
Star Trek,17994092,"{'teen and up audiences', 'vulcan culture', 'self-harm', 'fluff and angst', 'alien sex', 'fluff', 'alien biology', 'mpreg', 'hurt/comfort', 'vulcan', 'vulcan biology', 'angst'}"
Star Trek,18293246,"{'teen and up audiences', 'scars', 'cuddling & snuggling', 'shore leave', 'alternate universe - canon divergence'}"
Star Trek,18550891,"{'fix-it', 'time travel fix-it', 'general audiences'}"
Star Trek,18550450,"{'suggestive themes', 'friendship', 'mature', 'established relationship', 'fluff and humor', 'humor', 'angst'}"
Star Trek,18549964,"{'teen and up audiences', 'fluff and angst', 'fluff', 'kissing', 'angst', 'post-season/series 02'}"
Star Trek,18126968,"{'post-endgame', 'angst', 'teen and up audiences'}"
Star Trek,17874833,"{'drabble', 'one shot', 'general audiences'}"
Star Trek,18549373,{'teen and up audiences'}
Star Trek,13974912,"{'family bonding', 'mature', 'drama'}"
Star Trek,18547771,"{'alternate universe - canon divergence', 'teen and up audiences'}"
Star Trek,18547756,"{'post-season/series 02', 'general audiences'}"
Star Trek,17783345,{'teen and up audiences'}
Star Trek,9851201,"{'implied/referenced rape/non-con', 'adventure', 'family', 'love', 'sex', 'fluff and smut', 'torture', 'explicit'}"
Star Trek,18529132,{'mature'}
Star Trek,18527575,"{'starship enterprise (star trek)', 'starfleet', 'mature', 'pov first person', 'break up'}"
Star Trek,18452993,"{'cunnilingus', 'established relationship', 'plot what plot/porn without plot', 'explicit'}"
Star Trek,17454701,"{'kidnapping', 'mature', 'angst and hurt/comfort', 'slavery', 'non-consensual drug use'}"
Star Trek,18545224,{'teen and up audiences'}
Star Trek,18543733,"{'cunnilingus', 'explicit sexual content', 'established relationship', 'porn with feelings', 'plot what plot/porn without plot', 'explicit'}"
Star Trek,18543730,"{'teen and up audiences', 'not canon compliant'}"
Star Trek,18506809,"{'crossover', 'mature', 'dom/sub'}"
Star Trek,17860679,{'mature'}
Star Trek,18542920,"{'light angst', 'angst with a happy ending', 'friendship/love', 'explicit'}"
Star Trek,18440933,{'not rated'}
Star Trek,12958887,"{'teen and up audiences', 'pon farr', 'alien biology', 'mpreg', 'starfleet', 'vulcan', 'post-star trek beyond', 'alien sex', 'vulcan biology', 'aliens'}"
Star Trek,18539956,"{'post-traumatic stress disorder - ptsd', 'fluff and angst', 'post-canon cardassia', 'angst', 'general audiences'}"
Star Trek,18538879,"{'sex games', 'bad ensign', 'mature', 'sexual content'}"
Star Trek,12291771,"{'teen and up audiences', 'therapy', 'kid fic', 'fluff and angst', 'established relationship', 'domestic fluff', 'james t. kirk has issues', 'family drama'}"
Star Trek,18538018,"{'fluff', 'teen and up audiences', 'romance'}"
Star Trek,18536074,{'teen and up audiences'}
Star Trek,18535501,"{'teen and up audiences', 'comfort', 'fluff and angst'}"
Star Trek,18535369,"{'light bondage', 'praise kink', 'pegging', 'blindfolds', 'explicit'}"
Star Trek,18534997,"{'anal sex', 'pwp', 'not beta read', 'explicit'}"
Star Trek,18533356,"{'friendship', 'teen and up audiences'}"
Star Trek,18534685,"{'cuddling & snuggling', 'episode tag', 'emotional hurt/comfort', 'post-season/series 02', 'general audiences'}"
Star Trek,18534523,{'teen and up audiences'}
Star Trek,18534106,"{'cuddling & snuggling', 'episode tag', 'first kiss', 'hurt/comfort', 'kissing', 'alternate universe - canon divergence', 'general audiences'}"
Star Trek,16690801,"{'teen and up audiences', 'therapy', 'starship enterprise (star trek)', 'fluff and angst', 'other additional tags to be added', 'crew as family', 'fluff', 'angst'}"
Star Trek,18528736,"{'missing scene', 'teen and up audiences'}"
Star Trek,18038042,"{'teen and up audiences', 'best friends', 'friends to lovers', 'developing relationship', 'humor', 'shore leave', 'romance', 'cuddling & snuggling', 'friendship', 'fluff', 'drama', 'hurt/comfort', 'love confessions', 'fluff and humor', ""t'hy'la""}"
Star Trek,18526837,"{'teen and up audiences', 'soulmates', 'soulmate-identifying marks'}"
Star Trek,16013279,"{'not rated', 'post-star trek: into darkness'}"
Star Trek,18531160,"{'teen and up audiences', 'alternate universe - soulmates', 'soulmate-identifying marks', 'pining', 'happy ending'}"
Star Trek,18530650,"{'uss discovery (star trek)', 'fix-it', 'time travel fix-it', 'general audiences'}"
Star Trek,18530041,"{'teen and up audiences', 'humor'}"
Star Trek,18529060,"{'one shot', 'general audiences'}"
Star Trek,13740552,"{'voyager', 'explicit', 'romance'}"
Star Trek,16836568,"{'polyamory', 'mature', 'au'}"
Star Trek,18526288,"{'teen and up audiences', 'family', 'romance', 'kid fic', 'parenthood', 'established relationship', 'fluff and humor', 'love'}"
Star Trek,18525673,"{'sex games', 'teasing', 'bad ensign', 'mature', 'established relationship', 'fluff', 'humor'}"
Star Trek,17880422,"{'interspecies relationship(s)', 'mature', 'emotional hurt/comfort'}"
Star Trek,18525421,"{'emotional hurt/comfort', 'fluff', 'depression', 'angst', 'general audiences'}"
Star Trek,17325656,"{'interspecies relationship(s)', 'mature', 'vulcan culture', 'vulcan biology', 'drama', 'secrets'}"
Star Trek,18322427,"{'emotional hurt/comfort', 'explicit', 'post-star trek: into darkness'}"
Star Trek,18524593,"{'fluff and angst', 'fluff', 'general audiences', 'angst', 'post-season/series 02'}"
Star Trek,18524581,"{'not rated', 'alien biology', 'pon farr', 'alien culture', 'alien cultural differences', 'alien sex'}"
Star Trek,18447344,{'not rated'}
Star Trek,18524053,"{'teen and up audiences', 'pike whump', 'hurt/comfort'}"
Star Trek,18523705,"{'teen and up audiences', 'pike whump', 'hurt/comfort'}"
Star Trek,18523534,"{'teen and up audiences', 'kidnapping', 'pike whump', 'hostage situations', 'section 31', 'vulcan'}"
Star Trek,18523318,"{'missing scene', 'teen and up audiences', 'hostage situations', 'mirror universe'}"
Star Trek,18521767,"{'teen and up audiences', 'bad ensign'}"
Star Trek,13845954,"{'alternate universe', 'teen and up audiences', ""t'hy'la"", 'soulmates'}"
Star Trek,11100225,"{'teen and up audiences', 'tarsus iv', 'implied/referenced character death', 'post-traumatic stress disorder - ptsd', 'aliens made them do it', 'minor character death', 'implied/referenced rape/non-con', 'vulcan mind melds', 'telepathy', 'emotional hurt/comfort', 'james t. kirk has issues', 'implied/referenced child abuse', 'recovery'}"
Star Trek,18031742,"{'first kiss', 'mature', 'developing relationship', 'idiots in love', 'secrets', 'misunderstandings', 'drinking', 'angst and hurt/comfort', 'first time', 'angst', 'dancing'}"
Star Trek,18116093,"{'teen and up audiences', 'fluff and angst', 'implied/referenced child abuse', 'rating may change', 'non-consensual drug use'}"
Star Trek,18362477,"{'age difference', 'mutual pining', 'ensemble cast', 'sharing a bed', 'mature', 'fluff', 'alternate universe - modern setting', 'threesome - m/m/m', 'happy ending', 'angst', 'action/adventure'}"
Star Trek,18436928,"{'praise kink', 'mature', 'light dom/sub', 'fluff and smut', 'fluff'}"
Star Trek,18515914,"{'marriage', 'mature', 'alternate universe - canon divergence', 'starship enterprise (star trek)', 'angst with a happy ending', 'time travel', 'angst and hurt/comfort', 'time travel fix-it', 'family', 'uss discovery (star trek)'}"
Star Trek,18520165,"{'pov leonard ""bones"" mccoy', 'established relationship', 'alternate universe - modern setting', 'alternate universe - high school', 'coming out', 'general audiences'}"
Star Trek,12542372,"{'section 31', 'light angst', 'slow burn', 'jealousy', 'explicit'}"
Star Trek,18518839,"{'tarsus iv', 'emotional hurt/comfort', 'angst with a happy ending', 'slow burn', 'angst', ""t'hy'la"", 'explicit'}"
Star Trek,18518341,{'general audiences'}
Star Trek,18517927,{'teen and up audiences'}
Star Trek,18517555,"{'spoilers', 'emotional hurt/comfort', 'hurt/comfort', 'recovery', 'general audiences'}"
Star Trek,18516610,"{'fluff', 'romance', 'general audiences'}"
Star Trek,18516412,"{'teen and up audiences', 'alternate universe - modern setting', 'alternate universe - high school'}"
Star Trek,18282119,{'teen and up audiences'}
Star Trek,18515332,"{'episode related', 'fix-it', 'general audiences'}"
Star Trek,2759969,"{'romance', 'hurt/comfort', 'fluff', 'alternate universe', 'explicit'}"
Star Trek,18512863,"{'sex games', 'bad ensign', 'mature', 'established relationship', 'humor'}"
Star Trek,18512305,"{'unplanned pregnancy', 'implied/referenced rape/non-con', 'alien biology', 'pre-canon', 'mature'}"
Star Trek,15816228,"{'unplanned pregnancy', 'alien biology', 'pon farr', 'romance', 'friendship', 'developing relationship', 'love', 'alternate universe', 'sex', 'alternate universe - canon divergence', 'explicit'}"
Star Trek,18053825,"{'heavy angst', 'therapy', 'domestic fluff', 'psychological trauma', 'fluff and angst', 'mature', 'fluff', 'angst with a happy ending', 'alternate universe - canon divergence', 'angst', 'recovery'}"
Star Trek,18509716,"{'post-canon', 'general audiences'}"
Star Trek,18509755,"{'crew as family', 'general audiences'}"
Star Trek,18211754,"{'kid fic', 'pre-relationship', 'idiots in love', 'general audiences'}"
Star Trek,15808461,{'explicit'}
Star Trek,18128885,"{'friendship', 'best friends', 'general audiences'}"
Star Trek,18425121,"{'friendship', 'holodecks/holosuites', 'general audiences'}"
Star Trek,18454343,"{'starfleet academy', 'other additional tags to be added', ""t'hy'la"", 'academy era', 'general audiences'}"
Star Trek,18506950,"{'mature', 'hurt/comfort'}"
Star Trek,18506413,"{'teen and up audiences', 'anxiety', 'fluff', 'coming out'}"
Star Trek,15531510,"{'teen and up audiences', 'drinking', 'mild language', 'minor character death', 'past abuse'}"
Star Trek,18468244,"{'not rated', 'knotting', 'alpha/beta/omega dynamics', 'dubious consent', 'character study', 'explicit sexual content', 'no smut'}"
Star Trek,18411584,"{'not beta read', 'teen and up audiences', 'pining', 'alternate universe - modern setting', 'angst with a happy ending', 'swearing', 'break up'}"
Star Trek,18503383,{'teen and up audiences'}
Star Trek,15095669,"{'teen and up audiences', 'pining', 'angst with a happy ending', 'drinking', 'happy ending', 'angst'}"
Star Trek,18502813,"{'teen and up audiences', 'hurt/comfort', 'established relationship', 'adventure & romance', 'alternate universe - canon divergence', 'action/adventure'}"
Star Trek,18501166,"{'teen and up audiences', 'romance', 'fluff', 'love confessions', 'community: st_20_fics'}"
Star Trek,18501094,"{'fluff', 'teen and up audiences', 'romance', 'community: st_20_fics'}"
Star Trek,18500521,"{'fluff', 'teen and up audiences', 'romance', 'community: st_20_fics'}"
Star Trek,18500374,"{'fluff', 'teen and up audiences', 'romance', 'community: st_20_fics'}"
Star Trek,18500044,"{'teen and up audiences', 'unrequited love', 'not actually unrequited love', 'fluff', 'denial of feelings', 'community: st_20_fics'}"
Star Trek,15428397,"{'unrequited love', 'pining', 'mature', 'sexual content', 'psychological torture', 'eventual happy ending', 'friendship/love'}"
Star Trek,18499189,"{'teen and up audiences', 'light angst', 'fluff', 'denial of feelings', 'community: st_20_fics'}"
Star Trek,16931346,"{'teen and up audiences', 'implied/referenced character death', 'post-star trek beyond', 'john grimm is leonard mccoy'}"
Star Trek,18489421,{'general audiences'}
Star Trek,14315595,"{'implied/referenced rape/non-con', 'mature', 'alternate universe', 'child abuse'}"
Star Trek,16383878,"{'drama & romance', 'angst and hurt/comfort', 'explicit'}"
Star Trek,18410498,"{'teen and up audiences', 'starfleet academy', 'dadmiral christopher pike', 'fluff', 'smut', 'academy era', 'angst'}"
Star Trek,17242085,"{'vulcan kisses', 'bonding', 'alternate universe', 'first time', 'explicit'}"
Star Trek,18498061,"{'missing scene', 'canon compliant', 'angst', 'explicit'}"
Star Trek,13910901,"{'tarsus iv', 'minor character death', 'angst', 'recovery', 'explicit'}"
Star Trek,18169208,"{'teen and up audiences', 'fanart', 'fluff', 'kissing'}"
Star Trek,18497536,"{'reader insert', 'post-traumatic stress disorder - ptsd', 'nightmares', 'comfort', 'mature'}"
Star Trek,18496258,{'general audiences'}
Star Trek,18494368,"{'teen and up audiences', 'light angst', 'anxiety', 'fluff', 'feels', 'crying'}"
Star Trek,18334139,"{'teen and up audiences', 'romance', 'eventual romance', 'adventure & romance', 'science fiction', 'alternate universe - canon divergence', 'action/adventure'}"
Star Trek,18493420,"{'fanart', 'general audiences'}"
Star Trek,18491842,"{'fanart', 'general audiences'}"
Star Trek,18491620,"{'mature', 'established relationship'}"
Star Trek,8942269,"{'teen and up audiences', 'pon farr', 'first kiss', 'bonding', 'first time'}"
Star Trek,18491254,"{'angst', 'general audiences'}"
Star Trek,17898482,"{'marriage', 'romance', 'mature', 'love', 'angst', ""t'hy'la"", 'soul bond'}"
Star Trek,18488248,"{'telepathy', 'cute', 'general audiences'}"
Star Trek,14025378,"{'hurt/comfort', 'fluff', 'past rape/non-con', 'psychological torture', 'explicit'}"
Star Trek,13925625,"{'teen and up audiences', 'reader insert', 'spoilers', 'one shot', 'one shot collection'}"
Star Trek,12207468,"{'not rated', 'starfleet', 'alternate universe'}"
Star Trek,18481963,"{'teen and up audiences', 'voyager', 'alternate universe'}"
Star Trek,18436028,"{'academy era', 'vomiting', 'swearing', 'explicit'}"
Star Trek,18431030,"{'teen and up audiences', 'alternate universe - star trek fusion'}"
Star Trek,18486571,"{'mature', 'top spock'}"
Star Trek,18437774,"{'nightmares', 'panic attacks', 'hurt/comfort', 'past abuse', 'crying', 'general audiences'}"
Star Trek,18486478,"{'teen and up audiences', 'scars', 'first kiss', 'nightmares', 'flash fic', 'emotional hurt/comfort', 'vulcan', 'kissing', 'hurt/comfort', 'alternate universe - canon divergence'}"
Star Trek,18486262,"{'misunderstandings', 'rough sex', 'porn with feelings', 'sex pollen', 'alien cultural differences', 'explicit'}"
Star Trek,18093074,"{'explicit', 'anal sex', 'voyeurism', 'aftercare', 'oral sex', 'rough sex', 'plot what plot/porn without plot', 'bdsm', 'porn with plot', 'smut', 'humiliation', 'daddy kink', 'porn with feelings', 'biting'}"
Star Trek,16083194,"{'teen and up audiences', 'falling in love', 'fluff', 'slow build', 'swearing', 'secrets'}"
Star Trek,18484234,"{'gay sex', 'unrequited love', 'mpreg', 'not actually unrequited love', 'mature'}"
Star Trek,18484213,"{'light angst', 'panic attacks', 'angst with a happy ending', 'general audiences'}"
Star Trek,18484012,"{'teen and up audiences', 'bad ensign'}"
Star Trek,18471862,"{'teen and up audiences', 'emotional hurt/comfort', 'hurt/comfort', 'angst'}"
Star Trek,18482251,{'teen and up audiences'}
Star Trek,18480415,"{'teen and up audiences', 'post-endgame'}"
Star Trek,17875964,{'teen and up audiences'}
Star Trek,18478921,"{'romance', 'smut', 'explicit'}"
Star Trek,15868764,"{'kidnapping', 'child abuse', 'explicit'}"
Star Trek,18477478,"{'fluff', 'humor', 'general audiences'}"
Star Trek,13938549,"{'other additional tags to be added', 'death', 'violence', 'mature'}"
Star Trek,18419387,"{'friends to lovers', 'angst with a happy ending', 'light dom/sub', 'holodecks/holosuites', 'explicit'}"
Star Trek,18462728,"{'romance', 'cuddling & snuggling', 'kissing', 'idiots in love', 'general audiences'}"
Star Trek,15211109,{'teen and up audiences'}
Star Trek,18475498,"{'rough sex', 'pegging', 'explicit'}"
Star Trek,18051248,"{'starfleet academy', 'pon farr', 'kid fic', 'angst', 'academy era', 'implied/referenced child abuse', 'explicit'}"
Star Trek,16595786,"{'teen and up audiences', 'telepathy', 'emotional hurt/comfort', 'hurt/comfort', 'angst', 'alternate universe - star trek fusion'}"
Star Trek,17735447,"{'mature', 'reunions', 'fix-it', 'slow burn', 'fluff and smut'}"
Star Trek,18458339,"{'teen and up audiences', 'character study', 'fix-it'}"
Star Trek,14437875,"{'abuse', 'alpha/beta/omega dynamics', 'mature', 'fluff', 'mild language', 'angst'}"
Star Trek,18213674,"{'interspecies relationship(s)', 'dom/sub', 'alternate universe - canon divergence', 'explicit', 'seduction', 'romance', 'suggestive themes'}"
Star Trek,17480210,"{'teen and up audiences', 'older man/younger woman', 'aliens made them do it', 'angst with a happy ending'}"
Star Trek,18474946,"{'family bonding', 'established relationship', 'explicit', 'angst', 'action/adventure'}"
Star Trek,18473314,"{'teen and up audiences', 'tarsus iv'}"
Star Trek,1118054,"{'not beta read', 'teen and up audiences', 'crossover'}"
Star Trek,14768427,"{'teen and up audiences', 'violence', 'minor character death', 'implied/referenced rape/non-con', 'awkward conversations', 'swearing'}"
Star Trek,16728003,"{'mature', 'mirror universe', 'one shot collection', 'starfleet academy', 'getting together', 'love', 'romance', 'starfleet', 'gay', 'sexual content', 'hurt/comfort', 'one shot', 'angst'}"
Star Trek,16924464,"{'friends to lovers', 'mature', 'slow burn'}"
Star Trek,18469408,"{'fluff', 'established relationship', 'one shot', 'general audiences'}"
Star Trek,18468874,"{'emotional hurt/comfort', 'general audiences'}"
Star Trek,18468790,"{'anal fingering', 'anal sex', 'established relationship', 'biting', 'plot what plot/porn without plot', 'explicit'}"
Star Trek,18147479,"{'teen and up audiences', 'alternate universe - star trek fusion', 'section 31'}"
Star Trek,18466504,"{'future fic', 'mature'}"
Star Trek,18467794,{'general audiences'}
Star Trek,18467725,"{'teen and up audiences', 'reunions', 'academy era', 'alternate universe - canon divergence', ""t'hy'la""}"
Star Trek,18467068,"{'not rated', 'mild hurt/comfort', 'light angst', 'no smut', 'alternate universe - canon divergence'}"
Star Trek,14687706,"{'implied/referenced rape/non-con', 'soulmates', 'mature', 'vulcan culture', 'child abuse'}"
Star Trek,17649914,"{'mature', 'alternate universe'}"
Star Trek,18466591,"{'teen and up audiences', 'eventual romance', 'hurt/comfort', 'fluff', 'angst with a happy ending', 'threesome - m/m/m'}"
Star Trek,17490671,{'general audiences'}
Star Trek,18466159,"{'teen and up audiences', 'fluff and angst', 'fluff', 'injury', 'angst'}"
Star Trek,14280996,"{'explicit', 'anal fingering', 'anal sex', 'love', 'oral sex', 'jealousy', 'knotting', 'rough sex', 'bondage', 'spanking', 'blow jobs', 'alpha/beta/omega dynamics', 'one shot', 'possessive behavior', 'daddy kink', 'biting', 'angst', 'plot what plot/porn without plot', 'fluff and smut'}"
Star Trek,18465325,"{'vacation', 'future fic', 'general audiences'}"
Star Trek,18464809,"{'teen and up audiences', 'cuddling & snuggling', 'platonic relationships', 'domestic fluff', 'fluff'}"
Star Trek,17374262,"{'teen and up audiences', 'first kiss', 'fanart', 'kissing', 'established relationship'}"
Star Trek,18464575,"{'masturbation', 'crossover', 'hurt/comfort', 'explicit'}"
Star Trek,17908973,"{'teen and up audiences', 'kid fic'}"
Star Trek,18463241,"{'established relationship', 'fluff and humor', 'general audiences'}"
Star Trek,18462848,"{'teen and up audiences', 'plot what plot/porn without plot'}"
Star Trek,18456626,"{'pre-slash', 'fluff', 'slash', 'general audiences'}"
Star Trek,18425091,"{'fake/pretend relationship', 'mature', 'rating may change', 'jealousy'}"
Star Trek,18457871,"{'teen and up audiences', 'sharing a bed'}"
Star Trek,18443675,"{'teen and up audiences', 'kissing', 'threesome - m/m/m', 'alternate universe - canon divergence', 'romance', 'fluff', 'gay', 'family', 'masturbation', 'flirting', 'angst', 'dancing'}"
Star Trek,18000416,"{'cuddling & snuggling', 'first kiss', 'getting together', 'nightmares', 'not actually unrequited love', 'emotional hurt/comfort', 'hurt/comfort', 'fluff', 'fluff and angst', 'slow burn', 'happy ending', 'general audiences'}"
Star Trek,17848481,"{'mature', 'crack treated seriously'}"
Star Trek,18456389,"{'fanart', 'general audiences'}"
Star Trek,18456293,"{'light dom/sub', 'explicit'}"
Star Trek,18456137,{'teen and up audiences'}
Star Trek,18455510,"{'friendship', 'hurt/comfort', 'explicit sexual content', 'explicit'}"
Star Trek,18455654,{'general audiences'}
Star Trek,18455543,"{'anal fingering', 'anal sex', 'explicit', 'porn with feelings', 'sex pollen', 'first time'}"
Star Trek,18453503,"{'bdsm', 'dubious consent', 'porn', 'plot what plot/porn without plot', 'explicit'}"
Star Trek,18452060,"{'fluff', 'poetry', 'teen and up audiences'}"
Star Trek,18449900,{'teen and up audiences'}
Star Trek,18449945,"{'not rated', 'pre-slash', 'emotional hurt/comfort', 'reunions', 'pov first person', 'angst', ""t'hy'la""}"
Star Trek,17616116,"{'crossover', 'alternate universe', 'action/adventure', 'drama', 'general audiences'}"
Star Trek,18008798,"{'teen and up audiences', 'john grimm is leonard mccoy', 'imprisonment'}"
Star Trek,18446714,{'teen and up audiences'}
Star Trek,17673458,"{'break up', 'developing relationship', 'hurt/comfort', 'angst with a happy ending', 'slow burn', 'alien sex', 'shore leave', 'explicit'}"
Star Trek,18209591,"{'teen and up audiences', 'age difference', 'fluff', 'kissing', 'aftercare', 'one shot collection'}"
Star Trek,10218329,{'explicit'}
Star Trek,18448253,{'general audiences'}
Star Trek,18447185,"{'praise kink', 'pwp', 'explicit'}"
Star Trek,18443429,"{'hurt/comfort', 'humor', 'general audiences'}"
Star Trek,18443309,"{'fluff', 'kissing', 'general audiences'}"
Star Trek,18442910,"{'not rated', 'pov first person', 'angst', 'grief/mourning'}"
Star Trek,18442589,"{'heavy angst', 'angst and hurt/comfort', 'explicit'}"
Star Trek,18441659,"{'fanart', 'general audiences'}"
Star Trek,18180803,"{'sorry not sorry', 'pre-slash', 'romance', 'friendship', 'developing relationship', 'friends to lovers', 'mature', 'love', 'humor', 'slash'}"
Star Trek,16080416,{'not rated'}
Star Trek,18201503,"{'fluff and humor', 'general audiences'}"
Star Trek,18434891,"{'teen and up audiences', 'light angst', 'drinking'}"
Star Trek,18415985,"{'pov elim garak', 'suggestive themes', 'mature', 'pre-relationship', 'alternate universe - canon divergence'}"
Star Trek,18437411,"{'friendship', 'misunderstandings', 'denial of feelings', 'first time', 'explicit'}"
Star Trek,18437189,"{'fluff and angst', 'fluff', 'humor', 'general audiences'}"
Star Trek,18232217,{'teen and up audiences'}
Star Trek,15504432,"{'teen and up audiences', 'alternate universe - soulmates', 'spirk', 'fluff and smut', 'alternate universe - canon divergence', ""t'hy'la""}"
Star Trek,18434450,{'general audiences'}
Star Trek,18433355,"{'voyeurism', 'dirty talk', 'alien sex', 'plot what plot/porn without plot', 'explicit'}"
Star Trek,18432356,"{'mature', 'au', 'genderswap'}"
Star Trek,18431204,"{'kidnapping', 'romance', 'getting together', 'fluff and angst', 'mature', 'hurt/comfort', 'angst with a happy ending', 'slow burn', 'psychological torture', '5+1 things', 'all roads lead to spirk', 'torture', 'grief/mourning'}"
Star Trek,18430979,"{'episode related', 'emotional hurt/comfort', 'mature', 'angst'}"
Star Trek,18429938,"{'cunnilingus', 'dom/sub', 'explicit', 'porn with feelings', 'kissing', 'fluff', 'alternate universe - canon divergence', 'oral sex', 'bondage'}"
Star Trek,15583542,"{'romance', 'family bonding', 'mature', 'post-star trek beyond', 'bonding', 'all roads lead to spirk', 'friendship/love', 'first time'}"
Star Trek,18429893,"{'pon farr', 'mature', 'time travel', 'established relationship', 'oral sex'}"
Star Trek,18429533,"{'drabble', 'general audiences'}"
Star Trek,18429365,"{'anal sex', 'mature', 'hurt/comfort', 'aftercare'}"
Star Trek,18429176,"{'fluff', 'memory loss', 'general audiences'}"
Star Trek,18422694,"{'older man/younger woman', 'age difference', 'mature'}"
Star Trek,14883617,"{'pon farr', 'tarsus iv', 'spirk', 'threesome - m/m/m', 'explicit', 'anal sex', 'past rape/non-con', 'mpreg', ""t'hy'la"", 'first time'}"
Star Trek,17965565,"{'age difference', 'explicit', 'post-star trek beyond', 'shore leave'}"
Star Trek,18425838,"{'pov julian bashir', 'genetic engineering', 'rough sex', 'explicit'}"
Star Trek,17949863,"{'mind meld', 'friends to lovers', 'mature', 'vulcan culture', 'alternate universe - canon divergence', 'soul bond', 'alternate universe - soulmates', 'friendship', 'starfleet', 'arranged marriage', 'soulmates', 'vulcan', ""t'hy'la""}"
Star Trek,17105594,{'mature'}
Star Trek,18428456,{'teen and up audiences'}
Star Trek,18428177,"{'romance', 'fluff and angst', 'humor', 'alternate universe - canon divergence', 'general audiences'}"
Star Trek,18427517,{'general audiences'}
Star Trek,18427301,"{'teen and up audiences', 'cuddling & snuggling', 'spoilers', 'implied/referenced character death', 'hurt/comfort'}"
Star Trek,18427053,"{'plot what plot/porn without plot', 'explicit'}"
Star Trek,18426867,{'teen and up audiences'}
Star Trek,17649848,"{'starfleet academy', 'teen and up audiences', 'family', 'tarsus iv', 'hurt/comfort', 'reunions'}"
Star Trek,18423021,"{'marriage', 'family', 'wibbly wobbly timey wimey', 'fluff', 'alternate universe', 'general audiences'}"
Star Trek,14505813,"{'pov elim garak', 'masturbation', 'panic attacks', 'mature', 'sex'}"
Star Trek,18421785,{'general audiences'}
Star Trek,15704937,"{'gay sex', 'mystery', 'mature', 'time travel', 'alternate universe - canon divergence', 'all roads lead to spirk', 'first time'}"
Star Trek,17288462,"{'mature', 'genderswap', 'au', 'first time'}"
Star Trek,18421056,"{'teen and up audiences', 'crack treated seriously'}"
Star Trek,3372152,{'not rated'}
Star Trek,18413240,{'not rated'}
Star Trek,18401126,"{'anal sex', 'angst', 'explicit'}"
Star Trek,18168452,"{'alien biology', 'romance', 'dubious consent', 'explicit sexual content', 'possessive behavior', 'alien cultural differences', 'jealousy', 'explicit'}"
Star Trek,18416210,"{'drabble', 'teen and up audiences', 'kissing', 'gay'}"
Star Trek,15301488,"{'starfleet academy', 'teen and up audiences', 'vulcan kisses', 'alternate universe'}"
Star Trek,18415055,"{'romance', 'fluff and angst', 'general audiences'}"
Star Trek,18413903,{'teen and up audiences'}
Star Trek,17493620,"{'not rated', 'alien culture', 'not beta read', 'alternate universe - canon divergence', 'aliens', 'torture', 'protective spock (star trek)', 'bamf leonard ""bones"" mccoy', 'alternate universe', 'fake/pretend relationship', 'mutual pining', 'medical procedures', 'sharing a bed', 'fluff', 'drama', 'original character(s)', 'vulcan', 'family drama', 'hurt/comfort', 'slow burn', 'angst', 'not canon compliant'}"
Star Trek,14384454,"{'teen and up audiences', 'arranged marriage', 'romance', 'eventual romance', 'angst', 'slow burn', 'drama', 'mirror universe', 'torture'}"
Star Trek,18410876,"{'abuse', 'teen and up audiences', 'fluff and angst', 'angst with a happy ending', 'mild language'}"
Star Trek,16236938,"{'romance', 'mature', 'love'}"
Star Trek,18409625,"{'teen and up audiences', 'awkward conversations', 'talking', 'platonic relationships', 'domestic fluff', 'emotional hurt/comfort', 'fluff'}"
Star Trek,12813270,"{'first kiss', 'developing relationship', 'psychological trauma', 'mature', 'past rape/non-con'}"
Star Trek,16709740,"{'teen and up audiences', 'implied/referenced character death', 'original character(s)', 'angst', 'eventual happy ending'}"
Star Trek,18408839,"{'polyamory', 'eventual smut', 'action & romance', 'voyeurism', 'explicit'}"
Star Trek,18407753,{'not rated'}
Star Trek,18389702,"{'emotional hurt/comfort', 'established relationship', 'angst', 'explicit'}"
Star Trek,18421722,"{'time travel', 'fix-it', 'alternate universe - canon divergence', 'general audiences'}"
Star Trek,18406376,"{'post-canon cardassia', 'fluff', 'reunions', 'established relationship', 'general audiences'}"
Star Trek,9398876,"{'original character(s)', 'hurt/comfort', 'explicit'}"
Star Trek,18405488,"{'teen and up audiences', 'spoilers', 'war', 'fix-it', 'alternate universe - canon divergence'}"
Star Trek,18405278,"{'teen and up audiences', 'pregnancy'}"
Star Trek,18405203,"{'praise kink', 'pegging', 'explicit'}"
Star Trek,18353771,"{'kidnapping', 'alpha/beta/omega dynamics', 'medical procedures', 'mature', 'alternate universe', 'angst'}"
Star Trek,14577429,"{'teen and up audiences', 'death', 'crossover'}"
Star Trek,18293807,"{'teen and up audiences', 'romance', 'kid fic', 'parenthood', 'cute', 'emotional hurt/comfort', 'fluff', 'love', 'grief/mourning'}"
Star Trek,18400607,"{'hurt/comfort', 'general audiences'}"
Star Trek,14580585,"{'drabble', 'reader insert', 'arranged marriage', 'angst', 'general audiences'}"
Star Trek,18398816,"{'fluff', 'general audiences'}"
Star Trek,18398459,"{'pre-slash', 'talking', 'fluff and angst', 'mature', 'hurt/comfort'}"
Star Trek,18398393,"{'teen and up audiences', 'friendship', 'not actually unrequited love', 'friendship/love'}"
Star Trek,18397631,"{'domestic fluff', 'starfleet', 'established relationship', 'fluff', 'alternate universe - star trek fusion', 'general audiences'}"
Star Trek,18397520,"{'starfleet academy', 'eventual romance', 'academy era', 'coming out', 'general audiences'}"
Star Trek,18397343,"{'pre-canon', 'misunderstandings', 'pov leonard ""bones"" mccoy', 'pre-relationship', 'general audiences'}"
Star Trek,18397016,"{'teen and up audiences', 'talking', 'first kiss', 'imprisonment'}"
Star Trek,18245483,{'mature'}
Star Trek,18395522,"{'emotional hurt/comfort', 'crew as family', 'general audiences'}"
Star Trek,18391232,"{'fluff', 'poetry', 'general audiences'}"
Star Trek,18389717,"{'misunderstandings', 'fluff and angst', 'general audiences', 'humor', 'happy ending'}"
Star Trek,7991977,"{'other additional tags to be added', 'teen and up audiences', 'alternate universe - soulmates', 'soulmates', 'slow build', 'slow burn'}"
Star Trek,18391502,"{'psychological trauma', 'character study', 'anxiety', 'general audiences'}"
Star Trek,7067572,"{'crossover', 'original character(s)', 'canon-typical violence', 'alternate universe - canon divergence', 'threesome - m/m/m', 'slash', 'explicit'}"
Star Trek,18393044,"{'telepathy', 'bad ensign', 'smut', 'mature', 'seduction'}"
Star Trek,18072038,"{'mature', 'one night stands', 'friends to lovers'}"
Star Trek,18392951,"{'platonic relationships', 'emotional hurt/comfort', 'explicit sexual content', 'alternate universe - canon divergence', 'crying', 'explicit'}"
Star Trek,17827634,"{'stranded', 'pining', 'smut', 'mature', 'minor character death', 'angst'}"
Star Trek,11326476,"{'original character(s)', 'hurt/comfort', 'post-canon', 'explicit', 'angst'}"
Star Trek,18392138,"{'mild hurt/comfort', 'mature', 'john grimm is leonard mccoy', 'pre-relationship'}"
Star Trek,17992949,"{'vulcan kisses', 'vulcan culture', 'top spock', 'vulcan biology', 'explicit'}"
Star Trek,18183560,"{'teen and up audiences', 'eventual romance', 'hurt/comfort', 'fluff', 'angst', 'not canon compliant', 'rating may change'}"
Star Trek,18389366,"{'holodecks/holosuites', 'general audiences'}"
Star Trek,13697712,{'mature'}
Star Trek,18315299,"{'aliens made them do it', 'porn with feelings', 'plot what plot/porn without plot', 'fluff and smut', 'explicit'}"
Star Trek,11204070,"{'teen and up audiences', 'polyamory'}"
Star Trek,2476625,"{'dom/sub', 'explicit', 'blindfolds', 'teasing', 'one night stands', 'rough sex', 'bondage', 'spanking', 'blow jobs', 'cunnilingus', 'biting', 'orgasm delay/denial', 'first time'}"
Star Trek,18385928,"{'character study', 'general audiences'}"
Star Trek,18055418,"{'teen and up audiences', 'section 31', 'genetic engineering', 'mirror universe', 'established relationship', 'psychological trauma', 'fluff', 'angst and hurt/comfort', 'canon-typical violence', 'emotional manipulation', 'war', 'hurt/comfort', 'angst'}"
Star Trek,18385493,"{'family', 'fluff', 'general audiences'}"
Star Trek,15982514,"{'romance', 'first kiss', 'mature', 'hurt/comfort', 'slow build', 'alternate universe - modern setting', 'humor', 'alternate universe', 'angst', 'first time'}"
Star Trek,17910569,"{'other additional tags to be added', 'kidnapping', 'post-star trek: into darkness', 'section 31', 'star trek: into darkness', 'emotional hurt/comfort', 'crew as family', 'hurt/comfort', 'work in progress', 'emotional manipulation', 'angst', 'general audiences'}"
Star Trek,18383822,"{'romance', 'mild hurt/comfort', 'mature', 'time travel', 'alternate universe'}"
Star Trek,18383762,"{'cuddling & snuggling', 'first kiss', 'flash fic', 'emotional hurt/comfort', 'mature', 'crying'}"
