fandom,id,tags
Supernatural,15563748,"{'explicit', 'cheating', 'eventual smut', 'slow burn', 'kid fic', 'domestic fluff', 'au', 'happy ending'}"
Supernatural,7973470,"{'explicit', 'hurt/comfort', 'first time', 'blow jobs', 'angst with a happy ending', 'switch castiel', 'anal sex', 'first meetings', 'switch dean winchester', 'first kiss', 'witchcraft', 'fluff and angst', 'meet-cute', 'anal fingering', 'slow build', 'alternate universe - modern with magic', 'switching', 'bisexual dean winchester', 'slow burn', 'first time blow jobs', 'happy ending'}"
Supernatural,17866805,"{'au', 'mature', 'witches', 'protective lucifer', 'soulmates', 'family secrets', 'love at first sight', 'slow burn', 'monsters'}"
Supernatural,17661503,"{'fluff and hurt/comfort', 'pov dean winchester', 'teen and up audiences', 'pov sam winchester', 'team free will', 'season/series 14', 'pov alternating', 'angst and hurt/comfort', 'pov castiel (supernatural)', 'pov mary winchester', 'angst and feels'}"
Supernatural,18371507,"{'alternate season/series 14', 'general audiences'}"
Supernatural,17427629,"{'angels', 'destiel - freeform', 'canon-typical violence', 'slow burn', 'blood and injury', 'teen and up audiences', 'angst'}"
Supernatural,17405540,"{'alternate universe- no supernatural', 'gay castiel (supernatural)', 'eventual smut', 'angst', 'mature', 'pov dean winchester', 'alternate universe - college/university', 'pov castiel', 'masturbation', 'eventual happy ending', 'explicit sexual content', 'other additional tags to be added', 'alternate universe - high school', 'fluff', 'slow burn'}"
Supernatural,14719088,"{'tumblr prompt', 'sibling bonding', 'family feels', 'alternate universe - canon divergence', 'alternate universe', 'crossover', 'teen and up audiences', 'character death'}"
Supernatural,18536719,"{'mating cycles/in heat', 'mature', 'protective dean winchester', 'omega sam winchester', 'eventual smut', 'hurt sam winchester', 'alpha dean winchester', 'alpha/beta/omega dynamics', 'bamf sam winchester', 'fluff and angst', 'bamf dean winchester'}"
Supernatural,18451286,"{'friendship', 'protective dean winchester', 'canon compliant', 'general audiences', 'misunderstandings', 'jealous castiel (supernatural)', 'jealous dean winchester', 'emotional hurt/comfort'}"
Supernatural,17846966,{'mature'}
Supernatural,18172421,"{'explicit', 'angst with a happy ending', 'destiel - freeform', 'benny lafitte & dean winchester friendship', 'explicit sexual content', 'emotional hurt', 'soulmates', 'alternate universe', 'period-typical homophobia', 'good parents john winchester & mary winchester'}"
Supernatural,18199571,"{'explicit', 'bottom sam winchester', 'alternate universe - modern setting', 'lawyer sam winchester', 'sabriel - freeform', 'destiel - freeform', 'explicit language', 'sharing a bed', 'weddings', 'explicit sexual content', 'protective gabriel', 'semi-public sex', 'humor', 'romance'}"
Supernatural,17941349,"{'explicit', 'sibling bonding', 'minor character death', 'hurt/comfort', 'lawyer sam winchester', ""john winchester's a+ parenting"", 'alternate universe - college/university', 'alternate universe - canon divergence', 'anal sex', 'explicit sexual content', 'fluff and angst'}"
Supernatural,18406190,"{'family', 'friendship', 'supernatural elements', 'family drama', 'father-son relationship', 'fluff and angst', 'violence', 'teen and up audiences'}"
Supernatural,18246746,"{'explicit', 'switching', 'explicit sexual content', 'top castiel/bottom dean winchester', 'top dean winchester', 'alternate universe', 'bottom castiel/top dean winchester', 'magic', 'anal sex', 'rimming', 'fantasy', 'threesome - m/m/m'}"
Supernatural,13003032,"{'torture', 'angst', 'slow romance', 'eventual smut', 'slow burn', 'blood', 'violence', 'fluff', 'reader-insert', 'not rated'}"
Supernatural,17272448,"{'crossover', 'teen and up audiences'}"
Supernatural,18475966,"{'strangers to lovers', 'protective dean winchester', 'sibling bonding', 'texting', 'enemies to lovers', 'pie', 'misunderstandings', 'jealousy', 'hugs', 'panic attacks', 'sabriel - freeform', 'boyfriends', 'angst', 'angst with a happy ending', 'alternate universe - college/university', 'swearing', 'arguing', 'teen and up audiences', 'protective siblings', 'gay', 'first kiss', 'making out', 'kind of', 'alternate universe - human', 'alternate universe - roommates/housemates', 'slow burn', 'underage drinking', 'alcohol', 'awkwardness'}"
Supernatural,18530836,"{'explicit', 'wincest - freeform', 'other additional tags to be added', 'drama', 'angst'}"
Supernatural,18566860,"{'nipple play', 'mature', 'incest', 'sexual tension', 'bottom dean winchester', 'kissing', 'light bdsm', 'light dom/sub'}"
Supernatural,18022751,"{'explicit', 'jealousy', 'minor character death', 'hurt/comfort', 'past torture', 'alcohol abuse/alcoholism', 'torture', 'destiel - freeform', ""john winchester's a+ parenting"", 'enemies to friends to lovers', 'smut', 'sexual tension', 'fluff and angst', 'violence', 'period-typical homophobia', 'kidnapping', 'slow burn', 'implied/referenced child abuse'}"
Supernatural,18469876,"{'quickies', 'teen and up audiences'}"
Supernatural,18567229,"{'cuddling & snuggling', 'fluff', 'not rated'}"
Supernatural,18273860,"{'angels', 'bullying', 'attempted rape/non-con', 'daddy issues', 'romantic fluff', 'family fluff', 'angst', 'mature', ""john winchester's a+ parenting"", 'smut', 'tooth-rotting fluff', 'young sam winchester', 'vampires', 'young dean winchester', 'fluff', 'daddy kink', 'domestic fluff', 'phone sex'}"
Supernatural,18196910,"{'explicit', 'omega sam winchester', ""sam winchester's demonic powers"", 'angry sex', 'hurt/comfort', 'domestic violence', 'a/b/o', 'angst', 'torture', 'one night stands', 'hurt sam winchester', 'anal sex', 'smut', 'exhibitionism', 'rape/non-con elements', 'rough sex', 'vampires', 'unplanned pregnancy', 'mpreg', 'anal fingering', 'blindfolds', 'incest', 'kidnapping', 'canon-typical violence', 'twincest', 'light bondage'}"
Supernatural,18458843,"{'explicit', 'misunderstandings', 'other additional tags to be added', 'hurt/comfort', 'happy ending', 'angst'}"
Supernatural,18527878,"{'explicit', 'recreational drug use', 'heartbreak', 'angst with a happy ending', 'heavy angst', 'past rape/non-con', 'i wrote this instead of sleeping', 'rape/non-con elements', 'suicidal thoughts', 'masturbation', 'established castiel/dean winchester', 'castiel and dean winchester need to use their words', 'bisexual dean winchester', 'self-harm', 'forced orgasm', 'self-hatred'}"
Supernatural,18266399,"{'explicit', 'karaoke', 'blood and torture', 'graphic description', 'torture', 'i wrote this instead of sleeping', 'gay', 'dark', 'revenge'}"
Supernatural,14477730,"{'slow burn', 'teen and up audiences', 'au', 'angst'}"
Supernatural,17927960,"{'mature', 'friends to lovers', 'hurt/comfort', 'happy ending', 'dirty talk'}"
Supernatural,15995543,"{'texting', 'protective dean winchester', 'no smut', 'hurt/comfort', 'sad dean winchester', 'emotional hurt/comfort', 'angst', 'torture', 'hurt castiel', 'protective castiel', 'i wrote this instead of sleeping', 'teen and up audiences', 'sick sam winchester', 'human castiel', 'humiliation', 'friendship', 'dean winchester being an asshole'}"
Supernatural,18335606,"{'bisexual dean winchester', 'mature', 'pov dean winchester', 'gay castiel (supernatural)', 'miscommunication', 'fluff', 'pov castiel (supernatural)', 'first meetings', 'mild smut', 'angst'}"
Supernatural,18527236,"{'texting', 'alternate universe- no supernatural', 'mature', 'castiel and dean winchester need to use their words', 'alternate universe - high school'}"
Supernatural,18568972,"{'weddings', 'unrequited love', 'sad dean winchester', 'not rated'}"
Supernatural,17931635,"{'explicit', 'spanking', 'falling in love', 'multiple orgasms', 'jealousy', 'face-fucking', 'mutual pining', 'first time', 'hand jobs', 'orgasm delay/denial', 'dom/sub undertones', 'benny lafitte & dean winchester friendship', 'explicit sexual content', 'bisexual dean winchester', 'top castiel/bottom dean winchester', 'dom castiel/sub dean winchester', 'jealous castiel (supernatural)', 'bottom castiel/top dean winchester', 'first kiss', 'happy ending'}"
Supernatural,18356429,{'teen and up audiences'}
Supernatural,17427134,"{'explicit', 'biting', 'omega gabriel', 'implied/referenced rape/non-con', 'alpha/beta/omega dynamics', 'alpha sam winchester', 'anal sex', 'sexual harassment', 'claiming bites', 'alpha castiel (supernatural)', 'pov multiple', 'mating cycles/in heat', 'mpreg', 'anal fingering', 'fluff and smut', 'homophobia', 'oral sex', 'alternate universe', 'minor violence', 'omega dean'}"
Supernatural,17751245,"{'angst', 'unplanned pregnancy', 'emotional hurt', 'alternate universe - canon divergence', 'not rated'}"
Supernatural,17754920,"{'spanking', 'mutual masturbation', 'not rated', 'anal sex', 'rape/non-con elements', 'smut', 'vaginal sex', 'nipple play', 'public humiliation', 'dubious consent', 'humiliation', 'anal play', 'vaginal fingering'}"
Supernatural,16525241,"{'mature', 'explicit language', 'protective dean winchester', 'panic attacks', 'eventual smut', 'eventual romance', 'canon-typical violence', 'slow burn', 'alternate universe - canon divergence', 'fluff and angst', 'protective sam winchester', 'fluff and smut', 'fluff', 'angst'}"
Supernatural,17127341,"{'mature', 'mechanic dean winchester', 'hurt dean winchester'}"
Supernatural,18568003,"{'alternate universe - roommates/housemates', 'castiel and dean winchester are roommates', 'teen and up audiences', 'fluff and humor'}"
Supernatural,17060291,"{'protective dean winchester', 'master/slave', 'hurt/comfort', 'collars', 'protective sam winchester', 'not rated', ""john winchester's a+ parenting"", 'hurt castiel', 'alternate universe - canon divergence', 'public humiliation', 'spells & enchantments', 'flashbacks', 'canon-typical violence', 'post-traumatic stress disorder - ptsd', 'dean winchester is bad at feelings'}"
Supernatural,18567265,"{'love confessions', 'alternate universe - roommates/housemates', 'fluff and angst', 'castiel and dean winchester are roommates', 'teen and up audiences'}"
Supernatural,18567121,"{'explicit', 'threesome', 'season/series 14', 'dirty talk', 'threesome - m/m/m'}"
Supernatural,18567001,"{'explicit', 'biting', 'omega sam winchester', 'season/series 06', 'alpha dean winchester', 'alpha/beta/omega dynamics', 'soulless sam winchester', 'first time', 'anal sex'}"
Supernatural,1480399,"{'established relationship', 'mature', 'established castiel/dean winchester', 'fluff and angst', 'alternate universe - high school', 'first kiss', 'fluff and smut', 'fluff'}"
Supernatural,4855562,{'explicit'}
Supernatural,18566896,"{'explicit', 'public sex', 'dom/sub undertones'}"
Supernatural,18566464,"{'explicit', 'omega sam winchester', 'season/series 06', 'alpha dean winchester', 'alpha/beta/omega dynamics', 'soulless sam winchester'}"
Supernatural,1427212,"{'general audiences', 'humor', 'canon-typical violence', 'implied relationships'}"
Supernatural,18127154,"{""sam winchester's demonic powers"", 'protective castiel (supernatural)', 'destiel - freeform', 'i wrote this instead of sleeping', 'teen and up audiences', 'fluff'}"
Supernatural,16596395,"{'explicit', 'bisexual dean winchester', 'gay castiel (supernatural)', 'alternate universe - college/university', 'human castiel'}"
Supernatural,17879021,"{'explicit', 'werewolves', 'angst with a happy ending', 'canon compliant', 'alpha sam winchester', 'top sam winchester', 'canon-typical violence', 'mpreg', 'parenthood', 'bottom dean winchester', 'omega dean winchester', 'alpha/omega'}"
Supernatural,17649488,"{'destiel - freeform', 'teen and up audiences', 'case fic'}"
Supernatural,17213390,"{'established relationship', 'teen and up audiences'}"
Supernatural,18429452,"{'psychological torture', 'mature', 'demons', 'hurt/comfort', 'sick dean winchester'}"
Supernatural,18565795,"{'episode: s14e19 jack in the box', 'dean winchester being an asshole', 'emotional hurt/comfort', ""castiel is jack kline's parent"", 'not rated'}"
Supernatural,18565528,"{'episode: s14e19 jack in the box', 'general audiences', 'communication', 'coda'}"
Supernatural,18331499,{'teen and up audiences'}
Supernatural,17934371,"{'top sam winchester', 'bottom dean winchester/top sam winchester', 'hurt/comfort', 'depressed dean winchester', 'bottom dean winchester', 'rape/non-con elements', 'sad dean winchester', 'slow build', 'not rated'}"
Supernatural,18565111,"{'no smut', 'bathing/washing', 'true love', 'teen and up audiences', 'fluff', 'alternate universe - human'}"
Supernatural,18215933,"{'explicit', 'angst with a happy ending', 'bisexual dean winchester', 'destiel - freeform', 'domestic castiel/dean winchester', 'gay sex', 'parenthood', 'love'}"
Supernatural,13672542,"{'panic attacks', 'happy ending', 'slow romance', 'minor character death', 'slow burn', 'au', 'teen and up audiences'}"
Supernatural,10489641,"{'implied/referenced self-harm', 'mature', 'depression', 'other additional tags to be added', 'anxiety attacks'}"
Supernatural,18564235,"{'general audiences', 'alternate universe - canon divergence', 'short one shot'}"
Supernatural,17344205,"{'apocalypse', 'teen and up audiences', 'boy king of hell sam winchester'}"
Supernatural,15138176,"{'eventual romance', 'underage drinking', 'family drama', 'high school', 'teen and up audiences', 'alternate universe - human', 'teen romance'}"
Supernatural,18213620,"{'explicit', 'au', 'sabriel - freeform', 'angst', 'destiel - freeform', 'violence'}"
Supernatural,18564265,"{'artist castiel (supernatural)', 'friends to lovers', 'pov castiel (supernatural)', 'sam winchester ships castiel/dean winchester', 'fluff and angst', 'alternate universe - high school', 'first kiss', 'teen and up audiences'}"
Supernatural,18481741,"{'idiots in love', 'minor character death', 'mature'}"
Supernatural,16763431,{'teen and up audiences'}
Supernatural,17919203,"{'explicit', 'enemies to lovers', 'minor character death', 'torture', 'murder', 'frottage', 'violence', 'alternate universe - human', 'slow burn', 'religion', 'temporary character death'}"
Supernatural,13314186,"{'explicit', 'threesome', 'alpha dean', 'public sex', 'alpha sam', 'bdsm', 'alpha/beta/omega dynamics', 'dirty talk', 'anal sex', 'smut', 'threesome - f/m/m', 'rape/non-con elements', 'rough sex', 'alpha/omega', 'alpha castiel (supernatural)', 'vaginal sex', 'semi-public sex', 'humiliation', 'sex toys', 'oral sex'}"
Supernatural,15981491,"{'explicit', 'past rape/non-con', 'slow burn', 'jealousy', 'depression', 'hurt/comfort', 'suicidal thoughts'}"
Supernatural,18563767,"{'strangers to lovers', 'general audiences', 'alternate universe - fantasy', 'falling in love', 'alternate universe', 'fluff'}"
Supernatural,18562831,"{'homophobia', 'slow burn', 'high school', 'mutual pining', 'sex toys', 'loss of virginity', 'hurt', 'not rated'}"
Supernatural,14212581,"{'teen and up audiences', 'alternate universe - canon divergence'}"
Supernatural,18563581,"{'explicit', 'one night stands', 'humor', 'case fic', 'smut'}"
Supernatural,18383531,"{'explicit', 'marking', 'bdsm', 'sex', 'knifeplay', 'drama', 'angst', 'murder', 'smut', 'dom/sub', 'fluff'}"
Supernatural,17874872,{'not rated'}
Supernatural,18563128,"{'hurt castiel (supernatural)', 'protective dean winchester', 'general audiences'}"
Supernatural,18260735,"{'alternate universe - canon divergence', 'demon dean winchester', 'teen and up audiences'}"
Supernatural,18562921,"{'angel wings', 'boys kissing', 'wings', 'kissing', 'teen and up audiences', 'fluff'}"
Supernatural,18119054,"{'vampires', 'angels', 'demons', 'ghosts', 'witches', 'family secrets', 'crossover', 'teen and up audiences', 'character death'}"
Supernatural,18562714,"{'post-episode: s14e19 jack in the box', 'episode: s14e19 jack in the box', ""castiel is jack kline's parent"", 'alternate universe - canon divergence', 'hurt/comfort', 'dean winchester being an asshole', 'teen and up audiences', 'emotional hurt/comfort'}"
Supernatural,12778872,"{'teen and up audiences', 'fluff'}"
Supernatural,18562426,"{'love confessions', 'hurt castiel (supernatural)', 'first kiss', 'teen and up audiences', 'hurt dean winchester'}"
Supernatural,18551305,{'not rated'}
Supernatural,17496413,"{'explicit', 'fix-it', 'canon-typical violence', 'temporary character death', 'kind of'}"
Supernatural,15656337,"{'alternate universe - canon divergence', 'teen and up audiences'}"
Supernatural,18372869,"{'explicit', 'omega sam winchester', ""john winchester's a+ parenting"", 'alternate universe - modern setting', 'recreational drug use', 'other additional tags to be added', 'alpha dean winchester', 'alpha/beta/omega dynamics', 'friends to lovers', 'hurt/comfort', 'fluff and angst', 'alpha gabriel (supernatural)', 'fluff and smut', 'fluff', 'fluff and humor', 'alpha castiel (supernatural)'}"
Supernatural,18562039,"{'explicit', 'anal sex', 'sub dean', 'omega dean', 'scenting', 'bondage'}"
Supernatural,16367669,"{'mature', 'slow build', 'fluff', 'angst'}"
Supernatural,17718245,{'teen and up audiences'}
Supernatural,17990783,"{'teen and up audiences', 'dean winchester-centric'}"
Supernatural,18523321,"{'explicit', 'fluff and hurt/comfort', 'domestic', 'destiel - freeform', 'pov dean winchester', 'eventual smut', 'canon-typical violence', 'other additional tags to be added', 'friends to lovers', 'fluff and angst', 'first dates', 'fluff'}"
Supernatural,18348179,"{'explicit', 'angst', 'eventual smut', 'fluff', 'mild gore'}"
Supernatural,18500548,"{'explicit', 'dom/sub', 'dom castiel/sub dean winchester', 'daddy kink', 'humiliation'}"
Supernatural,17433737,"{'explicit', 'toys', 'spanking', 'domestic violence', 'panic attacks', 'alcohol abuse/alcoholism', 'angst', ""john winchester's a+ parenting"", 'handcuffs', 'protective castiel', 'smut', 'benny lafitte & dean winchester friendship', 'implied/referenced homophobia', 'nightmares', 'violence', 'fluff', 'awesome bobby singer', 'drinking', 'implied/referenced child abuse'}"
Supernatural,18510205,"{'protective dean winchester', 'hurt/comfort', 'john winchester being an asshole', 'not rated', 'human castiel (supernatural)', 'angst', ""john winchester's a+ parenting"", 'protective bobby singer', 'alternate universe - canon divergence', 'swearing', 'canonical character death', 'hunters & hunting', 'supernatural elements', 'established castiel/dean winchester', 'case fic', 'angry sam winchester', 'depressed dean winchester', 'kind of', 'fluff', 'awesome bobby singer', 'hunter castiel (supernatural)', 'bisexual dean winchester', 'bamf castiel (supernatural)', 'flashbacks', 'canon-typical violence', 'secret relationship'}"
Supernatural,18526339,"{'jealousy', 'teen and up audiences', 'angst'}"
Supernatural,15452853,"{""sam winchester's demonic powers"", 'alpha sam', 'alpha/beta/omega dynamics', 'domestic violence', 'protective sam winchester', 'torture', 'angst with a happy ending', 'mature', ""john winchester's a+ parenting"", 'wincest - freeform', 'bamf sam winchester', 'bamf dean winchester', 'claiming bites', 'hurt dean winchester', 'alpha/omega', 'horror', 'mpreg', 'true love', 'sexual assault', 'angst and hurt/comfort', 'revenge', 'slow burn', 'alternate universe', 'magic', 'omega dean', 'monsters'}"
Supernatural,18352052,"{'mature', 'young dean winchester', 'falling in love', 'alternate universe - modern setting', 'au', 'alternate universe - high school'}"
Supernatural,18542932,"{'mature', 'horror', 'hurt sam winchester', 'hurt dean winchester', 'angst and hurt/comfort'}"
Supernatural,16846249,"{'angels', 'canon compliant', 'implied/referenced torture', 'canon-typical violence', 'hunters & hunting', 'alternate universe', 'hell', 'crossover', 'teen and up audiences', 'light angst'}"
Supernatural,18560650,"{'family', 'religion', 'teen and up audiences'}"
Supernatural,18560629,"{'explicit', 'alternate season/series 14', 'top sam winchester', 'dom/sub', 'sharing a bed', 'friends to lovers'}"
Supernatural,16410734,"{'mature', 'gay sex', 'hurt/comfort', 'lemon', 'first time', 'anal sex', 'first kiss'}"
Supernatural,18364100,"{'canonical character death', 'angst with a happy ending', 'alternate universe- no supernatural', 'swearing', 'fluff and angst', 'teen and up audiences', 'alternate universe - human'}"
Supernatural,18560359,"{'explicit', 'closeted dean winchester', 'dom sam winchester', 'dean winchester-centric'}"
Supernatural,14142978,{'not rated'}
Supernatural,18560155,"{'explicit', 'semi-public sex'}"
Supernatural,18560110,"{'established castiel/dean winchester', 'general audiences'}"
Supernatural,18244979,"{'explicit', 'scent marking', 'soulmates', 'scenting', 'alpha/beta/omega dynamics', 'knotting', 'anal sex', 'rimming', 'anal fingering', 'omega castiel/alpha dean winchester'}"
Supernatural,18401630,"{'explicit', 'public sex', 'choking', 'handcuffs', 'voyeurism'}"
Supernatural,17717810,"{'family', 'drama', 'hurt/comfort', 'grief/mourning', 'teen and up audiences'}"
Supernatural,18104537,"{'alternate universe- no supernatural', 'mature', 'omega sam winchester', ""john winchester's a+ parenting"", 'alternate universe - soulmates', 'other additional tags to be added', 'mpreg', 'alpha/beta/omega dynamics', 'omega dean winchester', 'alpha gabriel (supernatural)', 'alternate universe - high school', 'alpha castiel (supernatural)'}"
Supernatural,17844827,"{'explicit', 'alpha/beta/omega dynamics', 'angst with a happy ending', ""john winchester's a+ parenting"", 'omega dean winchester', 'alpha castiel/omega dean winchester', 'alpha castiel (supernatural)', 'mating cycles/in heat', 'physical abuse', 'flashbacks', 'phone sex', 'omega dean'}"
Supernatural,18436718,"{'explicit', 'omega gabriel', 'alpha sam', 'alpha john winchester', 'sex', 'omega mary winchester', 'hurt castiel', 'hurt dean', 'suicidal thoughts', 'alpha castiel', 'hard times', 'other additional tags to be added', 'mpreg', 'slow build', 'flashbacks', 'omega dean'}"
Supernatural,18247232,"{'benny lafitte & dean winchester friendship', 'canon-typical violence', 'angry sam winchester', 'case fic', 'teen and up audiences', 'hurt dean winchester', 'angst'}"
Supernatural,18553948,"{'mature', 'alternate universe', 'first meetings', 'first kiss', 'fluff'}"
Supernatural,16920303,{'explicit'}
Supernatural,11314947,"{'protective dean winchester', 'abusive john winchester', 'protective sam winchester', 'john winchester being an asshole', 'not rated', 'pov dean winchester', 'protective bobby singer', ""john winchester's a+ parenting"", 'pov sam winchester', 'angry sam winchester', 'sick dean winchester', 'pov mary winchester', 'childhood trauma'}"
Supernatural,18553699,"{'pain', 'hugs', 'teen and up audiences'}"
Supernatural,17895710,"{'explicit', 'true love', 'lemon', 'au', 'romantic fluff', 'fluff and smut', 'sabriel - freeform'}"
Supernatural,18480844,"{'scent marking', 'alpha/beta/omega dynamics', 'scent kink', 'non-traditional alpha/beta/omega dynamics', 'mature', 'pining', 'true mates', 'omega dean winchester', 'alpha castiel/omega dean winchester', 'alpha/omega', 'alpha castiel (supernatural)', 'mating cycles/in heat', 'true love', 'scenting', 'omega verse', 'omega dean'}"
Supernatural,18553612,"{'explicit', 'sad castiel', 'alpha sam', 'hurt/comfort', 'heartbreak', 'true mates', 'hurt castiel (supernatural)', 'alpha castiel', 'hurt dean winchester', 'hard times', 'other additional tags to be added', 'dean winchester loves castiel', 'omega dean'}"
Supernatural,18084056,"{'angels', 'vampires', 'mature', 'werewolves', 'explicit sexual content', 'falling in love', 'hunters & hunting', 'brotherly love', 'supernatural elements', 'demons', 'monsters', 'violence', 'friendship/love', 'love'}"
Supernatural,17444402,"{'threesome', 'spanking', 'aftercare', 'multiple orgasms', 'bdsm', 'first time', 'wing kink', 'psychological trauma', 'demonic possession', 'comeplay', 'dirty talk', 'orgasm control', 'bondage', 'domestic', 'love', 'angel wings', 'knotting', 'fluff and humor', 'sharing clothes', 'cock cages', 'humor', 'bottom sam winchester', 'love confessions', 'mildly dubious consent', 'abusive john winchester', 'blow jobs', 'emotional hurt/comfort', 'scent kink', 'emotional/psychological abuse', 'alpha sam winchester', 'edgeplay', 'bottom castiel/top sam winchester', 'bathing/washing', 'scenting', 'anal play', 'emotional hurt', 'friends to lovers', 'top dean winchester', 'bottom castiel (supernatural)', 'punishment', 'childhood trauma', 'threesome - m/m/m', 'master/pet', 'wings', 'john winchester being an asshole', 'handcuffs', 'bottom dean winchester/top sam winchester', 'come marking', 'top sam winchester', 'dom castiel (supernatural)', 'dom/sub', 'sick sam winchester', 'dubious consent', 'orgasm denial', 'butt plugs', 'top castiel/bottom dean winchester', 'anal plug', 'bottom castiel/top dean winchester', 'prostate milking', 'forced orgasm', 'explicit', 'marking', 'scent marking', 'alpha/beta/omega dynamics', 'short one shot', 'hand jobs', 'coming out', 'boy king of hell sam winchester', ""john winchester's a+ parenting"", 'wincest - freeform', 'protective sam', 'omega dean winchester', 'anal sex', 'threesome - f/m/m', 'rimming', 'sub dean winchester', 'teasing', 'alpha/omega', 'breeding kink', 'mating cycles/in heat', 'roleplay', 'dom sam winchester', 'come swallowing', 'anal fingering', 'blindfolds', 'demon dean winchester', 'secret relationship'}"
Supernatural,18461351,"{'explicit', 'aftercare', 'alternate universe - modern setting', 'multiple orgasms', 'polyamory', 'object insertion', 'sibling incest', 'rimming', 'supernatural kink bingo 2019', 'breeding kink', 'begging', 'top sam winchester', 'roleplay', 'alternate universe - human', 'sex toys', 'forced orgasm', 'prostate milking'}"
Supernatural,18558844,"{'falling in love', 'domestic castiel/dean winchester', 'castiel and dean winchester have a profound bond', 'protective castiel (supernatural)', 'first dates', 'alternate universe - canon divergence', 'tooth-rotting fluff', 'teen and up audiences', 'hurt dean winchester', 'friendship/love', 'castiel/dean winchester first kiss', 'fluff', 'sick dean winchester', 'mechanic dean winchester', 'domestic fluff', 'first kiss', 'light angst'}"
Supernatural,18141953,"{'explicit', 'mutual pining', 'sub dean'}"
Supernatural,18558280,"{'explicit', 'omega sam', 'omega castiel (supernatural)', 'hurt sam winchester', 'alpha dean winchester', 'alpha/beta/omega dynamics', 'post-traumatic stress disorder - ptsd', 'rape/non-con elements', 'panic attacks', 'fluff and smut', 'alpha gabriel'}"
Supernatural,18558475,"{'explicit', 'top castiel/bottom dean winchester', 'dom castiel/sub dean winchester', 'praise kink', 'bdsm', 'fluff'}"
Supernatural,17189204,"{'slow romance', 'alpha sam winchester', 'supernatural elements', 'mpreg', 'omega dean winchester', 'human castiel', 'not rated'}"
Supernatural,18558436,"{'explicit', 'top castiel/bottom dean winchester', 'supernatural - freeform', 'plot what plot/porn without plot', 'blow jobs', 'semi-public sex', 'smut', 'rimming', 'hand jobs'}"
Supernatural,17422877,"{'explicit', 'wing kink', 'hand jobs', ""castiel is jack kline's parent"", 'angst with a happy ending', 'pov dean winchester', 'time travel', 'smut', 'anal sex', 'blood and violence', 'pov sam winchester', 'angst and hurt/comfort', 'kissing', 'romance'}"
Supernatural,18558181,"{'depression', 'hurt/comfort', 'protective sam winchester', 'emotional hurt/comfort', 'hurt', 'teen and up audiences', 'love', 'cuddling & snuggling', 'established relationship', 'emotional hurt', 'anxiety', 'daddy kink'}"
Supernatural,14465148,{'teen and up audiences'}
Supernatural,17922200,"{'explicit', 'omega sam winchester', 'pack dynamics', 'college', 'good parents john winchester & mary winchester', 'alpha dean winchester', 'alpha/beta/omega dynamics', 'hurt sam winchester', 'alpha john winchester', 'alternate universe', 'omega mary winchester', 'slow build', 'light angst'}"
Supernatural,15146966,"{'explicit', 'falling in love', 'bullying', 'first time', 'top dean', 'sex', 'heartbreak', 'teen romance', 'arguments', 'other additional tags to be added', 'true love', 'mpreg'}"
Supernatural,17927648,"{'not canon compliant', 'top castiel', ""john winchester's a+ parenting"", 'teen and up audiences', 'porn with plot', 'angst and fluff and smut', 'case fic', 'castiel and dean winchester need to use their words', 'castiel/dean winchester first kiss', 'tags may change', 'bisexual dean winchester', 'top castiel/bottom dean winchester', 'slow burn', 'jealous castiel (supernatural)', 'bottom dean winchester', 'pov castiel (supernatural)'}"
Supernatural,18557473,"{'alternate universe - soulmates', 'i wrote this instead of sleeping', 'one shot', 'soulmate-identifying marks', 'teen and up audiences', 'angst'}"
Supernatural,18557407,"{'explicit', 'gay sex', 'porn with feelings', 'top castiel (supernatural)', 'idiots in love', 'first time', 'blow jobs', 'pov dean winchester', 'loss of virginity', 'anal sex', 'porn with plot', 'angst and fluff and smut', 'case fic', 'implied/referenced homophobia', 'blasphemy', 'gay panic', 'internalized homophobia', 'getting together', 'bottom dean winchester', 'first kiss'}"
Supernatural,18557005,"{'general audiences', 'established castiel/dean winchester', 'arguing', 'fluff and angst', 'happy ending'}"
Supernatural,16812007,"{'explicit', 'hand jobs', 'past rape/non-con', 'slow burn', 'oral sex', 'wing kink', 'kissing', 'light dom/sub'}"
Supernatural,17968283,"{'young dean winchester', 'family feels', 'men of letters bunker (supernatural)', 'alternate universe - canon divergence', 'young sam winchester', 'not rated'}"
Supernatural,17336318,"{'explicit', 'hurt/comfort', 'polyamory', 'panic attacks', 'angst', 'sub!dean', 'smut', 'light dom/sub', 'past abuse', 'fluff', 'established relationship'}"
Supernatural,17505986,"{'threesome', 'spanking', 'choking', 'multiple orgasms', 'bdsm', 'sex', 'comeplay', 'dirty talk', 'shameless smut', 'bondage', 'vaginal sex', 'explicit sexual content', 'semi-public sex', 'blow jobs', 'edgeplay', 'sexual content', 'praise kink', 'shower sex', 'oral sex', 'punishment', 'vaginal fingering', 'porn', 'master/slave', 'face-fucking', 'sex in/on the impala (supernatural)', 'master/pet', 'pain', 'handcuffs', 'smut', 'masturbation', 'whipping', 'dom/sub', 'violence', 'daddy kink', 'kissing', 'explicit', 'biting', 'hand jobs', 'reader-insert', 'quickies', 'orgasm delay/denial', 'anal sex', 'threesome - f/m/m', 'rimming', 'rough sex', 'teasing', 'voyeurism', 'roleplay', 'come swallowing'}"
Supernatural,16005389,"{'explicit', 'spanking', 'aftercare', 'top castiel', 'alpha/beta/omega dynamics', 'blow jobs', 'abusive john winchester', ""john winchester's a+ parenting"", 'omega dean winchester', 'sub dean winchester', 'anal sex', 'alpha castiel', 'masturbation', 'frottage', 'kink negotiation', 'roleplay', 'dom/sub', 'bathing/washing', 'knotting', 'nightmares', 'light bdsm', 'scenting', 'cock cages', 'anxiety', 'dom castiel/sub dean winchester', 'bottom dean winchester', 'slow burn', 'light bondage'}"
Supernatural,18122330,"{'not canon compliant', 'protective castiel (supernatural)', 'soulmate-identifying marks', 'non-traditional alpha/beta/omega dynamics', 'angst with a happy ending', 'mature', ""john winchester's a+ parenting"", 'true mates', 'alpha castiel/omega dean winchester', 'smart dean winchester', 'mild gore', 'demons', 'pack dynamics', 'protective gabriel', 'fluff', 'bamf castiel (supernatural)', 'implied/referenced child abuse', 'minor violence'}"
Supernatural,18387386,"{'mental instability', ""john winchester's a+ parenting"", 'other additional tags to be added', 'sam winchester ships castiel/dean winchester', 'mental health issues', 'teen and up audiences'}"
Supernatural,18555838,"{'general audiences', 'alternate universe'}"
Supernatural,18555829,{'mature'}
Supernatural,18555685,"{'explicit language', 'reader-insert', 'not rated'}"
Supernatural,15006134,"{'action/adventure', 'family', 'apocalypse', 'alternate universe - canon divergence', 'time travel', 'teen and up audiences'}"
Supernatural,18554713,"{'angst', 'panic attacks', 'teen and up audiences'}"
Supernatural,18445880,"{'love confessions', 'alternate universe - roommates/housemates', ""john winchester's a+ parenting"", 'falling in love', 'alternate universe - college/university', 'slow build castiel/dean winchester', 'alternate universe - canon divergence', 'alternate universe', 'teen and up audiences'}"
Supernatural,18229205,"{'explicit', 'human castiel (supernatural)', 'homophobic language', 'alternate universe - college/university', 'top castiel (supernatural)', 'other additional tags to be added', 'top dean winchester', 'implied/referenced homophobia', 'bottom dean winchester', 'bottom castiel (supernatural)', 'internalized homophobia'}"
Supernatural,17501081,"{'angels', 'public sex', 'blood and torture', 'sex', 'demonic possession', 'mature', 'explicit language', 'sexual content', 'smut', 'rough sex', 'vaginal sex', 'explicit sexual content', 'implied/referenced torture', 'demon deals', 'demons', 'other additional tags to be added', 'semi-public sex', 'mild smut', 'oral sex', 'hell', 'implied sexual content'}"
Supernatural,18365795,"{'pie', 'alternate universe - college/university', 'weddings', 'teen and up audiences', 'fluff', 'sharing clothes', 'romance', 'awkwardness'}"
Supernatural,13832541,"{'homophobia', 'cheating', 'mature', 'destiel - freeform', 'recreational drug use', 'depressed dean winchester', 'dark', 'lying', 'religion', 'healing', 'graphic description', 'love'}"
Supernatural,16807984,"{'explicit', 'torture', 'stabbing', 'slow burn', 'blood', 'rape/non-con elements', 'violence', 'hell'}"
Supernatural,18389666,"{'protective dean winchester', 'pie', 'no smut', 'hurt/comfort', 'angst', 'destiel - freeform', 'alternate universe - fantasy', 'alternate universe - canon divergence', 'healing', ""castiel and dean winchester and sam winchester are jack kline's parents"", 'hurt dean winchester', 'love', 'angel wings', 'fluff', 'general audiences', 'magic', 'domestic fluff', 'kissing'}"
Supernatural,18525034,"{'explicit', 'bottom sam winchester', 'master/slave', 'public sex', 'top castiel (supernatural)', 'master/pet', 'blow jobs', 'collars', 'hurt sam winchester', 'orgasm delay/denial', 'anal sex', 'public humiliation', 'dubious consent', 'switching', 'cock cages', 'butt plugs', 'bottom dean winchester', 'alternate universe', 'whump', 'prostate milking'}"
Supernatural,8567434,"{'implied/referenced rape/non-con', 'hurt/comfort', 'angst and humor', 'wing kink', 'angst with a happy ending', 'mature', 'heavy angst', 'hurt castiel', 'hurt sam winchester', 'wingfic', 'eventual happy ending', 'angel wings', 'case fic', 'slow build castiel/dean winchester', 'ghosts', 'canon universe', 'canon-typical violence', 'post-traumatic stress disorder - ptsd'}"
Supernatural,17859329,"{'protective dean winchester', 'protective castiel (supernatural)', 'au', 'mature', 'enemies to friends to lovers', 'bamf dean winchester', 'sexual tension', 'past abuse', 'bamf castiel (supernatural)', 'jealous castiel (supernatural)'}"
Supernatural,17424182,"{'explicit', 'angels', 'protective dean winchester', 'spanking', 'jealousy', 'top castiel', 'collars', 'emotional hurt/comfort', 'angst', 'emotional/psychological abuse', 'child abuse', 'alternate universe - canon divergence', 'rape/non-con elements', 'whipping', 'dark', 'physical abuse', 'dubious consent', 'blood', 'possessive behavior', 'abuse'}"
Supernatural,15737124,"{'one shot collection', 'mature', 'destiel - freeform', 'heavy angst', 'canon-typical violence', 'fluff and angst', 'arguing'}"
Supernatural,18319331,"{'brothers', 'child abuse', 'ptsd', 'mature', 'bullying', 'alternate universe', 'nightmares'}"
Supernatural,18552769,"{'human castiel (supernatural)', 'alternate universe- no supernatural', 'meet-cute', 'tooth-rotting fluff', 'teen and up audiences'}"
Supernatural,17073743,{'not rated'}
Supernatural,18552547,"{'explicit', 'possessive behavior', 'jealousy', 'frottage'}"
Supernatural,18552286,"{'mature', 'closeted dean winchester', 'one shot', 'alternate universe'}"
Supernatural,16657648,"{'toys', 'implied relationships', 'alternate universe - supernatural (tv) fusion', 'hurt/comfort', 'emotional hurt/comfort', 'teen and up audiences', 'family', 'family feels', 'demon deals', 'demons', 'hunters & hunting', 'fluff and angst', 'action/adventure', 'brothers', 'domestic fluff', 'childhood trauma'}"
Supernatural,18551986,"{'canon compliant', 'mature', 'pov dean winchester', 'communication', 'implied/referenced rape/non-con', 'idiots in love', 'hurt/comfort', 'healing', 'castiel/dean winchester first kiss'}"
Supernatural,18551470,"{'explicit', 'protective dean winchester', 'minor character death', 'attempted rape/non-con', 'protective sam winchester', 'graphic description', 'torture', 'angst with a happy ending', 'abduction', 'bamf sam winchester', 'sexual harassment', 'hurt castiel (supernatural)', 'bamf dean winchester', 'sexual assault', 'bamf castiel (supernatural)', 'top dean winchester', 'bottom castiel (supernatural)', 'bottom castiel/top dean winchester', 'blood and gore'}"
Supernatural,17173580,"{'humor', 'team free will', 'father-son relationship', 'protective lucifer', 'teen and up audiences'}"
Supernatural,18551380,"{'established castiel/dean winchester', 'general audiences'}"
Supernatural,17649536,"{'homophobic language', 'mature', 'pov dean winchester', 'dean winchester in denial', 'eventual happy ending', 'other additional tags to be added', 'depressed dean winchester', 'gay panic', 'internalized homophobia', 'self-esteem issues', 'slow burn', 'pining dean winchester'}"
Supernatural,18551062,"{'explicit', 'first time blow jobs', 'anal sex', 'anal fingering'}"
Supernatural,18105212,"{'miscommunication', 'misunderstandings', 'mutual pining', 'jealous dean winchester', 'not rated', 'pining', 'dean winchester in denial', 'alternate universe - high school', 'slow burn', 'friends to lovers'}"
Supernatural,7453165,"{'explicit', 'porn with plot', 'porn', 'rough sex', 'choking', 'dom/sub', 'pining', 'post-traumatic stress disorder - ptsd', 'blow jobs', 'alternate universe', 'anal sex', 'mildly dubious consent', 'anal fingering', 'light bdsm', 'fantasy', 'self-hatred', 'angst'}"
Supernatural,18544909,"{'mature', 'worried dean winchester', 'demons', 'angst'}"
Supernatural,17732576,"{'angst with a happy ending', 'canon compliant', 'mature', 'worried dean winchester', 'friends to lovers', 'hurt/comfort', 'whump', 'angst'}"
Supernatural,17425265,"{'explicit', 'public sex', 'non-traditional alpha/beta/omega dynamics', 'knotting', 'violence', 'tags may change', 'friendship', 'underage drinking', 'blood and gore'}"
Supernatural,18550078,"{'episode: s14e19 jack in the box', 'general audiences'}"
Supernatural,18520969,"{'explicit', 'destiel - freeform', 'alternate universe - soulmates', 'sex', 'minor violence', 'mental health issues', 'alcohol abuse/alcoholism', 'fluff', 'angst'}"
Supernatural,11559609,{'not rated'}
Supernatural,18550216,"{'episode: s14e19 jack in the box', 'general audiences', 'swearing', 'au', 'protective sam winchester', 'emotional hurt/comfort', 'angst'}"
Supernatural,18550066,{'not rated'}
Supernatural,18550054,"{'domestic fluff', 'teen and up audiences', 'fluff', 'alternate universe - human'}"
Supernatural,18549508,"{'explicit', 'frottage', 'secret relationship', 'happy ending', 'making out', 'porn with feelings', ""chuck shurley is castiel's parent"", 'oral sex', 'plot what plot/porn without plot', 'first time', 'phone sex', 'alternate universe - high school', 'fluff and smut', 'masturbation'}"
Supernatural,18304691,"{'angels', 'protective dean winchester', ""sam winchester's demonic powers"", 'michael possessing dean winchester', 'dean winchester-centric', 'hurt/comfort', 'family drama', 'wings', 'abusive john winchester', 'emotional hurt/comfort', 'boy king of hell sam winchester', 'archangels', 'angst with a happy ending', 'mature', 'protective bobby singer', 'alternate universe - canon divergence', 'young sam winchester', 'hurt dean winchester', 'family', 'vampires', 'young dean winchester', 'werewolves', 'family feels', 'demons', 'team free will', 'family secrets', 'ghosts', 'angst and hurt/comfort', 'apocalypse', 'alternate universe'}"
Supernatural,18172967,"{'explicit', 'smut'}"
Supernatural,12052287,"{'explicit', 'vampires', 'demons', 'soulless sam winchester', 'smut', 'sex'}"
Supernatural,18273635,"{'protective dean winchester', 'comfort/angst', 'blood and torture', 'hurt/comfort', 'protective castiel (supernatural)', 'protective sam winchester', 'past torture', 'emotional hurt/comfort', 'hurt', 'angst', 'torture', 'heavy angst', 'hurt sam winchester', 'protective siblings', 'teen and up audiences', 'psychological torture', 'aftermath of torture', 'fluff', 'angst and hurt/comfort', 'emotional hurt', 'minor eileen leahy/sam winchester', 'whump', 'angst and feels'}"
Supernatural,18549670,"{'explicit', 'dubious consent'}"
Supernatural,18523957,"{""castiel is jack kline's parent"", 'angst', 'human castiel (supernatural)', 'explicit language', 'enemies to friends to lovers', 'swearing', 'teen and up audiences', 'demons', 'other additional tags to be added', 'violence', 'fluff', 'hunter castiel (supernatural)', 'apocalypse', 'slow burn', 'alternate universe'}"
Supernatural,18549319,{'teen and up audiences'}
Supernatural,18401189,"{'angst with a happy ending', 'mature', 'romance', 'happy ending', 'angst'}"
Supernatural,11628285,"{'crossover', 'teen and up audiences'}"
Supernatural,18229763,"{'au', 'jealous dean winchester', 'not rated', 'size kink', 'alternate universe', 'sick dean winchester'}"
Supernatural,18548536,"{'hurt sam winchester', 'hurt castiel (supernatural)', 'teen and up audiences'}"
Supernatural,17798909,"{'happy ending', 'minor character death', 'teen and up audiences', 'fluff', 'angst'}"
Supernatural,18480166,"{'human castiel (supernatural)', 'mature', 'sam winchester ships castiel/dean winchester'}"
Supernatural,18548449,"{'explicit', 'top sam winchester', 'dom/sub', 'bdsm', 'bottom castiel (supernatural)', 'orgasm control', 'object insertion', 'bottom castiel/top sam winchester', 'bondage'}"
Supernatural,18547666,"{'general audiences', 'hurt no comfort', 'lying', 'coda', 'emotional hurt/comfort'}"
Supernatural,18546727,"{'fluff and angst', 'general audiences'}"
Supernatural,15613596,"{'explicit', 'alpha/omega', 'alpha sam winchester', ""john winchester's a+ parenting"", 'case fic', 'top castiel', 'alpha/beta/omega dynamics', 'alpha castiel/omega dean winchester', 'abusive john winchester', 'sexual assault', 'bottom dean', 'sexual harassment', 'omega dean', 'alpha castiel (supernatural)'}"
Supernatural,18547357,{'not rated'}
Supernatural,18547048,"{'pining', 'mature', 'scent kink', 'supernatural kink bingo 2019'}"
Supernatural,18546586,"{'mature', 'unrequited love', 'episode: s14e18 absence', 'dean winchester being an asshole'}"
Supernatural,18546472,"{'omega sam', 'mature', 'omega gabriel', 'mpreg', 'alpha/beta/omega dynamics', 'alpha castiel/omega dean winchester', 'omega dean', 'alpha castiel (supernatural)'}"
Supernatural,17706593,"{'human castiel (supernatural)', 'alternate season/series 14', 'general audiences', 'humor', 'michael possessing dean winchester'}"
Supernatural,18418163,"{'mature', 'enemies to friends to lovers', 'friends to lovers', 'alternate universe - canon divergence', 'first time', 'gay panic', 'first kiss'}"
Supernatural,8926450,{'general audiences'}
Supernatural,18400904,{'explicit'}
Supernatural,18545584,{'teen and up audiences'}
Supernatural,18545776,{'general audiences'}
Supernatural,18545737,"{'explicit', 'hurt/comfort', 'fluff and angst'}"
Supernatural,18545686,"{'bullying', 'teen and up audiences'}"
Supernatural,18540625,"{'destiel - freeform', 'enemies to friends to lovers', 'slow burn', 'teen and up audiences'}"
Supernatural,17150894,"{'explicit', 'hurt/comfort', 'domestic violence', 'sex', 'drama', 'angst', 'child abuse', 'protective dean', 'hurt castiel', 'protective sam', 'other additional tags to be added', 'physical abuse', 'happy ending'}"
Supernatural,18299915,"{'explicit', 'angry dean winchester', 'protective dean winchester', 'alpha dean', 'hurt/comfort', 'sex', 'a/b/o', 'alpha sam winchester', 'true mates', 'sweet dean winchester', 'hurt castiel (supernatural)', 'omega castiel (supernatural)', 'love at first sight', 'alpha dean winchester'}"
Supernatural,17232578,"{'protective dean winchester', 'pie', 'hurt/comfort', 'hurt sam winchester', 'teen and up audiences', 'hurt dean winchester', 'family', 'angst and hurt/comfort', 'brothers'}"
Supernatural,18540859,"{'castiel and dean winchester are roommates', 'teen and up audiences', 'fluff and angst', 'alternate universe - roommates/housemates'}"
Supernatural,12179151,"{'not rated', 'past abuse', 'self-hatred', 'angst'}"
Supernatural,16354358,"{'angst with a happy ending', 'omega gabriel', 'alpha sam winchester', 'alternate universe - college/university', 'alpha/beta/omega dynamics', 'mutual pining', 'mating', 'omega dean', 'alpha castiel (supernatural)', 'not rated'}"
Supernatural,18539572,{'general audiences'}
Supernatural,18539533,"{'teen and up audiences', 'fluff and angst'}"
Supernatural,17970326,"{'explicit', 'minor character death', 'hurt/comfort', 'daddy issues', 'purgatory', 'coming out', 'human castiel (supernatural)', 'torture', 'switch castiel', ""john winchester's a+ parenting"", 'sharing a bed', 'panty kink', 'adventure & romance', 'switch dean winchester', 'hurt dean winchester', 'explicit sexual content', 'demon deals', 'castiel/dean winchester first kiss', 'dubious consent', 'pov alternating', 'canon universe', 'bisexual dean winchester', 'self-esteem issues', 'developing relationship', 'canon-typical violence', 'happy ending'}"
Supernatural,16502321,"{'angels', 'minor character death', 'teen and up audiences', 'vampires', 'demons', 'ghosts', 'human au', 'drinking', 'hell', 'crossover', 'monsters'}"
Supernatural,17166368,"{'explicit', 'falling in love', 'jealousy', 'minor character death', 'castiel and dean winchester have a profound bond', 'top castiel', 'blow jobs', 'comeplay', 'dirty talk', 'angst with a happy ending', 'edgeplay', 'enemies to friends to lovers', 'orgasm delay/denial', 'anal sex', 'bamf dean winchester', 'masturbation', 'voyeurism', 'nipple play', 'explicit sexual content', 'dom/sub', 'sexual tension', 'blasphemy', 'anal fingering', 'period-typical homophobia', 'light dom/sub', 'aftermath of torture', 'come swallowing', 'bisexual dean winchester', 'anal play', 'slow burn', 'size kink', 'first time blow jobs'}"
Supernatural,18545560,"{'explicit', 'nipple play', 'come marking', 'manhandling', 'bottom castiel/top dean winchester'}"
Supernatural,18427865,"{'teen and up audiences', 'michael possessing dean winchester', 'other additional tags to be added', 'alternate universe - canon divergence'}"
Supernatural,16853797,"{'angels', 'betrayal', 'angst', 'torture', 'mature', 'mind games', 'suicide attempt', 'rape/non-con elements', 'blood and violence', 'vampires', 'psychological torture', 'demons', 'self-esteem issues', 'revenge', 'kidnapping', 'anxiety', 'possessive behavior'}"
Supernatural,17678723,"{'falling in love', 'protective sam winchester', 'mature', 'protective bobby singer', 'hurt dean', 'protective castiel', 'slow burn'}"
Supernatural,18544639,"{'explicit', 'non-traditional alpha/beta/omega dynamics', 'one night stands', 'alpha/alpha', 'top castiel/bottom dean winchester', 'mating bites', 'alpha dean winchester', 'alpha castiel (supernatural)'}"
Supernatural,18544588,"{'mature', 'bamf castiel (supernatural)', 'attempted rape/non-con', 'protective castiel (supernatural)', 'protective sam winchester', 'hurt castiel (supernatural)', 'angst'}"
Supernatural,11913756,"{'mature', 'alpha castiel', 'au', 'alpha/beta/omega dynamics'}"
Supernatural,18544123,"{'vaginal sex', 'demons', 'oral sex', 'not rated', 'soulless sam winchester', 'smut', 'demon dean winchester', 'fluff', 'angst'}"
Supernatural,18495598,"{'explicit', 'knotting', 'alpha/beta/omega dynamics'}"
Supernatural,18543628,"{'explicit', 'sad castiel', 'misunderstandings', 'top dean', 'angry dean', 'protective dean', 'hurt castiel', 'hurt dean', 'true mates', 'arguments', 'alpha castiel (supernatural)', 'other additional tags to be added', 'alpha/alpha', 'alpha dean winchester'}"
Supernatural,18543283,"{'post-episode: s14e19 jack in the box', 'general audiences'}"
Supernatural,17958812,"{'enemies to lovers', 'bickering', 'other additional tags to be added', 'minor eileen leahy/sam winchester', 'teasing', 'teen and up audiences'}"
Supernatural,18437135,"{'family', 'brotherly love', 'family fluff', 'young sam winchester', 'not rated'}"
Supernatural,18435452,"{'texting', 'falling in love', 'angst', 'human castiel (supernatural)', 'artist castiel (supernatural)', 'alternate universe - college/university', 'pining', 'teen and up audiences', 'other additional tags to be added', 'fluff', 'self-esteem issues', 'established relationship', 'spells & enchantments', 'alternate universe - soulmates', 'secret relationship'}"
Supernatural,18229499,"{'mature', 'explicit language', 'miscommunication', 'first kiss'}"
Supernatural,18542602,"{'explicit', 'established relationship', 'protective dean winchester', 'hurt/comfort', 'arguing', 'anal sex', 'angst'}"
Supernatural,18542554,{'explicit'}
Supernatural,18542032,"{'alternate universe - roommates/housemates', 'the pocky game', 'castiel and dean winchester are roommates', 'teen and up audiences', 'fluff and humor'}"
Supernatural,18541654,"{'explicit', 'sibling incest', 'incest', 'begging', 'fluff', 'anal plug', 'teasing', 'hand jobs', 'bondage'}"
Supernatural,18541540,"{'alternate universe - roommates/housemates', 'castiel and dean winchester are roommates', 'teen and up audiences', 'fluff and humor'}"
Supernatural,18541525,"{'plot what plot/porn without plot', 'mature', 'fluff'}"
Supernatural,18471772,"{'family', 'friendship', 'teen and up audiences', 'monsters'}"
Supernatural,18540322,"{'flirting', 'general audiences', 'au'}"
Supernatural,18540184,"{'crack treated seriously', 'fluff', 'not rated'}"
Supernatural,16475888,"{'anxiety', 'dean winchester is bad at feelings', 'teen and up audiences'}"
Supernatural,18539914,"{'explicit', 'vaginal sex', 'shameless smut', 'hunters & hunting', 'plot what plot/porn without plot', 'semi-public sex', 'smut', 'sex', 'rough sex', 'dirty talk'}"
Supernatural,17840054,"{'explicit', 'alpha/beta/omega dynamics', 'first time', 'mating bond', 'alpha sam winchester', 'true mates', 'anal sex', 'rimming', 'mating cycles/in heat', 'omega castiel (supernatural)', 'knotting', 'topping from the bottom', 'anal fingering', 'slow build', 'scenting', 'omega castiel/alpha dean winchester', 'top dean winchester', 'alpha dean winchester', 'oral sex', 'bottom castiel (supernatural)', 'bottom castiel/top dean winchester', 'alternate universe', 'pining dean winchester'}"
Supernatural,18231044,"{'explicit', 'gay sex', 'porn with feelings', 'sibling incest', 'explicit language', 'wincest - freeform', 'alternate universe - college/university', 'mental health issues', 'porn with plot', 'gay', 'explicit sexual content', 'slow build', 'fluff and smut', 'incest', 'slow burn', 'college', 'post-traumatic stress disorder - ptsd', 'magic', 'threesome - m/m/m'}"
Supernatural,17547887,"{'explicit', 'recreational drug use', 'blow jobs', 'polyamory', 'switch castiel', 'mind games', 'bottom sam', 'sharing a bed', 'pining', 'wincest - freeform', 'dom/sub undertones', 'anal sex', 'rape/non-con elements', 'werewolves', 'case fic', 'rape recovery', 'anal fingering', 'sharing clothes', 'hunter castiel (supernatural)', 'incest', 'kidnapping', 'twincest', 'bottom dean winchester'}"
Supernatural,11232600,"{'mind games', 'rape recovery', 'post-traumatic stress disorder - ptsd', 'hurt/comfort', 'alternate universe - canon divergence', 'romance', 'time travel', 'emotional hurt/comfort', 'not rated'}"
Supernatural,18538972,"{'alpha/beta/omega dynamics', 'not rated'}"
Supernatural,18538870,"{'general audiences', 'domestic castiel/dean winchester', 'misunderstandings', 'alternate universe'}"
Supernatural,17718662,"{'explicit', 'hurt/comfort', 'wing kink', 'first dates', 'angst with a happy ending', 'established gabriel/sam winchester', 'smart dean winchester', 'established castiel/dean winchester', 'mpreg', 'fluff', 'canon-typical violence', 'alternate universe', 'romance'}"
Supernatural,17534351,"{'explicit', 'vaginal sex', 'angst and fluff and smut', 'fluff and smut', 'eventual smut', 'eventual romance', 'dreams', 'oral sex', 'blow jobs', 'fluff and angst', 'smut', 'sex', 'adventure & romance', 'vaginal fingering', 'masturbation', 'angst'}"
Supernatural,14826722,"{'angst', 'slow romance', 'eventual smut', 'slow burn', 'fluff and angst', 'slow build', 'demon dean winchester', 'fluff and smut', 'fluff', 'not rated'}"
Supernatural,18538507,"{'canon compliant', 'general audiences', 'season/series 14', 'feelings', 'light angst'}"
Supernatural,18538492,"{'blood', 'whump', 'stabbing', 'teen and up audiences'}"
Supernatural,18442499,"{'protective dean winchester', 'slow romance', 'falling in love', 'eventual smut', 'sexism', 'alpha/beta/omega dynamics', 'mature', 'alpha sam winchester', 'first meetings', 'alpha/omega', 'omega castiel (supernatural)', 'family feels', 'alpha gabriel (supernatural)', 'alpha dean winchester', 'first kiss'}"
Supernatural,18537802,"{'mature', 'getting together', 'coming out', 'twincest', 'college', 'polyamory', 'implied sexual content', 'alternate universe - human'}"
Supernatural,18537730,"{'angry dean winchester', 'episode: s14e19 jack in the box', 'father-son relationship', 'family drama', 'protective castiel (supernatural)', 'season/series 14', 'teen and up audiences', 'angst'}"
Supernatural,18537652,"{'friendship', 'mature', 'alternate universe - fantasy', 'fluff', 'slow burn', 'emotional hurt/comfort', 'touch-starved dean winchester', 'hurt/comfort', 'friends to lovers', 'alternate universe', 'healing', 'domestic fluff', 'alternate universe - modern with magic'}"
Supernatural,18516868,"{'protective dean winchester', ""john winchester's a+ parenting"", 'teen dean winchester', 'teen and up audiences'}"
Supernatural,18144026,"{'general audiences', 'flashbacks', 'demons', 'witches', 'magic'}"
Supernatural,11537346,"{'hurt/comfort', 'emotional hurt/comfort', 'mature', 'abduction', 'explicit sexual content', 'family feels', 'hunters & hunting', 'magic'}"
Supernatural,14476083,"{'angels', 'family feels', 'implied/referenced torture', 'canon-typical violence', 'alternate universe - canon divergence', 'alternate universe', 'teen and up audiences'}"
Supernatural,17376236,"{'explicit', 'biting', 'spanking', 'manhandling', 'marking', 'top castiel', 'bdsm', 'knifeplay', 'past torture', 'alcohol abuse/alcoholism', 'angst', 'unhealthy coping mechanisms', ""john winchester's a+ parenting"", 'smut', 'rimming', 'sub dean', 'rough sex', 'bondage', 'dom castiel (supernatural)', 'semi-public sex', 'alternate universe - human', 'switching', 'orgasm denial', 'butt plugs', 'bottom dean winchester', 'oral sex'}"
Supernatural,17979761,"{'alternate universe - supernatural (tv) fusion', 'angry dean', 'au', 'angst', 'torture', 'protective dean', ""john winchester's a+ parenting"", 'young dean winchester', 'supernatural - freeform', 'nightmares', 'bisexual dean winchester', 'general audiences', 'kidnapping', 'apocalypse', 'post-traumatic stress disorder - ptsd'}"
Supernatural,18361889,"{""sam winchester's demonic powers"", 'psychological trauma', 'past torture', 'not rated', 'explicit language', 'mental health issues', 'character death', 'implied/referenced torture', 'supernatural elements', 'violence', 'aftermath of torture', 'mental instability', 'canon-typical violence', 'temporary character death', 'crossover'}"
Supernatural,18536824,"{'tumblr prompt', 'touch-starved dean winchester', 'teen and up audiences', 'fluff'}"
Supernatural,16579598,"{'explicit', 'top dean winchester', 'hurt/comfort', 'bottom castiel', 'drama', 'angst'}"
Supernatural,17546156,"{'werewolves', 'mature', 'protective dean winchester', 'hurt sam winchester', 'other additional tags to be added', 'protective gabriel', 'master/pet', 'alternate universe', 'alpha/beta/omega dynamics'}"
Supernatural,18536476,"{'explicit', 'light bondage', 'top castiel/bottom dean winchester'}"
Supernatural,18536182,"{'mature', 'sick sam winchester', 'established gabriel/sam winchester', 'romantic fluff', 'happy ending'}"
Supernatural,18536113,"{'child abuse', 'mature', 'father-son relationship', 'character death'}"
Supernatural,16337522,"{'explicit', 'spanking', 'public sex', 'face-fucking', 'mutual masturbation', 'dirty talk', 'edgeplay', 'quickies', 'rough sex', 'teasing', 'praise kink', 'shower sex', 'orgasm denial', 'oral sex', 'light bondage', 'kissing', 'vaginal fingering', 'implied sexual content'}"
Supernatural,7332901,"{'explicit', 'omega gabriel', 'alpha sam', 'attempted rape/non-con', 'hurt/comfort', 'alpha/beta/omega dynamics', 'john winchester being an asshole', 'emotional hurt/comfort', ""john winchester's a+ parenting"", 'anal sex', 'rape/non-con elements', 'alpha castiel', 'mating cycles/in heat', 'other additional tags to be added', 'sexual assault', 'violence', 'anal fingering', 'slow burn', 'mating bites', 'oral sex', 'omega dean'}"
Supernatural,18498622,"{'explicit', 'mating cycles/in heat', 'alpha dean', 'omega castiel', 'knotting', 'alpha/beta/omega dynamics', 'top dean', 'bottom castiel', 'happy ending', 'omega verse', 'alpha/omega'}"
Supernatural,18525778,"{'explicit', 'vaginal sex', 'blow jobs', 'oral sex'}"
Supernatural,10614756,"{'alternate universe', 'mature', 'one shot collection'}"
Supernatural,18535831,"{'pov sam winchester', 'general audiences', 'misunderstandings', 'mutual pining', 'first kiss', 'fluff'}"
Supernatural,18526648,{'general audiences'}
Supernatural,14717141,"{'explicit', 'bdsm', 'archangels', 'protective lucifer', 'mpreg', 'protective gabriel'}"
Supernatural,18535648,"{'general audiences', 'friends to lovers', 'first kiss', 'fluff'}"
Supernatural,18328370,"{'explicit', 'human castiel (supernatural)', 'angst with a happy ending', 'getting together', 'explicit sexual content', 'canon-typical violence', 'pining', 'case fic', 'oral sex', 'fluff and angst', 'smut', 'first kiss', 'fluff and smut', 'hand jobs', 'canon universe', 'hunter castiel (supernatural)'}"
Supernatural,17660303,"{'explicit', 'incest', 'heavy angst', 'bottom sam', 'wincest - freeform', 'blow jobs', 'anal sex'}"
Supernatural,11559231,{'not rated'}
Supernatural,18535093,"{'mature', 'fluff', 'boys kissing', 'the pocky game'}"
Supernatural,18534802,"{'explicit', 'master/slave', 'dom/sub', 'rape/non-con elements', 'smut', 'dubious consent'}"
Supernatural,18534700,"{'gay', 'destiel - freeform', 'fluff', 'teen and up audiences', 'human au'}"
Supernatural,17417495,"{'soulless sam winchester', 'demon dean winchester', 'teen and up audiences'}"
Supernatural,16854355,"{'protective dean winchester', 'sad castiel', 'gay castiel (supernatural)', 'bullying', 'hurt/comfort', 'abusive john winchester', 'panic attacks', 'alcohol abuse/alcoholism', 'depressed castiel (supernatural)', 'castiel loves dean winchester', 'destiel - freeform', 'hurt castiel (supernatural)', 'teen and up audiences', 'hurt dean winchester', 'dean winchester loves castiel', 'physical abuse', 'fluff and angst', 'nightmares', 'human castiel', 'homophobia', 'anxiety', 'abuse', 'alternate universe'}"
Supernatural,1012925,"{""john winchester's a+ parenting"", 'alternate universe - canon divergence', 'implied/referenced child abuse', 'teen and up audiences'}"
Supernatural,9896609,"{'explicit', 'angst with a happy ending', 'alternate universe - modern setting', 'alternate universe - college/university'}"
Supernatural,18534019,"{'angst', 'slow burn', 'case fic', 'not rated', 'swearing', 'fluff'}"
Supernatural,18367421,"{'explicit', 'bottom sam', 'top dean winchester', 'soulless sam winchester', 'plot what plot/porn without plot', 'demon dean winchester'}"
Supernatural,17934200,"{'protective dean winchester', 'domestic castiel/dean winchester', 'alternate universe - modern setting', 'hurt/comfort', 'sam winchester ships castiel/dean winchester', 'human castiel (supernatural)', 'dean is in over his head', 'teen and up audiences', 'dean winchester loves castiel', 'fluff and angst', 'castiel/dean winchester first kiss', 'hospitals', 'post-traumatic stress disorder - ptsd', 'mechanic dean winchester', 'abuse', 'implied/referenced child abuse'}"
Supernatural,17715377,"{'angst and humor', 'angst with a happy ending', 'mature', 'canon compliant', 'mpreg'}"
Supernatural,18533716,"{'alternate universe - high school', 'first kiss', 'general audiences', 'the pocky game'}"
Supernatural,4977493,"{'blood', 'au', 'teen and up audiences', 'character death'}"
Supernatural,18532507,"{'established relationship', 'mpreg', 'alpha/beta/omega dynamics', 'fluff', 'not rated'}"
Supernatural,17518088,"{'explicit', 'smut', 'angst', 'fluff'}"
Supernatural,18541960,"{'mature', 'alpha sam winchester', 'top sam winchester', 'rough sex', 'knotting', 'alpha/beta/omega dynamics', 'bottom castiel (supernatural)', 'soulless sam winchester', 'dubious consent', 'bottom castiel/top sam winchester', 'alpha castiel (supernatural)'}"
Supernatural,18527521,"{'teen and up audiences', 'fluff'}"
Supernatural,18528388,"{'mature', 'eventual romance', 'canon-typical violence', 'alternate universe - canon divergence', 'mpreg', 'lemon', 'bottom castiel (supernatural)', 'wing kink', 'bottom castiel/top dean winchester', 'wings', 'purgatory', 'wingfic', 'fluff and smut'}"
Supernatural,14235519,"{'minor character death', 'pov dean winchester', 'worried dean winchester', 'pov castiel', 'teen and up audiences', 'fix-it', 'season/series 06', 'case fic', 'pov alternating', 'human castiel', 'slow burn', 'brotherly love', 'pining dean winchester', 'temporary character death'}"
Supernatural,17826452,"{'protective dean winchester', 'not rated', ""john winchester's a+ parenting"", 'young dean winchester', 'canon-typical violence', 'pov mary winchester', 'alternate universe'}"
Supernatural,18528442,"{'general audiences', 'hurt/comfort', 'domestic fluff', 'emotional hurt/comfort', 'fluff'}"
Supernatural,14374029,"{'explicit', 'toys', 'marking', 'spanking', 'alternate universe - modern setting', 'porn with feelings', 'mutual masturbation', 'blow jobs', 'angst', ""john winchester's a+ parenting"", 'edgeplay', 'orgasm delay/denial', 'anal sex', 'teasing', 'kink negotiation', 'come marking', 'begging', 'praise kink', 'dating', 'anal fingering', 'developing relationship', 'butt plugs', 'dom castiel/sub dean winchester', 'jealous castiel (supernatural)', 'cute', 'light bondage', 'implied/referenced child abuse', 'possessive behavior'}"
Supernatural,18525400,"{'mature', 'sick dean winchester', 'hurt sam winchester', 'wincest - freeform', 'short one shot'}"
Supernatural,17522318,"{'explicit', 'soulmates'}"
Supernatural,17405342,"{'explicit', 'aftercare', 'alternate universe - modern setting', 'implied/referenced rape/non-con', 'bdsm', 'blow jobs', 'au', 'panic attacks', 'collars', 'hand jobs', 'unhealthy coping mechanisms', 'angst', 'handcuffs', 'edgeplay', 'protective castiel', 'sub dean winchester', 'exhibitionism', 'anal sex', 'rimming', 'bondage', 'frottage', 'kink negotiation', 'whipping', 'dom/sub', 'other additional tags to be added', 'fluff and angst', 'anal fingering', 'humiliation', 'self-harm', 'butt plugs', 'anxiety', 'dom castiel/sub dean winchester', 'self-hatred'}"
Supernatural,13492527,{'teen and up audiences'}
Supernatural,15982616,"{'explicit', 'homophobic language', 'love confessions', 'protective dean winchester', 'hurt/comfort', 'panic attacks', 'protective sam winchester', 'unhealthy coping mechanisms', 'angst', 'pov dean winchester', 'anal sex', 'healing', 'pov castiel', 'rough sex', 'dean winchester in denial', 'vaginal sex', 'angel wings', 'other additional tags to be added', 'team free will', 'slow build', 'friendship', 'canon-typical violence', 'first kiss'}"
Supernatural,18434489,"{'explicit', 'threesome', 'manhandling', 'alpha sam winchester', 'arguments', 'alpha castiel', 'other additional tags to be added', 'alpha dean winchester', 'threesome - m/m/m'}"
Supernatural,18528121,"{'teen and up audiences', 'light angst'}"
Supernatural,18513688,"{'mature', 'protective dean winchester', 'protective bobby singer', 'other additional tags to be added', 'protective sam winchester'}"
Supernatural,18531862,"{'explicit', 'bottom castiel (supernatural)', 'wing kink', 'bottom castiel/top dean winchester', 'anal sex', 'rough sex'}"
Supernatural,18352028,"{'explicit', 'omega sam winchester', 'scent marking', 'alternate universe - modern setting', 'gay sex', 'eventual smut', 'alpha/beta/omega dynamics', 'sex', 'romantic fluff', 'mating bond', 'teen romance', 'mating', 'anal sex', 'smut', 'alpha gabriel', 'mating cycles/in heat', 'angst and fluff and smut', 'eventual romance', 'other additional tags to be added', 'mpreg', 'dating', 'alternate universe - high school', 'scenting', 'fluff and smut', 'omega castiel/alpha dean winchester', 'shower sex', 'omega castiel', 'mating bites', 'alpha dean winchester', 'oral sex', 'alternate universe', 'romance', 'flirting'}"
Supernatural,14806841,"{'explicit', 'alternate universe- no supernatural', 'protective dean winchester', 'gay castiel (supernatural)', 'bullying', 'depression', 'jealous dean winchester', 'boys kissing', 'angst', ""john winchester's a+ parenting"", 'protective castiel', 'making out', 'other additional tags to be added', 'slow build castiel/dean winchester', 'protective gabriel', 'alternate universe - high school', 'fluff', 'underage drinking', 'slow burn'}"
Supernatural,5415854,"{'explicit', 'sexism', 'john winchester being an asshole', 'sexual tension', 'kind of', 'alcohol', 'flirting'}"
Supernatural,16648322,"{'family', 'friendship', 'hurt/comfort', 'alternate universe - canon divergence', 'time travel', 'family fluff', 'teen and up audiences', 'angst'}"
Supernatural,16697482,"{'emotional/psychological abuse', 'torture', 'mature', 'family', 'friendship', 'self-harm', 'suicide attempt', 'hurt/comfort', 'post-traumatic stress disorder - ptsd', 'grief/mourning', 'psychological trauma', 'emotional hurt/comfort'}"
Supernatural,16769326,"{'mature', 'hurt castiel', 'hurt sam winchester', 'team free will', 'humor'}"
Supernatural,18530575,"{'general audiences', 'family feels', 'domestic fluff', 'season/series 14', 'family fluff', ""castiel and dean winchester and sam winchester are jack kline's parents""}"
Supernatural,18530311,"{'mature', 'sibling incest', 'romantic fluff', 'family fluff', 'fluff and smut', 'light angst'}"
Supernatural,656672,"{'friendship', 'ptsd', 'mature', 'cuddling & snuggling', 'hurt/comfort', 'rape recovery', 'aftermath of torture', 'angst'}"
Supernatural,18219254,"{'general audiences', 'fantasy', 'alternate universe - canon divergence', 'alternate universe', 'fluff'}"
Supernatural,6328672,"{'explicit', 'homophobia', 'psychological torture', 'horror', 'whipping', 'frottage', 'homophobic language', 'ghosts', 'post-traumatic stress disorder - ptsd', 'blow jobs', 'anal sex', 'hand jobs', 'masturbation'}"
Supernatural,18529378,"{'explicit', 'voyeurism', 'porn', 'one night stands', 'demon dean winchester', 'dirty talk', 'bottom dean winchester', 'anal sex', 'blow jobs', 'rimming', 'smut', 'demonic possession'}"
Supernatural,17803733,"{'high school', 'abuse', 'teen and up audiences', 'fluff', 'angst'}"
Supernatural,18529078,"{'boyfriends', 'teen and up audiences', 'fluff'}"
Supernatural,18465322,"{'explicit', 'bdsm', 'sibling incest', 'wincest - freeform', 'panty kink', 'physical abuse', 'dubious consent', 'incest', 'butt plugs', 'light bondage'}"
Supernatural,18528028,"{'emotional hurt', 'implied relationships', 'not rated', 'heartbreak', 'angst'}"
Supernatural,16331225,"{'explicit', 'hurt/comfort', 'switch castiel', 'pov dean winchester', 'anal sex', 'pov castiel', 'switch dean winchester', 'pov sam winchester', 'top sam winchester', 'human au', 'mechanic dean winchester'}"
Supernatural,18527695,"{""i'm sorry"", 'episode: s14e19 jack in the box', 'heavy angst', 'hurt no comfort', 'dean is in over his head', 'teen and up audiences', 'angst'}"
Supernatural,16791418,"{'explicit', 'torture', 'hurt/comfort', 'aftermath of torture'}"
Supernatural,18527251,"{'coda', 'fluff', 'dean winchester uses actual words', 'not rated'}"
Supernatural,18527320,"{'explicit', 'implied/referenced rape/non-con', 'size kink', 'praise kink', 'master/pet', 'rape/non-con elements', 'daddy kink', 'wing kink'}"
Supernatural,16066781,"{'texting', 'karaoke', 'mutual pining', 'sam winchester ships castiel/dean winchester', 'angst with a happy ending', 'teen and up audiences', 'pov multiple', 'castiel and dean winchester need to use their words', 'self-esteem issues'}"
Supernatural,18288533,"{'angel wings', 'alternate universe - canon divergence', 'protective castiel (supernatural)', 'wingfic', 'not rated'}"
Supernatural,18525895,"{'general audiences', 'dean winchester uses actual words', 'one shot', 'alternate universe - human'}"
Supernatural,18513079,{'not rated'}
Supernatural,17619866,"{'explicit', 'misunderstandings', 'sex in/on the impala (supernatural)', 'blow jobs', 'drama', 'hand jobs', 'anal sex', 'smut', 'frottage', 'unplanned pregnancy', 'socially awkward castiel (supernatural)', 'fluff', 'homophobia', 'bisexual dean winchester', 'light angst', 'parenthood', 'mechanic dean winchester', 'romance', 'flirting'}"
Supernatural,13010541,"{'alpha/beta/omega dynamics', 'omega dean', 'teen and up audiences', 'alpha castiel (supernatural)'}"
Supernatural,18525712,"{'explicit', 'frottage', 'established relationship', 'love confessions'}"
Supernatural,18525517,"{'explicit', 'public sex', 'sub!dean', 'dreams', 'anal sex'}"
Supernatural,18416240,"{'explicit', 'slow burn', 'alternate universe - canon divergence', 'fluff and angst', 'bottom castiel/top sam winchester', 'angst'}"
Supernatural,16869238,"{'explicit', 'tumblr prompt'}"
Supernatural,18397094,"{'pie', 'eventual smut', 'falling in love', 'sex in/on the impala (supernatural)', 'sex', 'not rated', 'witches', 'masturbation', 'eventual romance', 'fluff and smut', 'fluff', 'sex toys', 'shower sex', 'oral sex', 'magic', 'domestic fluff', 'vaginal fingering', 'secret relationship', 'friendship/love'}"
Supernatural,18360947,"{'love confessions', 'domestic castiel/dean winchester', 'falling in love', 'emotional hurt/comfort', 'coming out', 'angst with a happy ending', 'other additional tags to be added', 'touch-starved dean winchester', 'fluff and angst', 'castiel/dean winchester first kiss', 'bisexual dean winchester', 'general audiences', 'slow burn', 'mechanic dean winchester'}"
Supernatural,14829357,"{'explicit', 'hurt/comfort', 'psychological trauma', 'angst', 'torture', 'emotional/psychological abuse', 'past rape/non-con', 'stabbing', ""castiel and dean winchester and sam winchester are jack kline's parents"", 'suicidal thoughts', 'character death', 'bondage', 'implied/referenced self-harm', 'nightmares', 'blindfolds', 'self-harm', 'post-traumatic stress disorder - ptsd', 'grief/mourning'}"
Supernatural,18525019,"{'idiots in love', 'first time', 'mutual pining', 'mature', 'nsfw', 'lying', 'sweet dean winchester', 'love', 'mild smut', 'vaginal fingering', 'fluff', 'getting together', 'stripping', 'friends to lovers', 'oral sex'}"
Supernatural,16428992,"{'witches', 'teen and up audiences'}"
Supernatural,17784566,"{'human castiel (supernatural)', 'team free will', 'socially awkward castiel (supernatural)', 'friendship', 'general audiences', 'kidnapping', 'magic', 'betrayal', 'spells & enchantments', 'alcohol', 'crack treated seriously', 'awkwardness', 'men of letters bunker (supernatural)', 'archangels', 'character death', 'vampires', 'bisexual dean winchester', 'hospitals', 'light angst', 'angels', 'misunderstandings', 'purgatory', 'one shot collection', 'family', 'witchcraft', 'cute'}"
Supernatural,18173294,"{'explicit', ""john winchester's a+ parenting"", 'twincest', 'smut'}"
Supernatural,18178481,"{'love confessions', 'bisexual dean winchester', 'mature', 'artist castiel (supernatural)', 'falling in love', 'alternate universe - college/university', ""chuck shurley is castiel's parent"", 'socially awkward castiel (supernatural)', 'alternate universe', 'childhood trauma'}"
Supernatural,18524497,"{'angry dean winchester', ""i'm sorry"", 'hurt no comfort', 'not rated', 'alternate universe - canon divergence', 'sad dean winchester', 'depressed castiel (supernatural)', 'angst'}"
Supernatural,12186444,"{'mature', 'wincest - freeform', 'au'}"
Supernatural,10686864,"{'explicit', 'spanking', 'alpha dean', 'minor character death', 'top castiel', 'alpha/beta/omega dynamics', 'top dean', 'polyamory', 'bottom dean', 'object insertion', 'angst', 'orgasm delay/denial', 'sub!dean', 'anal sex', 'rape/non-con elements', 'exhibitionism', 'claiming bites', 'alpha castiel (supernatural)', 'bondage', 'domestic', 'mating cycles/in heat', 'voyeurism', 'dom/sub', 'pack dynamics', 'mpreg', 'topping from the bottom', 'dubious consent', 'bamf castiel (supernatural)', 'self-harm', 'slow burn', 'punishment'}"
Supernatural,18524359,"{'teen and up audiences', 'fluff', 'angst'}"
Supernatural,18524185,"{'general audiences', 'alpha/beta/omega dynamics'}"
Supernatural,17188382,"{'mature', 'dom castiel/sub dean winchester', 'smut'}"
Supernatural,18524056,"{'teen and up audiences', ""i'm sorry""}"
Supernatural,18176810,"{'explicit', 'miscommunication', 'minor character death', 'castiel and dean winchester have a profound bond', 'alpha/beta/omega dynamics', 'family drama', 'protective castiel (supernatural)', 'first time', 'panic attacks', 'mating bond', 'angst', 'alpha sam winchester', 'true mates', 'loss of virginity', 'alpha castiel/omega dean winchester', 'smart dean winchester', 'knotting', 'bamf castiel (supernatural)', 'jealous castiel (supernatural)', 'first kiss', 'happy ending'}"
Supernatural,13062873,"{'crossover', 'teen and up audiences'}"
Supernatural,18523825,"{'hurt/comfort', 'implied/referenced child abuse', 'teen and up audiences'}"
Supernatural,18188270,"{'protective dean winchester', 'hurt/comfort', 'alpha/beta/omega dynamics', 'protective castiel (supernatural)', 'mating bond', 'mature', 'true mates', 'mating', 'hurt dean winchester', 'alpha castiel (supernatural)', 'mating cycles/in heat', 'fluff and smut', 'canon-typical violence', 'omega dean'}"
Supernatural,18314831,"{'explicit', 'bickering', 'blow jobs', 'knifeplay', 'romantic fluff', 'communication', 'hand jobs', 'human castiel (supernatural)', 'sexual content', 'castiel/dean winchester first kiss', 'established relationship', 'domestic fluff'}"
Supernatural,14068389,"{'drama', 'teen and up audiences'}"
Supernatural,18523450,"{'explicit', 'aftercare', 'multiple orgasms', 'sibling incest', 'bottom dean winchester/top sam winchester', 'orgasm control', 'sub dean winchester', 'threesome - f/m/m', 'anal sex', 'supernatural kink bingo 2019', 'masturbation', 'vaginal sex', 'voyeurism', 'dom/sub', 'dom sam winchester', 'anal fingering', 'sex toys', 'established relationship', 'incest', 'stripping', 'anal plug', 'oral sex', 'vaginal fingering'}"
Supernatural,16644290,"{'explicit', 'mating cycles/in heat', 'angst', 'minor character death', 'slow burn', 'mating bites', 'good parents john winchester & mary winchester', 'hurt/comfort', 'alpha/beta/omega dynamics', 'true mates', 'alpha castiel/omega dean winchester', 'smut', 'mating bond', 'fluff'}"
Supernatural,18523408,"{'nsfw', 'mature', 'smut', 'angst'}"
Supernatural,18522955,"{'canonical character death', 'episode: s14e19 jack in the box', 'grief/mourning', 'season/series 14', 'teen and up audiences', 'angst'}"
Supernatural,18522949,"{'blood', 'fluff and angst', 'teen and up audiences'}"
Supernatural,17123816,"{'explicit', 'mutual pining', 'angst', 'angst with a happy ending', 'alternate universe - canon divergence', 'unplanned pregnancy', 'case fic', 'top dean winchester', 'bottom castiel (supernatural)'}"
Supernatural,18522835,"{'domestic fluff', 'fluff', 'general audiences'}"
Supernatural,18522724,"{'fluff and angst', 'general audiences'}"
Supernatural,18079133,"{'destiel - freeform', 'general audiences', 'soulmate-identifying marks', 'sabriel - freeform'}"
Supernatural,18361127,"{'bisexual dean winchester', 'mature', 'hunters & hunting', 'sharing a bed', 'cuddling & snuggling', 'castiel and dean winchester need to use their words', 'castiel loves dean winchester', 'dean winchester loves castiel', 'teasing', 'first kiss', 'fluff and smut', 'monsters'}"
Supernatural,18522655,"{'protective dean winchester', 'angst with a happy ending', 'angst and hurt/comfort', 'not rated'}"
Supernatural,17935055,"{'fluff and hurt/comfort', 'mature', 'established gabriel/sam winchester', 'protective siblings', 'meet-cute'}"
Supernatural,17762633,"{'explicit', 'ptsd', 'grief/mourning', 'sexual harassment', 'alcohol abuse/alcoholism'}"
Supernatural,18030599,"{'angst', 'mature', 'blood and torture', 'attempted rape/non-con', 'alpha/beta/omega dynamics', 'omega dean winchester', 'blood and injury', 'au', 'alpha castiel', 'blood and violence'}"
Supernatural,18226139,{'teen and up audiences'}
Supernatural,18197915,"{'explicit', 'betrayal', 'angst', 'sub dean winchester', 'porn with plot', 'light dom/sub', 'fluff', 'humor'}"
Supernatural,18521572,"{'explicit', 'domestic', 'feelings', 'fluff', 'angst'}"
Supernatural,18521545,"{'explicit', 'implied/referenced rape/non-con', 'misunderstandings', 'sick dean winchester', 'hurt/comfort', 'alpha/beta/omega dynamics', 'alpha castiel/omega dean winchester', 'dubious consent', 'omega dean', 'past abuse', 'alpha castiel (supernatural)'}"
Supernatural,15694017,"{'mature', 'alpha/alpha', 'alpha dean', 'jealousy', 'knotting', 'alpha/beta/omega dynamics', 'scenting', 'dean winchester in denial', 'alpha castiel'}"
Supernatural,18521416,"{'established castiel/dean winchester', 'general audiences', 'internalized homophobia'}"
Supernatural,17671538,"{'protective dean winchester', 'scent marking', 'attempted rape/non-con', 'bottom castiel', 'mature', 'true mates', 'pov castiel', 'bamf dean winchester', 'omega castiel (supernatural)', 'fluff', 'omega castiel/alpha dean winchester', 'bamf castiel (supernatural)', 'top dean winchester', 'alpha dean winchester'}"
Supernatural,17096402,"{'explicit', 'protective dean winchester', 'castiel and dean winchester have a profound bond', 'alpha/beta/omega dynamics', 'mutual pining', 'angst with a happy ending', 'alpha castiel/omega dean winchester', 'porn with plot', 'canonical character death', 'explicit sexual content', 'fluff and smut', 'canon-typical violence', 'friends to lovers', 'temporary character death', 'happy ending'}"
Supernatural,18501949,"{'love confessions', 'alternate universe- no supernatural', 'destiel - freeform', 'mature', 'fluff and angst', 'cute', 'mild smut', 'emotional hurt/comfort'}"
Supernatural,18517174,"{'explicit', 'top castiel (supernatural)', 'porn with feelings', 'bdsm', 'mutual pining', 'dirty talk', 'sub dean winchester', 'bondage', 'porn with plot', 'dom castiel (supernatural)', 'eventual romance', 'other additional tags to be added', 'top castiel/bottom dean winchester', 'dom castiel/sub dean winchester', 'friends to lovers', 'bottom dean winchester'}"
Supernatural,18521236,"{'explicit', 'established relationship', 'bisexual dean winchester', 'frottage', 'gay castiel (supernatural)', 'pov dean winchester', 'kid fic', 'teacher dean winchester', 'blow jobs', 'domestic fluff', 'anal fingering', 'fluff and smut', 'hand jobs', 'alternate universe - human'}"
Supernatural,18519016,"{'explicit', 'happy ending', 'alternate universe - college/university', 'slow burn', 'enemies to friends to lovers', 'slow build castiel/dean winchester', 'eventual romance', 'eventual smut', 'other additional tags to be added', 'canon-typical violence', 'alternate universe - modern with magic'}"
Supernatural,11764509,"{'friendship', 'general audiences', 'humor', 'hurt/comfort', 'angst'}"
Supernatural,18090614,"{'explicit', 'protective dean winchester', 'daddy issues', 'sex', 'john winchester being an asshole', 'angst', 'cheating', ""john winchester's a+ parenting"", 'swearing', 'smut', 'hurt dean winchester', 'masturbation', 'supernatural elements', 'dubious consent', 'fluff', 'oral sex', 'dean winchester being an asshole', 'daddy kink'}"
Supernatural,18158813,"{'emotional hurt/comfort', 'human castiel (supernatural)', 'mature', 'suicide attempt', 'alternate universe - canon divergence', 'suicidal thoughts', 'dean winchester uses actual words', 'dark', 'self-harm', 'hospitals', 'self-hatred'}"
Supernatural,16914456,"{'protective dean winchester', 'comfort/angst', 'hugs', 'pain', 'hurt castiel', 'pov multiple', 'human castiel', 'general audiences', 'bamf castiel (supernatural)', 'slow burn', 'dean winchester is bad at feelings'}"
Supernatural,18516538,{'not rated'}
Supernatural,16248644,"{'explicit', 'gay', 'destiel - freeform', 'horror', 'murder', 'supernatural - freeform', 'alternate universe - supernatural (tv) fusion', 'nsfw', 'smut', 'alternate universe'}"
Supernatural,18565405,"{'explicit', 'threesome', 'rimming', 'daddy kink', 'season/series 14', 'threesome - m/m/m'}"
Supernatural,18516181,"{'teen and up audiences', 'episode: s14e19 jack in the box'}"
Supernatural,18380057,"{'fix-it', 'episode: s14e19 jack in the box', 'teen and up audiences'}"
Supernatural,18515284,"{'destiel - freeform', 'humor', 'teen and up audiences'}"
Supernatural,15522204,"{'explicit', 'strangers to lovers', 'alpha/omega', 'top castiel/bottom dean winchester', 'top castiel', 'alpha castiel/omega dean winchester', 'bottom dean', 'omega dean', 'a/b/o', 'alpha castiel (supernatural)', 'angst'}"
Supernatural,18515836,"{'canonical character death', 'general audiences', 'episode: s14e18 absence', 'coda', 'angst'}"
Supernatural,16071389,"{'mature', 'past rape/non-con', 'alternate universe - modern setting', 'explicit language', 'soulmates', 'post-traumatic stress disorder - ptsd', 'mpreg', 'alpha/beta/omega dynamics', 'panic attacks', 'anxiety attacks', 'past abuse'}"
Supernatural,18193886,"{'explicit', 'omega sam', 'sad castiel', 'falling in love', 'top dean', 'alpha john winchester', 'soulmate-identifying marks', 'sex', 'omega mary winchester', 'hurt castiel', 'mating', 'hurt dean winchester', 'alpha gabriel', 'hard times', 'other additional tags to be added', 'mpreg', 'love at first sight', 'alternate universe - soulmates', 'omega castiel', 'alpha dean winchester'}"
Supernatural,18515524,{'general audiences'}
Supernatural,17627555,"{'teen dean winchester', 'teen and up audiences'}"
Supernatural,18519862,"{'drinking', 'no smut', 'karaoke', 'witches', 'fluff and angst', 'minor violence', 'adventure & romance', 'teen and up audiences', 'fluff and humor'}"
Supernatural,18220538,"{'werewolves', 'teen and up audiences'}"
Supernatural,16260272,"{'explicit', 'one night stands', 'developing relationship', 'eventual smut', 'hunters & hunting', 'apocalypse', 'supernatural elements', 'other additional tags to be added', 'implied sexual content', 'fluff and angst', 'anxiety attacks', 'angst'}"
Supernatural,17582378,"{'destiel - freeform', 'slow burn', 'feelings', 'teen and up audiences'}"
Supernatural,18496369,"{'explicit', 'kidnapping', 'pining', 'mpreg', 'kid fic', 'teacher dean winchester', 'alpha castiel/omega dean winchester', 'alpha/omega'}"
Supernatural,18518548,"{'teen and up audiences', 'minor character death', 'boyfriends'}"
Supernatural,14525577,"{'explicit', 'castiel and dean winchester have a profound bond', 'hurt/comfort', 'panic attacks', 'emotional hurt/comfort', 'castiel loves dean winchester', 'torture', 'explicit language', ""john winchester's a+ parenting"", 'protective bobby singer', 'rape/non-con elements', 'hurt dean winchester', 'other additional tags to be added', 'dean winchester loves castiel', 'aftermath of torture', 'bamf castiel (supernatural)', 'post-traumatic stress disorder - ptsd', 'blood and gore'}"
Supernatural,18517630,"{'hurt sam winchester', 'grief/mourning', 'teen and up audiences', 'hurt dean winchester'}"
Supernatural,17821385,"{'explicit', 'angry sex', 'sex in/on the impala (supernatural)', 'dirty talk', 'anal sex', 'smut', 'rimming', 'exhibitionism', 'breeding kink', 'porn with plot', 'frottage', 'blasphemy', 'come swallowing', 'bamf castiel (supernatural)', 'top castiel/bottom dean winchester', 'oral sex'}"
Supernatural,17968829,"{'au', 'teen and up audiences'}"
Supernatural,18484810,{'mature'}
Supernatural,17740118,"{'angst and hurt/comfort', 'other additional tags to be added', 'panic attacks', 'past torture', 'teen and up audiences', 'past abuse', 'hurt dean winchester'}"
Supernatural,18430622,{'mature'}
Supernatural,7677037,"{'texting', 'minor character death', 'au', 'emotional hurt/comfort', 'angst', 'torture', 'angst with a happy ending', 'mature', 'abduction', 'masturbation', 'frottage', 'dating', 'fluff', 'alternate universe - human', 'canon-typical violence'}"
Supernatural,18516628,"{'angry dean winchester', 'angst and feels', 'post-episode: s14e19 jack in the box', 'angst and hurt/comfort', ""castiel and dean winchester and sam winchester are jack kline's parents"", 'hurt dean winchester', 'implied relationships', 'coda', 'teen and up audiences'}"
Supernatural,18516355,"{'explicit', 'orgasm denial', 'spanking', 'dom castiel (supernatural)', 'butt plugs', 'top castiel/bottom dean winchester', 'dom/sub', 'dom castiel/sub dean winchester', 'bdsm', 'oral sex', 'orgasm delay/denial', 'bottom dean winchester', 'sub dean winchester', 'sex toys'}"
Supernatural,13566900,"{'explicit', 'tags may change', 'switch castiel', 'pov alternating', 'pov sam winchester', 'pov dean winchester', 'slow burn', 'pov castiel'}"
Supernatural,16535099,"{'explicit', 'recreational drug use', 'hurt/comfort', 'alcohol abuse/alcoholism', 'torture', 'protective bobby singer', 'protective castiel', 'i wrote this instead of sleeping', 'dean is in over his head', 'explicit sexual content', 'self-esteem issues', 'canon-typical violence', 'slow burn', 'self-hatred'}"
Supernatural,13942857,"{'wincest - freeform', 'dreams', 'demonic possession', 'teen and up audiences', 'awesome bobby singer', 'angst'}"
Supernatural,12002484,"{'explicit', 'family', 'alternate universe - human'}"
Supernatural,17366933,"{'alternate universe- no supernatural', 'mature'}"
Supernatural,12292116,"{'other additional tags to be added', 'teen and up audiences', 'reader-insert'}"
Supernatural,18226118,"{'bisexual dean winchester', 'light angst', 'mature', 'protective dean winchester', 'angst with a happy ending', 'castiel and dean winchester need to use their words', ""chuck shurley is castiel's parent"", 'dean winchester loves castiel', 'teacher dean winchester', 'good parents john winchester & mary winchester', 'hurt dean winchester', 'castiel loves dean winchester'}"
Supernatural,18514639,{'general audiences'}
Supernatural,18514609,"{'pov dean winchester', 'no smut', 'teen and up audiences'}"
Supernatural,18504487,"{'not canon compliant', 'betrayal', 'not rated'}"
Supernatural,18514024,"{'explicit', 'frottage', 'canon compliant', 'explicit language', 'explicit sexual content', 'angry dean', 'grief/mourning', 'anal sex', 'coda'}"
Supernatural,10976571,"{'domestic castiel/dean winchester', 'teen and up audiences'}"
Supernatural,18355580,"{'wincest - freeform', 'supernatural elements', 'hurt sam winchester', 'teen and up audiences', 'character death'}"
Supernatural,18512293,"{'mature', 'alternate universe', 'smut', 'anal sex', 'fluff', 'boys kissing', 'character death'}"
Supernatural,18513610,"{'love confessions', 'bisexual dean winchester', 'not rated', 'one shot', 'sam winchester ships castiel/dean winchester', 'first kiss', 'fluff'}"
Supernatural,18513439,"{'hurt no comfort', 'hurt sam winchester', 'episode: s14e18 absence', 'teen and up audiences', 'angst'}"
Supernatural,18488980,{'explicit'}
Supernatural,18320171,{'teen and up audiences'}
Supernatural,14117157,"{'explicit', 'friendship', 'action/adventure', 'torture', 'psychological torture', 'other additional tags to be added', 'hurt/comfort', 'blood and injury', 'whump', 'crossover', 'drama', 'angst'}"
Supernatural,18513265,"{'crack treated seriously', 'teen and up audiences'}"
Supernatural,18444296,"{'established relationship', 'angst with a happy ending', 'angst and feels', 'destiel - freeform', 'domestic castiel/dean winchester', 'established castiel/dean winchester', 'depressed dean winchester', 'alternate universe', 'alcohol abuse/alcoholism', 'teen and up audiences'}"
Supernatural,13917264,"{'michael possessing dean winchester', 'mature'}"
Supernatural,17591294,"{'explicit', 'eventual smut', 'depression', 'hurt/comfort', 'mutual pining', 'lawyer sam winchester', 'panic attacks', 'depressed castiel (supernatural)', 'angst with a happy ending', 'heavy angst', 'artist castiel (supernatural)', 'mental health issues', 'implied/referenced self-harm', 'fluff and angst', 'self-harm', 'anxiety attacks'}"
Supernatural,18512683,"{'hurt/comfort', 'fluff', 'not rated'}"
Supernatural,18512569,"{'explicit', 'spanking', 'mutual masturbation', 'one shot', 'first time', 'mildly dubious consent', 'dirty talk', 'destiel - freeform', 'shameless smut', 'anal sex', 'rimming', 'exhibitionism', 'smut', 'teasing', 'masturbation', 'voyeurism', 'sexual tension', 'anal fingering', 'light dom/sub', 'top castiel/bottom dean winchester', 'plot what plot/porn without plot'}"
Supernatural,14970605,"{'mature', ""john winchester's a+ parenting"", 'mpreg'}"
Supernatural,18512287,"{'teen and up audiences', 'domestic castiel/dean winchester'}"
Supernatural,18512359,"{'human castiel (supernatural)', 'general audiences', 'pining', 'alternate universe - high school', 'first kiss', 'happy ending'}"
Supernatural,18512005,"{'mental instability', 'horror', 'case fic', 'alternate universe - canon divergence', 'blood', 'teen and up audiences', 'monsters', 'mild gore'}"
Supernatural,18511831,"{'general audiences', 'alternate universe - fantasy'}"
Supernatural,18511750,"{'explicit', 'biting', 'marking', 'first time', 'hand jobs', 'alternate universe - fantasy', 'alternate universe - canon divergence', 'other additional tags to be added', 'topping from the bottom', 'anal fingering', 'top castiel/bottom dean winchester', 'first time blow jobs'}"
Supernatural,11983293,"{'teen and up audiences', 'other additional tags to be added'}"
Supernatural,18511552,"{'established castiel/dean winchester', 'general audiences', 'angst'}"
Supernatural,18511504,"{'brothers', 'spanking', 'general audiences', 'family feels', 'comfort/angst', 'pov dean winchester', 'brotherly love', 'alternate universe - canon divergence', 'punishment', 'alternate universe', 'fluff and angst', 'teen dean winchester'}"
Supernatural,18511297,"{'pov dean winchester', 'men of letters bunker (supernatural)', 'sexism', 'teen and up audiences', 'angst'}"
Supernatural,18351767,"{'explicit', 'gay sex', 'alternate universe - modern setting', 'other additional tags to be added', 'minor character death'}"
Supernatural,18511267,"{'explicit', 'angry sex', 'plot what plot/porn without plot', 'smut', 'rough sex'}"
Supernatural,18511132,"{'human castiel (supernatural)', 'drinking', 'getting together', 'alternate universe - soulmates', 'soulmates', 'alternate universe', 'first kiss', 'teen and up audiences', 'flirting'}"
Supernatural,18387422,"{'depression', 'family drama', 'lawyer sam winchester', 'fluff and angst', 'minor violence', 'sweet dean winchester', 'teen and up audiences'}"
Supernatural,5034160,"{'explicit', 'family', 'omega sam', 'alpha dean', ""john winchester's a+ parenting"", 'family feels', 'slow burn', 'alpha/beta/omega dynamics', 'alpha john winchester', 'angst'}"
Supernatural,16192976,"{'explicit', 'alpha/beta/omega dynamics', 'drama', 'angst', 'true mates', 'omega dean winchester', 'alpha castiel/omega dean winchester', 'supernatural elements', 'knotting', 'violence', 'slow build', 'fluff', 'omega verse', 'humor', 'slow burn', 'dreams', 'alternate universe', 'happy ending'}"
Supernatural,18510319,"{'friendship', 'canon compliant', 'general audiences', 'team free will', 'witchcraft', 'fluff'}"
Supernatural,15815805,"{'explicit', 'vaginal sex', 'cheating', 'rough sex', 'top castiel/bottom dean winchester', 'slow burn', 'top castiel', 'hurt/comfort', 'pining dean winchester', 'alternate universe - canon divergence', 'anal sex', 'bottom dean', 'hurt dean winchester', 'angst'}"
Supernatural,18289904,"{'homophobic language', 'strangers to lovers', 'hurt/comfort', 'sex', 'emotional hurt/comfort', 'heartbreak', 'sabriel - freeform', 'angst', 'angst with a happy ending', 'mature', 'alternate universe - college/university', 'love', 'eventual happy ending', 'fluff and angst', 'light dom/sub', 'fluff', 'slow build', 'internalized homophobia', 'homophobia', 'stripping', 'college', 'slow burn', 'mechanic dean winchester'}"
Supernatural,18236465,"{'explicit', 'love confessions', 'bickering', 'falling in love', 'michael possessing dean winchester', 'gay sex', 'top castiel (supernatural)', 'hurt/comfort', 'sam winchester ships castiel/dean winchester', 'emotional hurt/comfort', 'coming out', 'castiel loves dean winchester', 'boys kissing', 'hurt', 'angst', 'destiel - freeform', 'anal sex', 'dean winchester in denial', 'canon compliant', 'closeted dean winchester', 'friendship/love', 'fluff and angst', 'fluff and smut', 'fluff', 'bisexual dean winchester', 'top castiel/bottom dean winchester', 'slow burn', 'friends to lovers', 'unrequited love', 'bottom dean winchester'}"
Supernatural,18509659,"{'explicit', 'sibling incest', 'incest', 'past rape/non-con', 'twincest', 'angst'}"
Supernatural,17823773,"{'explicit', 'eventual smut', 'one shot collection'}"
Supernatural,18478858,"{'pov sam winchester', 'destiel - freeform', 'eventual romance', 'not rated'}"
Supernatural,5336957,"{'eventual smut', 'first time', 'dirty talk', 'mature', 'destiel - freeform', ""john winchester's a+ parenting"", 'panty kink', 'masturbation', 'high school', 'fluff and smut', 'alternate universe - human', 'top castiel/bottom dean winchester', 'slow burn', 'friends to lovers'}"
Supernatural,18498634,{'not rated'}
Supernatural,18505186,"{'explicit', 'canon compliant'}"
Supernatural,18291311,"{'general audiences', 'alternate universe', 'fluff and angst', 'crossover', 'light angst'}"
Supernatural,18504394,"{'explicit', 'established relationship', 'bisexual dean winchester', 'human castiel (supernatural)', 'domestic castiel/dean winchester', 'anxiety', 'established castiel/dean winchester', 'idiots in love', 'alternate universe - canon divergence', 'weddings', 'minor eileen leahy/sam winchester', 'witchcraft', 'topping from the bottom', 'bottom castiel/top dean winchester', 'anal sex', 'hunter castiel (supernatural)'}"
Supernatural,18505384,"{'alternate universe - roommates/housemates', 'humor', 'castiel and dean winchester are roommates', 'teen and up audiences', 'fluff'}"
Supernatural,18504223,"{'explicit', 'sex in/on the impala (supernatural)', 'smut', 'rough sex', 'dubious consent', 'angst'}"
Supernatural,17855492,"{'explicit', 'alternate universe', 'explicit sexual content'}"
Supernatural,17871164,"{'explicit', 'gay castiel (supernatural)', 'public sex', 'alternate universe - modern setting', 'minor character death', 'angry sex', 'top castiel', 'alpha/beta/omega dynamics', 'first time', 'angst', 'non-traditional alpha/beta/omega dynamics', ""john winchester's a+ parenting"", 'true mates', 'alpha castiel/omega dean winchester', 'smut', 'rimming', 'alpha/omega', 'alpha castiel (supernatural)', 'mating cycles/in heat', 'other additional tags to be added', 'knotting', 'alternate universe - high school', 'scenting', 'fluff', 'alternate universe - human', 'homophobia', 'bisexual dean winchester', 'flashbacks', 'bottom dean winchester', 'romance', 'omega dean'}"
Supernatural,18507379,{'general audiences'}
Supernatural,18506512,"{'alternate universe - roommates/housemates', 'angst and humor', 'first kiss', 'teen and up audiences'}"
Supernatural,18506260,"{'a/b/o', 'knotting', 'oral sex', 'possessive behavior', 'alpha/beta/omega dynamics', 'mating', 'sex', 'smut', 'vaginal fingering', 'claiming bites', 'mating bond', 'omega verse', 'not rated'}"
Supernatural,18506212,"{'jealous dean winchester', 'protective dean', 'protective sam', 'hurt dean', 'teen and up audiences', 'case fic', 'fluff', 'slow burn'}"
