fandom,id,tags
Attack on Titan,16213928,"{'gay sex', 'alternate universe - high school', 'teacher-student relationship', 'alternate universe', 'angst and hurt/comfort', 'oral sex', 'mature', 'coming out', 'fluff and smut', 'au'}"
Attack on Titan,11926740,"{'emotional/psychological abuse', 'masturbation', 'anal sex', 'anal fingering', 'alternate universe - modern setting', 'emotional baggage', 'fluff and angst', 'top levi (shingeki no kyojin)', 'emotional hurt/comfort', 'physical abuse', 'blow jobs', 'bottom eren yeager', 'not rated', 'levi (shingeki no kyojin) is bad at feelings', 'eventual smut', ""character's name spelled as hanji"", 'dominant levi (shingeki no kyojin)', 'rimming', 'abuse'}"
Attack on Titan,16822363,"{'alternate universe - college/university', 'mature', 'alternate universe - modern setting', 'age difference', 'character death'}"
Attack on Titan,8574619,"{'slow burn', 'masturbation', 'dirty talk', 'swearing', 'anal sex', 'sex toys', 'blow jobs', 'explicit'}"
Attack on Titan,13415295,"{'alternate universe - modern setting', 'past character death', 'depression', 'pining', 'explicit', 'blood and violence', 'explicit sexual content', 'implied/referenced suicide'}"
Attack on Titan,17473352,"{'friends to lovers', 'other additional tags to be added', 'time travel', 'alternate universe - canon divergence', 'manga spoilers', 'character death', 'canon-typical violence', 'not rated'}"
Attack on Titan,18630370,"{'reader-insert', 'comfort', 'mature', 'manga spoilers', 'swearing', 'romance', 'angst', 'married life'}"
Attack on Titan,12043995,"{'canon era', 'reincarnation', 'angst', 'smut', 'time travel', 'alternate universe - canon divergence', 'manga spoilers', 'canonverse', 'romance', 'pining', 'explicit', 'slow burn'}"
Attack on Titan,18437237,"{'angst with a happy ending', 'denial of feelings', 'minor character death', 'past sexual abuse', 'alternate universe - modern setting', 'dark past', 'kinks', 'angst and fluff and smut', 'bottom eren yeager', 'explicit', 'top levi (shingeki no kyojin)'}"
Attack on Titan,16037516,"{'alternate universe - modern setting', 'levi/eren yeager-centric', ""character's name spelled as jaeger"", 'not rated'}"
Attack on Titan,17996480,"{'eventual smut', 'mild gore', 'pov eren yeager', 'manipulation', 'levi/eren yeager-centric', 'explicit', 'top levi (shingeki no kyojin)', 'slow burn'}"
Attack on Titan,17364137,"{'mature', 'romance', 'drama'}"
Attack on Titan,16253429,"{'angst', 'switch eren yeager', 'alternate universe - modern setting', 'switching', 'attempt at humor', 'humor', 'switch levi (shingeki no kyojin)', 'secret relationship', 'alternate universe - rock band', 'explicit'}"
Attack on Titan,17997776,"{'eventual smut', 'gay sex', 'gay', 'other additional tags to be added', 'ereri', 'switching', 'riren - freeform', 'top eren yeager', 'explicit', 'top levi (shingeki no kyojin)', 'yaoi'}"
Attack on Titan,17953904,"{'alternate universe - modern setting', 'fluff', 'teen and up audiences', 'mikasa ackerman & levi are related'}"
Attack on Titan,17576333,"{'arranged marriage', 'mating', 'mature', 'blood', 'mental instability', 'war', 'dragons', 'alpha levi', 'angst', 'mpreg', 'alpha erwin', 'bottom eren', 'top levi', 'alpha/beta/omega dynamics', 'omega eren', 'pain', 'knotting', 'omegaverse'}"
Attack on Titan,16752238,"{'masturbation', 'anal sex', 'top eren yeager', 'mental instability', 'violence', 'explicit', 'fluff and smut', 'shameless smut', 'implied/referenced suicide', 'smut', 'established relationship', 'obsession', 'first time', 'mutual pining', 'suicide', 'explicit sexual content', 'emotional manipulation', 'alternate universe - college/university', 'threats of violence', 'light bondage', 'past character death', 'social anxiety', 'denial of feelings', 'alcohol', 'bottom levi (shingeki no kyojin)', 'self-harm', 'mental health issues', 'marking', 'stalking', 'mental breakdown', 'eren is a little shit', 'teacher-student relationship', 'panic attacks'}"
Attack on Titan,18389573,"{'world war ii', 'drama & romance', 'murder', 'angst and tragedy', 'unrequited love', 'partnership', 'mature', 'alternate universe - world war ii', 'blood and injury', 'angst and drama', 'character death', 'background relationships', 'violence', 'marriage', 'implied/referenced rape/non-con', 'action & romance', 'love', 'angst and hurt/comfort', 'modern era', 'established relationship', 'alternate universe - modern setting', 'past relationship(s)', 'lies', 'age difference', 'angst and feels', 'fluff and angst', 'original character death(s)', 'family drama', 'near death experiences', 'murder mystery', '1940s', 'death', 'implied/referenced torture', 'declarations of love', 'cheating', 'soldiers', 'romance', 'betrayal', 'drama', 'spies & secret agents', 'mystery', 'love confessions', 'heavy angst', 'family secrets', 'friendship/love', 'love/hate', 'modern shingeki no kyojin | attack on titan', 'multiple partners'}"
Attack on Titan,18105863,"{'drama & romance', 'partnership', 'angst and tragedy', 'werewolves', 'relationship(s)', 'angst and drama', 'blood drinking', 'love at first sight', 'angst and hurt/comfort', 'modern era', 'established relationship', 'alternate universe - modern setting', 'fluff and angst', 'family drama', 'forbidden love', 'vampires', 'drama', 'partner betrayal', 'first love', 'alternate universe - modern with magic', 'love/hate', 'teen and up audiences', 'modern shingeki no kyojin | attack on titan'}"
Attack on Titan,18623341,{'teen and up audiences'}
Attack on Titan,18588643,"{'eventual smut', 'eventual romance', 'mature', 'fluff', 'romance', 'friendship', 'fluff and smut', 'au'}"
Attack on Titan,18557995,"{'friends to lovers', 'shingeki no kyojin: kuinaki sentaku | attack on titan: no regrets', 'mature', 'time travel', 'falling in love', 'alternate universe - canon divergence', 'age difference', 'character death', 'canon-typical violence', 'angst'}"
Attack on Titan,18621676,"{'enemies to friends to lovers', 'general audiences', 'alternate universe - modern setting', 'humor'}"
Attack on Titan,18620758,"{'alternate universe - high school', 'alternate universe', 'alternate universe - modern setting', 'bullying', 'crossdressing', 'not rated'}"
Attack on Titan,18620119,"{'college', 'unrequited love', 'other additional tags to be added', 'best friends', 'riren - freeform', 'explicit', 'mikasa ackerman & levi are related', 'gay sex', 'ereri', 'pov eren yeager', 'gay', 'yaoi', 'eventual smut'}"
Attack on Titan,18174575,{'teen and up audiences'}
Attack on Titan,18107954,"{'strangers to friends', 'alternate universe - high school', 'friends to lovers', 'other additional tags to be added', 'coming of age', 'explicit', 'fluff and smut'}"
Attack on Titan,18075275,"{'teen and up audiences', 'spoilers'}"
Attack on Titan,18448439,"{'gangs', 'bdsm', 'explicit', 'crimes & criminals', 'mafia', 'eren yeager needs a hug', 'bullying', 'falling in love', 'dom/sub', 'top levi (shingeki no kyojin)', 'pov eren yeager', 'bottom eren yeager', 'older eren yeager', 'protective levi (shingeki no kyojin)', 'love confessions', 'alternate universe', 'dominant levi (shingeki no kyojin)', 'angry sex', 'possessive levi (shingeki no kyojin)', 'eren is a little shit'}"
Attack on Titan,15952736,{'explicit'}
Attack on Titan,13639275,"{'masturbation', 'anal sex', 'anal fingering', 'mental instability', 'explicit', 'friends to lovers', 'dom/sub', 'first time', 'emotional hurt/comfort', 'emotional manipulation', 'kissing', 'blow jobs', 'alpha/beta/omega dynamics', 'slow burn', 'dubious consent', 'knotting', 'oral sex', 'omega verse', 'alternate universe - canon divergence', 'flashbacks'}"
Attack on Titan,18005252,"{'explicit', 'alpha levi', 'angst', 'alpha erwin', 'alpha/beta/omega dynamics', 'omega eren', 'omega verse'}"
Attack on Titan,18093101,"{'explicit language', 'mature', 'anxiety', 'rape/non-con elements', 'blood and torture', 'alternate universe - dark', 'light angst', 'kidnapping'}"
Attack on Titan,18136754,"{'drama & romance', 'murder', 'childhood friends', 'angst and tragedy', 'mature', 'angst and drama', 'character death', 'marriage', 'friends to lovers', 'minor character death', 'love', 'angst and hurt/comfort', 'modern era', 'alternate universe - modern setting', 'car accidents', 'falling in love', 'true love', 'murder mystery', 'family drama', 'reincarnation', 'loss', 'attempted murder', 'past character death', 'romance', 'mystery', 'drama', 'psychological drama', 'first love', 'jealousy', 'anxiety', 'friendship/love', 'friendship', 'modern shingeki no kyojin | attack on titan'}"
Attack on Titan,18557404,"{'eventual smut', 'vaginal sex', 'murder', 'arranged marriage', 'alternate universe', 'oral sex', 'mature', 'other additional tags to be added', 'angry sex', 'rape/non-con elements', 'poisoning', 'rough sex', 'implied/referenced rape/non-con'}"
Attack on Titan,17322866,"{'eventual smut', 'minor character death', 'smut', 'ereri', 'funny', 'explicit', 'modern shingeki no kyojin | attack on titan', 'yaoi'}"
Attack on Titan,14357550,"{'childhood friends', 'alternate universe - high school', 'mature', 'fluff and smut', 'cute', 'minor character death', 'smut', 'fluff and angst', 'explicit sexual content', 'sexual violence', 'cheating', 'romance', 'pregnancy', 'slow burn', 'heavy angst', 'abusive relationships'}"
Attack on Titan,12711483,"{'other additional tags to be added', 'mature', 'top eren yeager', 'omega levi (shingeki no kyojin)', 'modern era', 'female hange zoë', 'mpreg', 'alpha eren yeager', 'alpha/beta/omega dynamics', 'bottom levi (shingeki no kyojin)', 'knotting', 'omega verse', 'possessive levi (shingeki no kyojin)', 'levi/eren yeager-centric', 'mating cycles/in heat'}"
Attack on Titan,18539596,"{'eruri - freeform', 'modern au', 'not rated'}"
Attack on Titan,13970616,"{'other additional tags to be added', 'pining', 'past relationship(s)', 'alternate universe - modern setting', 'obsession', 'angst', 'not rated', 'recreational drug use', 'rimming', 'post-traumatic stress disorder - ptsd', 'past abuse'}"
Attack on Titan,16348352,"{'alternate universe - royalty', 'knotting', 'underage eren yeager', 'omega eren yeager', 'alpha levi (shingeki no kyojin)', 'mature', 'smut', 'alpha/omega', 'omegaverse', 'alpha/beta/omega dynamics', 'mating cycles/in heat'}"
Attack on Titan,18611464,"{'gay sex', 'explicit language', 'angst and hurt/comfort', 'eventual happy ending', 'fluff', 'rape/non-con elements', 'violence', 'explicit', 'shameless smut', 'explicit sexual content'}"
Attack on Titan,17754605,"{'mature', 'alternate universe - modern setting'}"
Attack on Titan,18609823,"{'alternate universe - high school', 'explicit', 'fluff and angst', 'pov third person', 'female hange zoë', ""character's name spelled as jaeger"", 'enemies to friends to lovers', 'levi (shingeki no kyojin) is bad at feelings', ""character's name spelled as hanji"", 'levi/eren yeager-centric'}"
Attack on Titan,10491876,"{'emotional/psychological abuse', 'psychological trauma', 'alternate universe - modern setting', 'psychological torture', 'psychological drama', 'explicit', 'implied/referenced suicide'}"
Attack on Titan,16749616,"{'masturbation', 'mature', 'anal sex', 'anal fingering', 'action/adventure', 'grinding', 'alternate universe - fantasy', 'consensual sex', 'mutual masturbation', 'romance', 'voyeurism', 'slow romance'}"
Attack on Titan,10719279,"{'domestic violence', 'explicit language', 'cheating', 'sexual content', 'alternate universe - modern setting', 'angst and fluff and smut', 'eremika - freeform', 'marriage', 'angst', 'explicit', 'mikasa ackerman & levi are related'}"
Attack on Titan,18580669,{'general audiences'}
Attack on Titan,14478789,"{'attempt at humor', 'character death', 'explicit', 'blood and violence', 'psychological trauma', 'hurt/comfort', 'action & romance', 'friends to lovers', 'love', 'modern era', 'true love', 'angst and fluff and smut', 'healing', 'mutual pining', 'cuddling & snuggling', 'soldiers', 'slow burn', 'alternate universe', 'training', 'bonding'}"
Attack on Titan,15798711,"{'eventual smut', 'strangers to friends', 'friends to lovers', 'mature', 'self-harm', 'implied/referenced self-harm', 'suicidal thoughts', 'fluff', 'bottom eren', 'top levi', 'angst', 'suicide attempt', 'alternate universe - coffee shops & cafés', 'slow burn', 'hurt/comfort'}"
Attack on Titan,18400487,"{'reincarnation', 'age difference', 'post-canon', 'not rated'}"
Attack on Titan,18603391,"{'kissing', 'grinding', 'smut', 'mature', 'bottom eren yeager', 'biting'}"
Attack on Titan,17085305,"{'angst', 'dark past', 'coming of age', 'training', 'teen and up audiences', 'slow burn'}"
Attack on Titan,16998978,{'mature'}
Attack on Titan,10987563,"{'explicit language', 'slow build', 'artist eren yeager', 'general audiences', 'older eren yeager'}"
Attack on Titan,18390251,"{'world war ii', 'drama & romance', 'murder', 'secrets', 'partnership', 'mature', 'manipulation', 'character death', 'marriage', 'feels', 'minor character death', 'love', 'established relationship', 'modern era', 'alternate universe - modern setting', 'angst and hurt/comfort', 'lies', 'angst and feels', 'fluff and angst', 'family drama', 'angst', '1940s', 'emotional hurt/comfort', 'implied/referenced torture', 'emotional manipulation', 'declarations of love', 'death', 'soldiers', 'attempted murder', 'pregnancy', 'betrayal', 'psychological drama', 'drama', 'spies & secret agents', 'partner betrayal', 'first love', 'internal conflict', 'love/hate', 'modern shingeki no kyojin | attack on titan'}"
Attack on Titan,18092594,"{'horror', 'slow burn', 'mild gore', ""character's name spelled as hanji"", 'other additional tags to be added', 'mature'}"
Attack on Titan,18601639,"{'soulmates', 'alternate universe - soulmates', 'not rated'}"
Attack on Titan,18575806,"{'love', 'smut', 'fluff', 'friendship', 'one shot collection', 'titans', 'au', 'modern au', 'not rated'}"
Attack on Titan,16729923,"{'alternate universe - high school', 'other additional tags to be added', 'general audiences', 'eventual levi/eren yeager'}"
Attack on Titan,2819363,"{'masturbation', 'body worship', 'top eren yeager', 'gay sex', 'lemon', 'smut', 'modern era', 'romance', 'bottom levi (shingeki no kyojin)', 'teen and up audiences', 'comedy', 'kinky'}"
Attack on Titan,17930537,"{'murder', 'other additional tags to be added', 'attempt at humor', 'explicit', 'fluff', 'mentions of suicide', ""character's name spelled as jaeger"", 'physical abuse', 'eventual smut', ""character's name spelled as hanji"", 'self-harm', 'childhood trauma', 'mental health issues', 'implied/referenced child abuse'}"
Attack on Titan,8919409,"{'other additional tags to be added', 'i wrote this instead of sleeping', 'love at first sight', ""i'm bad at tagging"", 'slow build', 'possessive eren yeager', 'marriage proposal', 'poisoning', 'teen and up audiences', 'misunderstandings'}"
Attack on Titan,18134909,"{'mature', 'domestic fluff', 'emotional hurt/comfort', 'tags may change'}"
Attack on Titan,18434114,"{'general audiences', 'alternate universe - canon divergence'}"
Attack on Titan,18260420,"{'eventual smut', 'mature', 'canon compliant', 'canon-typical violence', 'pining'}"
Attack on Titan,10169426,"{'fluff', 'angst', 'not rated'}"
Attack on Titan,18594418,"{'knotting', 'smut', 'mature', 'omega verse', 'feelings', 'porn with plot', 'fluff', 'mates', 'anal sex', 'anal fingering', 'one shot', 'bonding', 'alpha/beta/omega dynamics', 'light angst', 'developing relationship'}"
Attack on Titan,18509986,"{'arranged marriage', 'drama & romance', 'murder', 'secrets', 'unrequited love', 'assassins & hitmen', 'canonical character death', 'marriage', 'war', 'love triangles', 'love', 'alternate universe - fantasy', 'angst and hurt/comfort', 'magic', 'alternate universe - modern setting', 'past relationship(s)', 'original character death(s)', 'family drama', 'near death experiences', 'forbidden love', 'emotional hurt/comfort', 'romance', 'past character death', 'mystery', 'drama', 'spies & secret agents', 'partner betrayal', 'angst and romance', 'alternate universe', 'alternate universe - modern with magic', 'friendship', 'teen and up audiences', 'secret relationship', 'enemies to lovers', 'modern shingeki no kyojin | attack on titan', 'multiple partners'}"
Attack on Titan,17619353,"{'eventual romance', 'mature', 'anxiety', 'attempt at humor', 'mental health issues', 'romance', 'fluff and humor'}"
Attack on Titan,14089638,"{'alternate universe - modern setting', 'explicit'}"
Attack on Titan,18592075,"{'general audiences', 'fluff and humor', 'fluff', 'one shot'}"
Attack on Titan,18308567,"{'mature', 'romance'}"
Attack on Titan,18280997,"{'dark', 'unrequited love', 'other additional tags to be added', 'mature', 'shameless smut', 'unhealthy relationships', 'implied/referenced suicide', 'threesome', 'gay sex', 'love', 'tooth-rotting fluff', 'suicidal thoughts', 'fluff', 'angst', 'semi-public sex', 'loss of virginity', 'suicide', 'reader-insert', ""i don't even know"", 'references to depression', 'wall sex', 'tags may change', 'abusive relationships', 'oral sex', 'drunk sex'}"
Attack on Titan,17571881,"{'mature', 'anal sex', 'character death', 'anal fingering', ""i'm bad at tagging"", 'feels', 'smut', 'modern era', 'ereri', 'eruri - freeform', 'fluff', 'angst', 'bottom eren', 'romance', 'drama', 'top levi', 'yaoi', 'alternate universe', 'attack on titan - freeform'}"
Attack on Titan,18008663,"{'bottom levi (shingeki no kyojin)', 'submissive levi (shingeki no kyojin)', 'oral sex', 'alternate universe - modern setting', 'dominant erwin smith', 'loneliness', 'anal sex', 'explicit', 'explicit sexual content'}"
Attack on Titan,3540950,"{'masturbation', 'young love', 'first time', 'family drama', 'first kiss', 'partner betrayal', 'partnership', 'crossdressing', 'cute', 'smut', 'fluff', 'loss of virginity', 'blow jobs', 'family', 'running away', 'kinky', 'anal sex', 'anal fingering', 'pining', 'fluff and smut', 'kissing', 'alternate universe - college/university', 'happy ending', 'mild smut', 'shower sex', 'mature', 'first meetings', 'confessions', 'love confessions'}"
Attack on Titan,18553780,"{'drugs', 'alternate universe - high school', 'alternate universe - modern setting', 'gangs', 'abuse', 'violence', 'not rated'}"
Attack on Titan,14698134,"{'drinking', 'masturbation', 'friends with benefits', 'anal sex', 'depression', 'explicit', 'gay sex', 'age difference', 'death', 'gay', 'alcohol', 'jealousy', 'trauma'}"
Attack on Titan,18576358,"{'general audiences', 'alternate universe - modern setting', 'magic'}"
Attack on Titan,17174981,"{'anal sex', 'drugs', 'sexual violence', 'bottom eren', 'homophobia', 'top levi', 'not rated'}"
Attack on Titan,17303222,"{'unrequited love', 'violence', 'developing relationship', 'friends to lovers', 'one shot collection', 'betrayal', 'au', 'friendship', 'teen and up audiences', 'secret relationship'}"
Attack on Titan,15010100,"{'secrets', 'eventual romance', 'falling in love', 'friendship', 'teen and up audiences', 'angst', 'bonding', 'slow burn'}"
Attack on Titan,3211952,"{'body worship', 'top eren yeager', 'violence', 'explicit', 'drugs', 'gay sex', 'lemon', 'smut', 'modern era', 'rape/non-con elements', 'angst', 'emotional hurt/comfort', 'explicit sexual content', 'gay', 'dirty talk', 'uke levi (shingeki no kyojin)', 'light bdsm', 'bottom levi (shingeki no kyojin)', 'mental health issues', 'prostitution', 'kinky'}"
Attack on Titan,17855360,"{'jealousy', 'mature', 'bullying', 'love/hate', 'canon-typical violence', 'violence', 'canon universe', 'slow burn', 'love triangles'}"
Attack on Titan,16229771,"{'college', 'mature', 'first time', 'non-explicit sex', 'social anxiety', 'minor violence'}"
Attack on Titan,2769674,"{'eventual smut', 'secrets', 'alternate universe', 'mature', 'eren yeager has heterochromia iridum', 'loss of parent(s)', 'fluff and angst', 'depression', 'social anxiety', 'slow build', 'trust issues'}"
Attack on Titan,17943476,"{'mature', 'romance', 'alternate universe - modern setting', 'angst'}"
Attack on Titan,16818592,"{'other additional tags to be added', 'general audiences', 'pov multiple', 'slow build'}"
Attack on Titan,16365404,"{'levi-centric (shingeki no kyojin)', 'i wrote this instead of sleeping', 'canon-typical violence', 'mikasa ackerman & levi are related', 'blood and gore', 'minor character death', 'dark past', 'mystery', 'teen and up audiences', ""additional warnings in author's note"", 'alternate universe - canon'}"
Attack on Titan,17424872,"{'action/adventure', 'magic', 'alternate universe - canon divergence', 'multiple pairings', 'teen and up audiences', 'canon-typical violence', 'fantasy', 'dragons'}"
Attack on Titan,18576943,"{'explicit', 'smut'}"
Attack on Titan,17706275,"{'dark', 'mature', 'torture'}"
Attack on Titan,15188174,"{'alternate universe - royalty', 'angst', 'reader-insert', 'best friends', 'friendship', 'teen and up audiences', 'depression', 'violence', 'slow burn', 'titans'}"
Attack on Titan,18146150,"{'mature', 'alternate universe - college/university', 'stalking'}"
Attack on Titan,16885983,"{'mature', 'time travel', 'romance', 'drama'}"
Attack on Titan,18052778,"{'modern shingeki no kyojin | attack on titan', 'not rated'}"
Attack on Titan,16886115,"{'arranged marriage', 'mature', 'vampires', 'romance', 'drama'}"
Attack on Titan,15006569,"{'shower sex', 'unrequited love', 'original character(s)', 'masturbation', 'mature', 'assassins & hitmen', 'canonical character death', 'character death', 'violence', 'love at first sight', 'fluff and smut', 'love triangles', 'explicit language', 'smut', 'falling in love', 'true love', 'fluff', 'original character death(s)', 'fluff and angst', 'near death experiences', 'rough sex', 'forbidden love', 'death', 'sex', 'reader-insert', 'masturbation in bathroom', 'first love', 'love confessions', 'oral sex', 'minor violence'}"
Attack on Titan,16885896,"{'vampire levi (shingeki no kyojin)', 'mature', 'vampires', 'romance', 'drama'}"
Attack on Titan,18571699,"{'mafia', 'love confessions', 'pain', 'mature', 'dominant levi (shingeki no kyojin)', 'au', 'eventual fluff', 'gangs', 'fluff and angst', 'levi (shingeki no kyojin) swears', 'happy ending'}"
Attack on Titan,12224019,"{'bondage', 'mature', 'shyness', 'magic', 'blow jobs', 'blood', 'loss of virginity', 'confusion'}"
Attack on Titan,15030884,"{'aot - freeform', 'mature', 'fluff and smut'}"
Attack on Titan,15967697,{'mature'}
Attack on Titan,18566986,"{'tooth-rotting fluff', 'fluff', 'teen and up audiences', 'happy ending'}"
Attack on Titan,9585392,"{'domestic fluff', 'non-binary hange', 'explicit'}"
Attack on Titan,18564346,"{'teen and up audiences', 'canon-typical violence', 'angst', 'one-sided attraction', 'pre-canon', 'canon universe', 'misunderstandings'}"
Attack on Titan,5765404,"{'mature', 'werewolves', 'au'}"
Attack on Titan,18067349,"{'mature', 'bdsm', 'minor character death', 'near death experiences', 'kinks', 'angry sex', 'canon compliant'}"
Attack on Titan,18124397,"{'alive carla yeager', 'alpha erwin', 'scent marking', 'good parent grisha yeager', 'alpha eren yeager', 'explicit', 'alpha/beta/omega dynamics'}"
Attack on Titan,16490402,"{'angst with a happy ending', 'angst and tragedy', 'mature', 'tragedy', 'blood and torture', 'canon-typical violence', 'pre-canon', 'developing relationship', 'minor mikasa ackerman/eren yeager', 'torture', 'implied/referenced torture', 'non-explicit sex', 'slow burn', 'implied sexual content', 'spoilers', 'flashbacks', 'canon compliant', 'alternate universe - canon', 'panic attacks'}"
Attack on Titan,18231866,"{'dark', 'implied/referenced self-harm', 'depression', 'blood drinking', 'explicit', 'fluff and smut', 'blood and gore', 'unhealthy coping mechanisms', 'smut', 'alternate universe - modern setting', 'angst and fluff and smut', 'suicidal thoughts', 'fluff', 'fluff and angst', 'angst', 'emotional hurt/comfort', 'explicit sexual content', 'emotional manipulation', 'happy ending', 'social anxiety', 'dubious consent', 'eventual smut', 'dreams and nightmares', 'mental health issues', 'mental breakdown', ""additional warnings in author's note"", 'panic attacks'}"
Attack on Titan,13353096,"{'unrequited love', 'dry humping', 'anal sex', 'gun violence', 'blood and injury', 'character death', 'anal fingering', 'explicit', 'one-sided attraction', 'minor character death', 'grinding', 'past relationship(s)', 'falling in love', 'emotional baggage', 'protectiveness', 'suicidal thoughts', 'first time', 'angst', 'slow build', 'loss of virginity', 'top levi (shingeki no kyojin)', 'emotional hurt/comfort', 'mating cycles/in heat', 'artist eren yeager', 'kissing', 'physical abuse', 'blow jobs', 'bottom eren yeager', 'protective levi (shingeki no kyojin)', 'first love', 'eventual smut', ""character's name spelled as hanji"", 'military', 'hand jobs', 'eventual romance', 'anxiety', 'porn with plot', 'memory loss', 'misunderstandings', 'panic attacks'}"
Attack on Titan,17384777,"{'sex', 'mpreg', 'knotting', 'omega eren yeager', 'alpha levi (shingeki no kyojin)', 'mature', 'oral sex', 'alternate universe - modern setting', 'anal sex', 'omegaverse', 'depression', 'top levi (shingeki no kyojin)', 'bottom eren yeager', 'alpha/beta/omega dynamics', 'mating cycles/in heat'}"
Attack on Titan,18560977,"{'bottom eren yeager', 'levi/eren yeager-centric', 'explicit', 'top levi (shingeki no kyojin)'}"
Attack on Titan,18351977,"{'love confessions', 'shingeki no kyojin: kuinaki sentaku | attack on titan: no regrets', 'mature', 'falling in love', 'mental breakdown', 'fluff and angst', 'canon universe', 'slow burn'}"
Attack on Titan,18559252,"{'alternate universe', 'smut', 'porn with feelings', 'switching', 'blow jobs', 'secret relationship', 'angst', 'explicit'}"
Attack on Titan,2044260,"{'eventual smut', 'angst with a happy ending', 'masturbation', 'smut', 'alternate universe - modern setting', 'eventual happy ending', 'fluff and angst', 'first time', 'blow jobs', 'angst', 'explicit', 'fluff and smut', 'slow burn', 'developing relationship'}"
Attack on Titan,14095956,"{'college', 'alternate universe - college/university', 'mature', 'drabble', 'alternate universe - rock band'}"
Attack on Titan,18128261,"{'alternate universe - canon divergence', 'teen and up audiences', 'titan eren yeager'}"
Attack on Titan,17686727,"{'eventual smut', 'angst', 'established relationship', 'mature', 'fluff', 'romance', 'violence', 'hurt/comfort'}"
Attack on Titan,18559120,"{'teen and up audiences', 'one shot', 'mentions of suicide'}"
Attack on Titan,4534554,"{'mature', 'multiple pairings'}"
Attack on Titan,17457143,"{'threesome', 'alternate universe', 'smut', 'mature', 'porn with plot', 'fluff', 'pregnancy', 'angst'}"
Attack on Titan,16354223,"{'alternate universe', 'teen and up audiences', 'fantasy', 'slow burn'}"
Attack on Titan,15505155,"{'mature', 'ereri', 'fluff', 'riren - freeform', 'au'}"
Attack on Titan,16525937,"{'anxiety attacks', 'alternate universe', 'ereri', 'eventual levi/eren yeager', 'healing', 'not rated'}"
Attack on Titan,17504234,"{'drinking', 'emotional hurt', 'past relationship(s)', 'alternate universe - modern setting', 'angst and fluff and smut', 'emotional baggage', 'fluff', 'healing', 'emotional hurt/comfort', 'self-esteem issues', 'romance', 'not rated', 'alternate universe', 'friendship', 'bonding'}"
Attack on Titan,17832299,"{'alternate universe - high school', 'drugs', 'alternate universe - modern setting', 'implied/referenced self-harm', 'mental health issues', 'teen and up audiences', 'marijuana'}"
Attack on Titan,13518948,"{'college', 'mature', 'trust issues', 'alternate universe - modern setting', 'fluff and angst', 'homophobia', 'pov alternating', 'marriage proposal', 'implied sexual content', 'eventual smut', 'coming out', 'implied/referenced child abuse', 'self-esteem issues'}"
Attack on Titan,18551857,"{'general audiences', 'drabble'}"
Attack on Titan,11631108,"{'alternate universe - modern setting', 'not rated'}"
Attack on Titan,13744776,"{'unrequited love', 'best friends', 'character death', 'explicit', 'fluff and smut', 'hurt/comfort', 'action & romance', 'action/adventure', 'minor character death', 'emotional hurt', 'falling in love', 'emotional baggage', 'loss of parent(s)', 'sad with a happy ending', 'angst', 'loss of virginity', 'emotional hurt/comfort', 'death', 'explicit sexual content', 'sex', 'grief/mourning', 'kidnapping', 'implied sexual content', 'angst and romance', 'vaginal sex', 'sexual tension', 'eventual romance', 'oral sex', 'sexual content'}"
Attack on Titan,18041234,"{'established relationship', 'food', 'sexual content', 'alternate universe - modern setting', 'oral sex', 'implied sexual content', 'explicit', 'developing relationship'}"
Attack on Titan,16723575,"{'anal sex', 'explicit', 'fluff and smut', 'smut', 'badass eren yeager', 'cheating', 'protective mikasa ackerman', 'happy ending', 'trigger warning'}"
Attack on Titan,16716609,"{'texting', 'fluff', 'not rated', 'no smut'}"
Attack on Titan,18263435,"{'drama & romance', 'family feels', 'murder', 'childhood friends', 'secrets', 'angst and drama', 'love at first sight', 'love triangles', 'feels', 'friends to lovers', 'love', 'angst and hurt/comfort', 'modern era', 'magic', 'alternate universe - modern setting', 'falling in love', 'true love', 'domestic fluff', 'lies', 'fluff and angst', 'angst and feels', 'family drama', 'angst', 'declarations of love', 'mythical beings & creatures', 'pregnancy', 'romance', 'mystery', 'drama', 'betrayal', 'love confessions', 'eventual romance', 'friendship/love', 'family secrets', 'romantic fluff', 'poisoning', 'alternate universe - modern with magic', 'friendship', 'teen and up audiences', 'modern shingeki no kyojin | attack on titan'}"
Attack on Titan,18346070,"{'explicit', 'self-harm', 'emotional hurt/comfort', 'eventual smut'}"
Attack on Titan,17907962,"{'drinking', 'anal sex', 'bdsm', 'anal fingering', 'triggers', 'violence', 'explicit', 'alternate universe - modern setting', 'rope bondage', 'first time', 'first time blow jobs', 'alcohol', 'bottom levi (shingeki no kyojin)', 'oral sex', 'voyeurism', 'eventual happy ending', 'enemies to lovers'}"
Attack on Titan,17388596,"{'alternate universe', 'alternate universe - fantasy', 'mature', 'alternate universe - modern setting'}"
Attack on Titan,18541774,"{'smut', 'oral sex', 'explicit', 'fluff and smut'}"
Attack on Titan,14390295,{'not rated'}
Attack on Titan,18538966,"{'mpreg', 'omega eren yeager', 'alpha levi (shingeki no kyojin)', 'general audiences', 'fluff', 'alpha/omega', 'alpha/beta/omega dynamics'}"
Attack on Titan,18478903,"{'aot - freeform', 'modern shingeki no kyojin | attack on titan', 'teen and up audiences'}"
Attack on Titan,18467698,"{'alternate universe - canon divergence', 'teen and up audiences', 'slow burn'}"
Attack on Titan,17227649,"{'bottom levi (shingeki no kyojin)', 'submissive levi (shingeki no kyojin)', 'alternate universe - modern setting', 'dominant erwin smith', 'porn with feelings', 'porn with plot', 'dom/sub', 'bdsm', 'explicit', 'shameless smut', 'explicit sexual content'}"
Attack on Titan,18291869,"{'mature', 'romance', 'lemon'}"
Attack on Titan,11552559,"{'alternate universe - high school', 'alternate universe - college/university', 'mature', 'alternate universe - modern setting', 'anxiety', 'implied/referenced self-harm', 'homophobia', 'fluff and angst', 'first kiss', 'first time', 'suicide attempt', 'panic attacks', 'implied/referenced suicide'}"
Attack on Titan,8698579,"{'mating', 'explicit', 'shameless smut', 'alpha/omega', 'angst', 'explicit sexual content', 'mpreg', 'alpha levi (shingeki no kyojin)', 'threats of violence', 'alpha/beta/omega dynamics', 'knotting', 'family secrets', 'sexual content', 'omega eren yeager', 'rimming', 'minor violence', 'mating cycles/in heat'}"
Attack on Titan,15994457,"{'threesome - m/m/m', 'mature', 'alternate universe - modern setting', 'polyamory'}"
Attack on Titan,15881148,"{'established relationship', 'canonverse', 'friendship', 'romance', 'post-canon', 'canon compliant', 'explicit'}"
Attack on Titan,18532276,"{'cat/human hybrids', 'general audiences', 'domestic fluff', 'fluff and humor'}"
Attack on Titan,17388848,"{'alternate universe - college/university', 'alternate universe - modern setting', 'gangs', 'teen and up audiences', 'background relationships'}"
Attack on Titan,17574998,"{'eren yeager needs a hug', 'college student eren yeager', 'dark past', 'alternate universe - modern setting', 'angst and fluff and smut', 'levi (shingeki no kyojin) swears', 'bottom eren yeager', 'top levi (shingeki no kyojin)', 'alternate universe - coffee shops & cafés', 'not rated'}"
Attack on Titan,14802566,"{'eventual smut', 'eventual romance', 'mature', 'post-traumatic stress disorder - ptsd', 'crimes & criminals', 'mental health issues', 'humor', 'romance', 'eremika - freeform', 'mental instability', 'drama', 'blood and violence', 'action', 'slow burn'}"
Attack on Titan,16669012,"{'rope bondage', 'orgasm delay/denial', 'dom/sub', 'bdsm', 'daddy kink', 'explicit'}"
Attack on Titan,18152069,"{'other additional tags to be added', 'riren - freeform', 'character death', 'depression', 'violence', 'hurt/comfort', 'explicit language', 'ereri', 'falling in love', 'suicidal thoughts', 'sleepy cuddles', 'alternate universe - dark', 'enemies to friends to lovers', 'slow burn', 'comfort', 'anxiety', 'alive carla yeager', 'alternate universe - zombie apocalypse', 'teen and up audiences', 'survival', 'eren is a little shit'}"
Attack on Titan,14788763,"{'dark', 'alternate universe - royalty', 'mature', 'tragedy', 'fantasy', 'violence', 'eruri - freeform', 'angst', 'romance', 'mystery', 'yaoi'}"
Attack on Titan,18531646,"{'canon era', 'smut', 'dry humping', 'porn with feelings', 'feelings', 'canonverse', 'mild smut', 'angst', 'explicit', 'hurt/comfort'}"
Attack on Titan,15215471,"{'drama & romance', 'other additional tags to be added', 'top eren yeager', 'explicit', 'unhealthy relationships', 'mikasa ackerman & levi are related', 'hurt/comfort', 'smut', 'tooth-rotting fluff', 'falling in love', 'alternate universe - modern setting', 'fluff', 'fluff and angst', 'break up', ""character's name spelled as jaeger"", 'possessive eren yeager', 'alternate universe - college/university', 'pining levi (shingeki no kyojin)', 'denial of feelings', 'levi (shingeki no kyojin) is bad at feelings', 'bottom levi (shingeki no kyojin)', ""character's name spelled as hanji"", 'misunderstandings'}"
Attack on Titan,13060944,"{'alternate universe - college/university', 'alternate universe - modern setting', 'slow burn', 'not rated'}"
Attack on Titan,18516973,"{'drama & romance', 'other additional tags to be added', 'friends with benefits', 'explicit', 'minor character death', 'alternate universe - modern setting', 'family drama', 'angst', 'alternate universe - college/university', 'enemies to friends to lovers', 'pov alternating', 'grief/mourning', 'slow burn', 'recreational drug use', 'marijuana', 'post-traumatic stress disorder - ptsd'}"
Attack on Titan,18308102,"{'other additional tags to be added', 'past sexual abuse', 'coming of age', 'violence', 'explicit', 'hurt/comfort', 'alternate universe - modern setting', 'fluff', 'first time', 'angst', 'humor', 'emotional hurt/comfort', 'explicit sexual content', 'romance', 'drama', 'alpha/beta/omega dynamics', 'dubious consent', 'sexual tension', 'omegaverse'}"
Attack on Titan,17601467,"{'original character(s)', 'mature', 'teasing', 'romance', 'murder mystery', 'organized crime', 'angst', 'action', 'crimes & criminals'}"
Attack on Titan,16874889,{'mature'}
Attack on Titan,9705071,"{'eventual smut', 'alternate universe - modern setting', 'domestic fluff', 'teen and up audiences', 'married life'}"
Attack on Titan,18527986,"{'teacher-student relationship', 'alternate universe - college/university', 'mature', 'blood and injury', 'blood', 'alternate universe - coffee shops & cafés', 'slow burn'}"
Attack on Titan,16657369,"{'heavy angst', 'unrequited love', 'reader-insert', 'teen and up audiences', 'angst', 'one-sided attraction'}"
Attack on Titan,14611236,"{'original character(s)', 'other additional tags to be added', 'developing relationship', 'minor character death', 'alpha levi (shingeki no kyojin)', 'dark past', 'soldiers', 'alpha/beta/omega dynamics', 'slow burn', 'confusion', 'dreams and nightmares', 'omega eren yeager', 'comfort', 'friendship', 'teen and up audiences', 'omegaverse', 'panic attacks'}"
Attack on Titan,18102872,"{'action/adventure', 'military', 'mature', 'friendship', 'young love', 'mystery', 'drama', 'war'}"
Attack on Titan,14708331,"{'blood and injury', 'character death', 'canon-typical violence', 'protectiveness', 'fluff', 'general audiences', 'kidnapping', 'protective levi (shingeki no kyojin)', 'alternate universe', 'eventual levi/eren yeager'}"
Attack on Titan,17803724,"{'depression', 'alternate universe - modern setting', 'angst', 'cheating', 'not rated', 'self-esteem issues'}"
Attack on Titan,17602580,"{'love', 'soulmates', 'sad', 'funny', 'kinky', 'au', 'not rated'}"
Attack on Titan,9577241,"{'lemon', 'reader-insert', 'sexual content', 'fluff', 'romance', 'angst', 'explicit', 'humor'}"
Attack on Titan,11264418,"{'teen and up audiences', 'canon compliant'}"
Attack on Titan,18482923,"{'alternate universe', 'alternate universe - canon divergence', 'explicit'}"
Attack on Titan,11294772,"{'heavy angst', 'minor character death', 'mature', 'alternate universe - canon divergence', 'attempt at humor', 'canon-typical violence', 'slow build', 'hurt/comfort'}"
Attack on Titan,18513124,"{'established relationship', 'alternate universe - modern setting', 'anal sex', 'daddy kink', 'multiple orgasms', 'explicit', 'fluff and smut', 'overstimulation'}"
Attack on Titan,16571144,"{'fluff and smut', 'modern shingeki no kyojin | attack on titan', 'not rated'}"
Attack on Titan,18133994,"{'implied mpreg', 'multiple pairings', 'multiple partners', 'not rated', 'implied sexual content'}"
Attack on Titan,18509125,"{'mature', 'alternate universe - modern setting'}"
Attack on Titan,18509023,"{'mature', '利艾 - freeform'}"
Attack on Titan,11420955,"{'mature', 'top eren yeager', 'hurt/comfort', 'past relationship(s)', 'alternate universe - modern setting', 'fluff and angst', 'female hange zoë', 'seme eren yeager', 'angst', 'break up', 'loss of virginity', 'cheating', 'uke levi (shingeki no kyojin)', 'older eren yeager', 'pining levi (shingeki no kyojin)', 'yaoi', 'eventual smut', 'bottom levi (shingeki no kyojin)', 'jealousy', 'eventual happy ending', 'possessive levi (shingeki no kyojin)', 'levi/eren yeager-centric'}"
Attack on Titan,15650871,"{'strangers to friends', 'friends to lovers', 'alternate universe - fantasy', 'other additional tags to be added', 'mature', 'eren yeager has heterochromia iridum', 'mating cycles/in heat', 'a/b/o', 'mythical beings & creatures', 'omegaverse', 'mating rituals'}"
Attack on Titan,18505312,"{'mature', 'death'}"
Attack on Titan,13304535,"{'explicit', 'war', 'blood and gore', 'lies', 'angst and fluff and smut', 'betrayal', 'eren is a little shit'}"
Attack on Titan,18503827,"{'canonverse', 'explicit', 'plot what plot/porn without plot'}"
Attack on Titan,15239610,"{'love', 'eventual romance', 'mature', 'romance', 'slow burn'}"
Attack on Titan,18504055,"{'general audiences', 'drabble', 'riren - freeform', 'canonverse', 'attack on titan - freeform'}"
Attack on Titan,18463358,{'mature'}
Attack on Titan,18091061,"{'eventual smut', 'vaginal sex', 'explicit', 'loss of virginity', 'vaginal fingering', 'first time blow jobs'}"
Attack on Titan,16223729,"{'mature', 'alpha/beta/omega dynamics'}"
Attack on Titan,17917619,"{'mature', 'blood and torture', 'bdsm', 'psychological trauma', 'fluff and smut', 'implied/referenced rape/non-con', 'unhealthy coping mechanisms', 'falling in love', 'rape/non-con elements', 'fluff and angst', 'implied/referenced torture', 'polyamory', 'alpha/beta/omega dynamics', 'slow burn', 'dancing', 'heavy angst', 'self-harm', 'childhood trauma', 'eventual fluff', 'eventual happy ending', 'trauma', 'implied/referenced child abuse', 'self-esteem issues', 'multiple partners'}"
Attack on Titan,15615114,"{'mature', 'suicidal thoughts', 'panic attacks', 'depression', 'suicide attempt', 'fluff and smut'}"
Attack on Titan,18094268,"{'slow burn', 'alternate universe', 'not rated'}"
Attack on Titan,16265315,"{'dominant erwin smith', 'explicit', 'threesome', 'submissive levi (shingeki no kyojin)', 'dom/sub', 'rough sex', 'switch eren yeager', 'bottom levi (shingeki no kyojin)', 'oral sex', 'voyeurism', 'orgasm delay/denial', 'rimming'}"
Attack on Titan,3962035,"{'alternate universe', 'general audiences'}"
Attack on Titan,17874953,"{'mature', 'romance', 'au'}"
Attack on Titan,5857312,"{'dark', 'mature'}"
Attack on Titan,6610687,"{'levi-centric (shingeki no kyojin)', 'angst with a happy ending', 'injury', 'top eren yeager', 'explicit', 'smut', 'alternate universe - college/university', 'confusion', 'slow burn', 'eventual smut', 'bottom levi (shingeki no kyojin)', 'sexual tension', 'eventual happy ending', 'levi/eren yeager-centric', 'eren is a little shit'}"
Attack on Titan,18423639,"{'other additional tags to be added', 'bdsm', 'alternate universe - modern setting', 'dom/sub', 'daddy kink', 'not rated', 'anxiety'}"
Attack on Titan,11655621,"{'alternate universe - fantasy', 'explicit'}"
Attack on Titan,18502069,"{'alternate universe - high school', 'underage sex', 'explicit', 'shameless smut', 'plot what plot/porn without plot'}"
Attack on Titan,16066085,"{'domestic violence', 'anxiety attacks', 'omega eren yeager', 'alpha levi (shingeki no kyojin)', 'anxiety', 'omega verse', 'fluff', 'fluff and angst', 'alpha/omega', 'social anxiety', 'not rated'}"
Attack on Titan,4613634,"{'alternate universe - modern setting', 'teen and up audiences', 'alternate universe - college/university'}"
Attack on Titan,18400103,"{'werewolf eren yeager', 'bottom levi (shingeki no kyojin)', 'possessive eren yeager', 'memory loss', 'mating bond', 'mating', 'mating bites', 'knotting', 'werewolves', 'blood', 'alpha eren yeager', 'explicit', 'alpha/beta/omega dynamics', 'omega levi (shingeki no kyojin)', 'mating cycles/in heat', 'biting'}"
Attack on Titan,13303314,"{'alternate universe', 'other additional tags to be added', 'alternate universe - modern setting', 'explicit', 'au'}"
Attack on Titan,18476629,"{'eventual smut', 'gangs', 'good parent grisha yeager', 'explicit', 'slow burn'}"
Attack on Titan,18493294,"{'drinking', 'drama & romance', 'family feels', 'mature', 'texting', 'character death', 'mental instability', 'love at first sight', 'first meetings', 'feels', 'love', 'angst and hurt/comfort', 'modern era', 'alternate universe - modern setting', 'falling in love', 'angst and feels', 'fluff and angst', 'family drama', 'angst', 'declarations of love', 'romance', 'drama', 'grief/mourning', 'first love', 'angst and romance', 'love confessions', 'conversations', 'abusive relationships', 'family', 'eventual romance', 'mental health issues', 'mental breakdown', 'slow romance', 'modern shingeki no kyojin | attack on titan', 'past abuse'}"
Attack on Titan,18497551,"{'alternate universe', 'time travel', 'alternate universe - canon divergence', 'teen and up audiences', 'titan eren yeager', 'titans'}"
Attack on Titan,17449430,"{'emotional/psychological abuse', 'manipulation', 'violence', 'explicit', 'hurt/comfort', 'smut', 'rough sex', 'angst', 'loss of virginity', 'alpha levi (shingeki no kyojin)', 'light bondage', 'alpha/beta/omega dynamics', 'dubious consent', 'sexual tension', 'alternate universe', 'omega eren yeager', 'internal conflict', 'knotting', 'eren is a little shit', 'mating cycles/in heat'}"
Attack on Titan,16180823,"{'shower sex', 'mature', 'dominant erwin smith', 'alpha erwin smith', 'smut', 'eruri - freeform', 'rough sex', 'semi-public sex', 'cuddling & snuggling', 'naked cuddling', 'explicit sexual content', 'reader-insert', 'pov levi (shingeki no kyojin)', 'romance', 'levi (shingeki no kyojin) swears', 'wall sex', 'implied sexual content', 'vaginal sex', 'oral sex', 'sexual content', 'dominant levi (shingeki no kyojin)', 'possessive levi (shingeki no kyojin)'}"
Attack on Titan,18493945,"{'mpreg', 'gay sex', 'implied mpreg', 'mature'}"
Attack on Titan,16433702,"{'drama & romance', 'angst and hurt/comfort', 'ereri', 'alternate universe - modern setting', 'riren - freeform', 'teen and up audiences', 'yaoi'}"
Attack on Titan,18432212,"{'love confessions', 'mature', 'pov levi (shingeki no kyojin)', 'fluff and angst', 'sad with a happy ending', 'character death', ""i'm bad at tagging"", 'suicide', 'grief/mourning'}"
Attack on Titan,18490519,"{'alternate universe - college/university', 'general audiences'}"
Attack on Titan,11719737,"{'alternate universe - high school', 'teen and up audiences', 'modern shingeki no kyojin | attack on titan'}"
Attack on Titan,15498984,"{'alternate universe', 'smut', 'mature', 'alternate universe - modern setting', 'alternate universe - canon divergence', 'domestic fluff', 'fluff', 'fluff and angst', 'one shot collection', 'canon compliant', 'post-canon', 'angst', 'fluff and smut'}"
Attack on Titan,18474523,"{'alternate universe', 'one shot collection', 'explicit', 'explicit sexual content'}"
Attack on Titan,17487131,"{'general audiences', 'dancing'}"
Attack on Titan,18482713,"{'canon-typical violence', 'blood drinking', 'blood and gore', 'anxiety attacks', 'near death experiences', 'implied/referenced torture', 'sexual violence', 'threats of violence', 'attempted murder', 'kidnapping', 'sexual tension', 'sexual content', 'time travel', 'psychological torture', 'teen and up audiences', 'post-traumatic stress disorder - ptsd'}"
Attack on Titan,18330605,"{'explicit', 'alternate universe - no titans (shingeki no kyojin)'}"
Attack on Titan,18312992,"{'action/adventure', 'eventual romance', 'general audiences', 'teasing', 'romance', 'mystery'}"
Attack on Titan,11491962,"{'mating', 'other additional tags to be added', 'mature', 'alpha erwin smith', 'relationship(s)', 'blood', 'minor character death', 'past relationship(s)', 'alternate universe - modern setting', 'fluff', 'alpha/omega', 'scent marking', 'angst', 'slow build', 'reader-insert', 'mating bites', 'denial of feelings', 'alpha/beta/omega dynamics', 'slow burn', 'knotting', 'shyness', 'porn with feelings', 'porn with plot', 'rutting', 'trauma', 'bonding', 'mating cycles/in heat'}"
Attack on Titan,13303221,"{'explicit', 'fluff and humor', 'eventual smut', 'eren is a little shit'}"
Attack on Titan,17243888,"{'mild gore', 'explicit', 'blood and violence', 'fluff and smut', 'shameless smut', 'organized crime', 'mental health issues', 'training'}"
Attack on Titan,12125949,{'mature'}
Attack on Titan,18141290,"{'drinking', 'masturbation', 'mature', 'past sexual abuse', 'manipulation', 'developing relationship', 'explicit language', 'love', 'falling in love', 'explicit sexual content', 'emotional manipulation', 'reader-insert', 'soldiers', 'spies & secret agents', 'implied sexual content', 'shingeki no kyojin: kuinaki sentaku | attack on titan: no regrets', 'alternate universe - canon divergence', 'prostitution'}"
Attack on Titan,18481795,"{'sex', 'comfort', 'true love', 'suicide attempt', 'fluff and smut', 'not rated'}"
Attack on Titan,18481453,"{'mature', 'self-harm', 'ereri', 'riren - freeform', 'sad', 'suicide', 'modern shingeki no kyojin | attack on titan'}"
Attack on Titan,17259689,"{'drama & romance', 'gun violence', 'good parent grisha yeager', 'explicit', 'minor character death', 'ereri', 'falling in love', 'alternate universe - modern setting', 'eren yeager has heterochromia iridum', 'first kiss', 'first time', 'mutual pining', 'humor', 'emotional hurt/comfort', 'sex', 'enemies to friends to lovers', 'homophobia', 'denial of feelings', 'slow burn', 'levi (shingeki no kyojin) is bad at feelings', 'eventual smut', 'family secrets', 'eventual romance', 'eventual fluff', 'alive carla yeager', 'love/hate', 'eren is a little shit'}"
Attack on Titan,16146335,"{'panic attacks', 'drunk sex', 'explicit'}"
Attack on Titan,17279462,"{'falling in love', 'suicide attempt', 'fluff', 'abuse', 'body horror', 'explicit', 'humor'}"
Attack on Titan,17042408,"{'drinking', 'explicit'}"
Attack on Titan,12248745,"{'mild gore', 'anal sex', 'anal fingering', 'explicit', ""i'm bad at tagging"", 'angst and hurt/comfort', 'angst and fluff and smut', 'emotional manipulation', 'physical abuse', 'enemies to friends to lovers', 'switch eren yeager', 'blow jobs', 'switch levi (shingeki no kyojin)', 'slow burn', 'levi (shingeki no kyojin) is bad at feelings', 'survival'}"
Attack on Titan,17861666,"{'alternate universe - modern setting', 'obsession', 'fluff', 'romance', 'not rated'}"
Attack on Titan,16728765,"{'bondage', 'mature', 'rope bondage', 'kidnapping'}"
Attack on Titan,18372815,"{'vaginal sex', 'alternate universe - high school', 'oral sex', 'alternate universe - modern setting', 'bullying', 'dom/sub', 'rough sex', 'explicit', 'loss of virginity', 'teacher-student relationship'}"
Attack on Titan,11298978,"{'angst with a happy ending', 'past abuse', 'masturbation', 'past sexual abuse', 'assassins & hitmen', 'anal sex', 'gun violence', 'rough kissing', 'scent kink', 'triggers', 'anal fingering', 'explicit', 'fluff and smut', 'eren is a little shit', 'biting', 'minor character death', 'domestic fluff', 'fluff and angst', 'rough sex', 'scent marking', 'cuddling & snuggling', 'top levi (shingeki no kyojin)', ""character's name spelled as jaeger"", 'scenting', 'blood kink', 'mpreg', 'alpha levi (shingeki no kyojin)', 'dirty talk', 'masturbation in bathroom', 'levi (shingeki no kyojin) swears', 'bottom eren yeager', 'alpha/beta/omega dynamics', 'protective levi (shingeki no kyojin)', 'knotting', 'omega eren yeager', 'oral sex', 'switching', 'omega verse', 'rimming', 'light bondage'}"
Attack on Titan,13003275,"{'alternate universe', 'mature', 'alternate universe - modern setting', 'age difference', 'alternate universe - dark'}"
Attack on Titan,5536778,"{'angst with a happy ending', 'other additional tags to be added', 'top eren yeager', 'explicit', 'fluff and smut', 'fluff', 'fluff and angst', 'top levi (shingeki no kyojin)', 'domestic violence', 'bottom eren yeager', 'happy ending', 'bottom levi (shingeki no kyojin)', 'abusive relationships', 'cat/human hybrids', 'eventual levi/eren yeager', 'eventual happy ending', 'possessive levi (shingeki no kyojin)', ""additional warnings in author's note""}"
Attack on Titan,14703954,"{'angst with a happy ending', 'pining', 'explicit', 'developing relationship', 'alternate universe - modern setting', 'falling in love', 'angst and fluff and smut', 'humor', 'romance', 'light dom/sub', 'college student eren yeager', 'switching', 'teacher-student relationship'}"
Attack on Titan,18213674,"{'explicit', 'large cock', 'dom/sub', 'romance', 'alternate universe - canon divergence', 'prostitution', 'alternate universe - canon'}"
Attack on Titan,1761737,"{'vampire levi (shingeki no kyojin)', 'mild gore', 'mature', 'werewolves', 'explicit language', 'alternate universe - modern setting', 'fluff', 'humor', 'werewolf eren yeager', 'pov eren yeager', 'alternate universe - college/university', 'vampires', 'comedy'}"
Attack on Titan,11260371,"{'reincarnation', 'mature', 'romantic fluff', 'first time', 'mystery', 'angst', 'alternate universe - soulmates'}"
Attack on Titan,14044053,{'teen and up audiences'}
Attack on Titan,12676272,"{'anal sex', 'soulmates', 'blood', 'depression', 'blood drinking', 'pining', 'drugs', 'minor character death', 'mentions of suicide', 'angst', 'suicide attempt', 'sex', 'enemies to friends to lovers', 'vampires', 'references to depression', 'organized crime', 'betrayal', 'not rated', 'alcohol', 'pain', 'love confessions', 'flashbacks'}"
Attack on Titan,18467881,"{'mpreg', 'teen and up audiences'}"
Attack on Titan,15130946,"{'young love', 'fluff and smut', 'mikasa ackerman & levi are related', 'pregnant eren yeager', 'age difference', 'badass eren yeager', 'top levi (shingeki no kyojin)', 'werewolf eren yeager', 'mpreg', 'mating bond', 'bottom eren yeager', 'underage sex', 'alpha/beta/omega dynamics', 'eventual smut', 'teen and up audiences', 'mating cycles/in heat'}"
Attack on Titan,18201797,"{'college', 'drinking', 'masturbation', 'explicit', 'psychological trauma', 'falling in love', 'slow build', 'vaginal fingering', 'sex', 'alternate universe - college/university', 'dirty talk', 'dancing', 'oral sex'}"
Attack on Titan,13626726,"{'mature', 'action & romance', 'pov multiple', 'fluff', 'angst', 'horror', 'slow burn', 'alternate universe', 'badass mikasa ackerman', 'alternate universe - zombie apocalypse'}"
Attack on Titan,16082492,"{'canonical character death', 'social anxiety', 'slow burn', 'not rated'}"
Attack on Titan,18066884,"{'teen and up audiences', 'slow build'}"
Attack on Titan,18463568,"{'smut', 'alternate universe - modern setting', 'explicit', 'plot what plot/porn without plot', 'explicit sexual content'}"
Attack on Titan,18462761,"{'mature', 'manga spoilers', 'first kiss'}"
Attack on Titan,18318854,"{'angst', 'mature', 'sexual content', 'mental health issues', 'slow burn'}"
Attack on Titan,18018893,"{'vampire levi (shingeki no kyojin)', 'angst with a happy ending', 'shower sex', 'masturbation', 'mature', 'blood and injury', 'anal sex', 'sex toys', 'blood', 'blood drinking', 'fluff and smut', 'blood and gore', 'biting', 'alternate universe - modern setting', 'tooth-rotting fluff', 'fluff', 'sleepy cuddles', 'mutual masturbation', 'domestic fluff', 'semi-public sex', 'blood kink', 'masturbation in bathroom', 'underage sex', 'alternate universe', 'oral sex', 'romantic fluff'}"
Attack on Titan,17876219,"{'mature', 'fluff', 'slow build', 'dancing'}"
Attack on Titan,16688467,"{'unrequited love', 'angst', 'explicit', 'body horror', 'death'}"
Attack on Titan,5080000,"{'alternate universe - royalty', 'mating bond', 'alternate universe', 'knotting', 'alpha levi (shingeki no kyojin)', 'omega armin arlert', 'marking', 'scent kink', 'omegaverse', 'scent marking', 'polyamory', 'alpha eren yeager', 'explicit', 'alpha/beta/omega dynamics', 'scenting', 'mating cycles/in heat'}"
Attack on Titan,15360192,"{'mature', 'angst', 'modern au', 'confessions', 'slow burn', 'first love'}"
Attack on Titan,17141921,"{'threesome - m/m/m', 'alternate universe', 'smut', 'explicit'}"
Attack on Titan,15936371,"{'soulmates', 'torture', 'slow build', 'explicit', 'alpha/beta/omega dynamics', 'pining'}"
Attack on Titan,18395408,"{'levi-centric (shingeki no kyojin)', 'reader-insert', 'tooth-rotting fluff', 'domestic fluff', 'fluff', 'romance', 'fluff and angst', 'teen and up audiences', 'levi (shingeki no kyojin) swears', 'angst'}"
Attack on Titan,14690808,"{'mafia', 'light angst', 'other additional tags to be added', 'alternate universe - modern setting', 'eren yeager has heterochromia iridum', 'post-traumatic stress disorder - ptsd', ""i'm bad at tagging"", 'slow burn', 'not rated'}"
Attack on Titan,18450248,{'not rated'}
Attack on Titan,18450125,"{'established relationship', 'general audiences', 'alternate universe - modern setting', 'domestic fluff', 'fluff', 'comedy'}"
Attack on Titan,15350937,"{'alternate universe - high school', 'masturbation', 'dry humping', 'anal sex', 'top eren yeager', 'explicit', 'falling in love', 'fluff', 'mutual masturbation', 'angst', 'humor', 'cuddling & snuggling', 'kissing', 'confessions', 'blow jobs', 'slow burn', 'bottom levi (shingeki no kyojin)', 'hand jobs', 'rimming', 'non-binary hange', 'enemies to lovers'}"
Attack on Titan,17599262,"{'alternate universe - high school', 'masturbation', 'alpha erwin smith', 'anal sex', 'rough kissing', 'scent kink', 'crossdressing', 'biting', 'anxiety attacks', 'omega armin arlert', 'pregnant eren yeager', 'domestic fluff', 'fluff', 'fluff and angst', 'alpha/omega', 'first time', 'rough sex', 'scent marking', 'mutual pining', 'mating rituals', 'cuddling & snuggling', 'blood kink', 'top levi (shingeki no kyojin)', 'scenting', 'naked cuddling', 'alternate universe - soulmates', 'mpreg', 'mating bond', 'reincarnation', 'alpha levi (shingeki no kyojin)', 'bottom eren yeager', 'happy ending', 'alpha/beta/omega dynamics', 'not rated', 'knotting', 'alternate universe', 'oral sex', 'omega eren yeager', 'possessive levi (shingeki no kyojin)', 'mating cycles/in heat'}"
Attack on Titan,18316076,"{'alternate universe - fantasy', 'horror', 'assassins & hitmen', 'fluff', 'body horror', 'explicit'}"
Attack on Titan,12738849,{'explicit'}
Attack on Titan,15041777,"{'masturbation', 'voyeurism', 'porn with plot', 'rope bondage', 'pining', 'explicit', 'light angst'}"
Attack on Titan,18419237,{'not rated'}
Attack on Titan,18446672,"{'alternate universe - modern setting', 'teen and up audiences', 'alternate universe - soulmates'}"
Attack on Titan,18421011,"{'kidnapping', 'cat/human hybrids', 'mature', 'smut', 'angst with a happy ending', 'bruises', 'fluff and angst', 'bottom eren yeager', 'possessive levi (shingeki no kyojin)', 'happy ending', 'angst', 'top levi (shingeki no kyojin)', 'light angst', 'eren is a little shit'}"
Attack on Titan,16912833,"{'eren yeager needs a hug', 'pregnant eren yeager', 'alpha/omega', 'mpreg', 'mating bites', 'alpha levi (shingeki no kyojin)', 'alpha/beta/omega dynamics', 'alternate universe - no titans (shingeki no kyojin)', 'slow burn', 'protective levi (shingeki no kyojin)', 'omega eren yeager', 'military', 'omega verse', 'mates', 'teen and up audiences', 'secret relationship', 'running away', 'prostitution'}"
Attack on Titan,16107785,"{'sex', 'vaginal sex', 'feels', 'modern era', 'oral sex', 'alternate universe - modern setting', 'good parent grisha yeager', 'explicit', 'vaginal fingering'}"
Attack on Titan,18441593,"{'world war ii', 'drama & romance', 'mature', 'alternate universe - world war ii', 'fluff and humor', 'modern era', 'alternate universe - modern setting', 'humor', '1940s', 'soldiers', 'romance', 'drama', 'conversations', 'eventual romance', 'friendship', 'modern shingeki no kyojin | attack on titan'}"
Attack on Titan,18440816,"{'bottom levi (shingeki no kyojin)', 'anal sex', 'anal fingering', 'explicit', 'explicit sexual content'}"
Attack on Titan,16737163,"{'dominant erwin smith', 'dominant levi (shingeki no kyojin)', 'eruri - freeform', 'explicit'}"
Attack on Titan,14945585,{'mature'}
Attack on Titan,13860687,"{'fights', 'anal sex', 'bdsm', 'cunnilingus', 'explicit', 'fluff and smut', 'hurt/comfort', 'bondage', 'smut', 'alternate universe - modern setting', 'rope bondage', 'fluff', 'angst', 'break up', 'alternate universe - college/university', 'eremika - freeform', 'drama', 'light dom/sub', 'alternate universe', 'orgasm delay/denial'}"
Attack on Titan,18438440,"{'mature', 'romance', 'fluff'}"
Attack on Titan,17399219,"{'alternate universe - modern setting', 'alternate universe - canon divergence', 'teen and up audiences'}"
Attack on Titan,18298265,"{'explicit', 'reader-insert', 'smut'}"
Attack on Titan,18333596,"{'alternate universe', 'alternate universe - fantasy', 'alternate universe - modern setting', 'alternate universe - canon divergence', 'alternate universe - historical', 'one shot collection', 'teen and up audiences', 'alternate universe - soulmates'}"
Attack on Titan,4809887,"{'college', 'secrets', 'unrequited love', 'rough kissing', 'relationship(s)', 'bdsm', 'love triangles', 'drugs', 'anxiety attacks', 'fluff and angst', 'angst', 'emotional manipulation', 'pov alternating', 'mystery', 'social anxiety', 'heavy angst', 'sexual tension', 'threesome - m/m/m', 'hand jobs', 'friendship/love', 'anxiety', 'original character(s)', 'injury', 'explicit', 'crossdressing', 'hurt/comfort', 'smut', 'emotional baggage', 'daddy kink', 'reincarnation', 'romance', 'blow jobs', 'light bdsm', 'eventual smut', 'sexual content', 'drunk sex', 'implied/referenced child abuse', 'post-traumatic stress disorder - ptsd', 'angst with a happy ending', 'anal sex', 'sex toys', 'anal fingering', 'violence', 'fluff and smut', 'large cock', 'eruri - freeform', 'emotional hurt/comfort', 'alternate universe - college/university', 'happy ending', 'polyamory', 'implied sexual content', 'kinks', 'stalking', 'funny', 'emotional/psychological abuse', 'shower sex', 'implied/referenced self-harm', 'love', 'past relationship(s)', 'falling in love', 'obsession', 'ereri', 'dom/sub', 'rough sex', 'seme eren yeager', 'explicit sexual content', 'memory alteration', 'uke levi (shingeki no kyojin)', 'love confessions', 'family secrets', 'jealousy', 'recreational drug use', 'friendship'}"
Attack on Titan,14083260,"{'mature', 'sad', 'ereri', 'alternate universe - modern setting', 'car accidents', 'fluff', 'first kiss', 'angst', 'slow burn', 'funny', 'non-binary hange'}"
Attack on Titan,10990059,"{'minor mikasa ackerman/eren yeager', 'protective mikasa ackerman', 'best friends', 'pov multiple', 'teen and up audiences', 'slow romance'}"
Attack on Titan,18428918,"{'lemon', 'love', 'smut', 'comfort', 'mature', 'anxiety', 'romance'}"
Attack on Titan,18428840,"{'lemon', 'love', 'smut', 'mature', 'romance', 'angst'}"
Attack on Titan,15208169,"{'murder', ""character's name spelled as hanji"", 'other additional tags to be added', 'mature', 'slow build', ""character's name spelled as jaeger""}"
Attack on Titan,14942001,"{'sex', 'first love', 'love confessions', 'dominant levi (shingeki no kyojin)', 'rough kissing', 'rough sex', 'secret relationship', 'explicit'}"
Attack on Titan,14760122,"{'angst with a happy ending', 'friends to lovers', 'ereri', 'riren - freeform', ""i don't even know"", 'teen and up audiences', 'angst', 'emotional hurt/comfort'}"
Attack on Titan,18420822,{'teen and up audiences'}
Attack on Titan,18177659,{'explicit'}
Attack on Titan,13735872,{'mature'}
Attack on Titan,11023143,"{'mpreg', 'omega eren yeager', 'alpha levi (shingeki no kyojin)', 'smut', 'other additional tags to be added', 'omega verse', 'rutting', 'teen and up audiences', 'alpha/beta/omega dynamics', 'mating cycles/in heat'}"
Attack on Titan,18418436,{'general audiences'}
Attack on Titan,15593496,"{'angst with a happy ending', 'enemies to friends to lovers', 'bullying', 'homophobia', 'teen and up audiences', 'slow burn'}"
Attack on Titan,18413087,"{'fluff', 'not rated'}"
Attack on Titan,18341558,"{'pain', 'alternate universe', 'other additional tags to be added', 'switch eren yeager', 'oral sex', 'anal sex', 'alternate universe - zombie apocalypse', 'happy ending', 'switch levi (shingeki no kyojin)', 'pov third person', 'angst', 'explicit', 'violence', 'implied/referenced suicide'}"
Attack on Titan,18404849,{'mature'}
Attack on Titan,17257208,"{'manga spoilers', 'canon-typical violence', 'explicit', 'hurt/comfort'}"
Attack on Titan,15518637,"{'other additional tags to be added', 'mature', 'anal sex', 'anal fingering', 'fluff and smut', 'fluff and angst', 'first time', 'top levi (shingeki no kyojin)', 'alternate universe - soulmates', 'mating bond', 'mating bites', 'alpha levi (shingeki no kyojin)', 'bottom eren yeager', 'alpha/beta/omega dynamics', 'tags may change', 'eventual smut', 'knotting', 'omega eren yeager', 'omega verse', ""grisha yeager's bad parenting"", 'abuse', 'eren is a little shit', 'teacher-student relationship', 'mating cycles/in heat'}"
Attack on Titan,18412328,"{'mature', 'alternate universe - canon divergence', 'canonical character death', 'canon-typical violence', 'alternate universe - canon'}"
Attack on Titan,18411566,"{'mature', 'alternate universe - canon', 'alternate universe - no titans (shingeki no kyojin)', 'no smut'}"
Attack on Titan,18006935,"{'character death', 'background relationships', 'fluff', 'pov third person', 'angst', 'friendship', 'teen and up audiences', 'post-traumatic stress disorder - ptsd', 'no smut'}"
Attack on Titan,12051516,"{'mature', 'other additional tags to be added', 'fluff and smut', 'explicit language', 'angst and hurt/comfort', 'alternate universe - modern setting', 'angst and fluff and smut', 'slow build', 'top levi (shingeki no kyojin)', 'explicit sexual content', 'homophobia', 'mythical beings & creatures', 'bottom eren yeager', 'alpha/beta/omega dynamics', 'eventual smut', 'mates', ""grisha yeager's bad parenting"", 'bonding', 'mating cycles/in heat'}"
Attack on Titan,16759957,"{'eventual smut', 'a/b/o', 'teen and up audiences', 'slow build', 'alpha/beta/omega dynamics', 'slow burn'}"
Attack on Titan,16919706,"{'bottom levi (shingeki no kyojin)', 'mature', 'domestic fluff', 'alternate universe - historical', 'alpha/omega', 'top eren yeager', 'running away', 'alpha eren yeager', 'alpha/beta/omega dynamics', 'omega levi (shingeki no kyojin)'}"
Attack on Titan,18403823,"{'minor mikasa ackerman/eren yeager', 'sexual tension', 'angst and tragedy', 'love/hate', 'levi (shingeki no kyojin) swears', 'romance', 'explicit', 'hurt/comfort', 'explicit sexual content'}"
Attack on Titan,17791058,"{'eventual smut', 'omegaverse', 'angst', 'explicit', 'misunderstandings', 'slow burn'}"
Attack on Titan,15395034,"{""character's name spelled as hanji"", 'reincarnation', 'angst and hurt/comfort', 'badass mikasa ackerman', 'mature', 'older eren yeager', 'levi/eren yeager-centric', 'badass eren yeager', 'post-traumatic stress disorder - ptsd', 'titan eren yeager'}"
Attack on Titan,18407048,"{'eruri - freeform', 'canonverse', 'teen and up audiences', 'hurt/comfort'}"
Attack on Titan,18406115,"{'teen and up audiences', 'drabble'}"
Attack on Titan,14431065,{'mature'}
Attack on Titan,13555755,"{'memory alteration', 'teen and up audiences'}"
Attack on Titan,18405236,"{'top levi (shingeki no kyojin)', 'explicit', 'eren is a little shit'}"
Attack on Titan,14577429,"{'teen and up audiences', 'death'}"
Attack on Titan,4612014,{'teen and up audiences'}
Attack on Titan,13914384,"{'mature', 'alternate universe - world war ii', 'eremika - freeform'}"
Attack on Titan,18377573,"{'eventual smut', 'alternate universe - high school', 'teacher-student relationship', 'other additional tags to be added', 'bullying', 'eventual romance', 'eventual fluff', 'attempt at humor', 'fluff', 'swearing', 'alive carla yeager', ""grisha yeager's bad parenting"", 'teen and up audiences', 'angst', ""character's name spelled as jaeger"", 'slow burn'}"
Attack on Titan,17885315,"{'mature', 'alternate universe - modern setting', 'character death', 'angst', 'post-traumatic stress disorder - ptsd', 'violence'}"
Attack on Titan,18400466,"{'fluff and smut', 'daddy kink', 'explicit', 'shameless smut'}"
Attack on Titan,18399251,"{'alternate universe - college/university', 'not rated'}"
Attack on Titan,15874935,"{'alcohol', 'alternate universe - college/university', 'recreational drug use', 'alternate universe - modern setting', 'mental health issues', 'teen and up audiences', 'background relationships', 'marijuana', 'slow burn'}"
Attack on Titan,18397133,{'not rated'}
Attack on Titan,18394328,"{'general audiences', 'sleepy cuddles', 'protective levi (shingeki no kyojin)'}"
Attack on Titan,17144966,"{'emotional/psychological abuse', 'mental instability', 'explicit', 'hurt/comfort', 'smut', 'rape/non-con elements', 'fluff and angst', 'emotional hurt/comfort', 'physical abuse', 'mental health issues', 'mental breakdown'}"
Attack on Titan,18083966,"{'action/adventure', 'romance', 'drama', 'angst', 'not rated'}"
Attack on Titan,4480880,"{'general audiences', 'angst', 'alternate universe - dark', 'hurt/comfort'}"
Attack on Titan,5890750,"{'alternate universe - historical', 'not rated'}"
Attack on Titan,10508928,"{'mature', 'eren yeager has heterochromia iridum', 'badass eren yeager', 'dragons', 'titans'}"
Attack on Titan,18390680,"{'general audiences', 'alternate universe - modern setting'}"
Attack on Titan,18389291,"{'general audiences', 'fluff', 'marriage proposal'}"
Attack on Titan,18388796,{'teen and up audiences'}
Attack on Titan,18389000,"{'mature', 'eremika - freeform', 'pre-canon', 'canon universe', 'slow burn'}"
Attack on Titan,17853392,"{'teen and up audiences', 'alternate universe - rock band'}"
Attack on Titan,18387701,"{'smut', 'blow jobs', 'explicit', 'fluff and smut'}"
Attack on Titan,15870861,"{'dark', 'masturbation', 'dominant erwin smith', 'tragedy', 'manipulation', 'violence', 'explicit', 'hurt/comfort', 'smut', 'rape/non-con elements', 'age difference', 'angst', 'loss of virginity', 'vaginal fingering', 'explicit sexual content', 'sex', 'drama', 'alternate universe', 'possessive levi (shingeki no kyojin)', 'abuse', 'panic attacks'}"
Attack on Titan,16210244,"{'fluff', 'gay', 'general audiences', 'denial of feelings', 'yaoi', 'first love'}"
Attack on Titan,16170971,"{'unrequited love', 'friends with benefits', 'one-sided attraction', 'hurt/comfort', 'love triangles', 'gay sex', 'emotional hurt', 'angst and feels', 'one shot collection', 'angst', 'break up', 'gay', 'heavy angst', 'sexual content', 'teen and up audiences', 'secret relationship'}"
Attack on Titan,5935645,"{'mature', 'eruri - freeform', 'canonverse'}"
Attack on Titan,18376637,"{'teen and up audiences', 'canonverse'}"
Attack on Titan,16531184,"{'drama & romance', 'body worship', 'anal sex', 'soulmates', 'good parent grisha yeager', 'explicit', 'falling in love', 'fluff', 'slow build', 'top levi (shingeki no kyojin)', 'pov eren yeager', 'protective mikasa ackerman', 'pov levi (shingeki no kyojin)', 'blow jobs', 'bottom eren yeager', 'levi (shingeki no kyojin) swears', 'protective levi (shingeki no kyojin)', 'eventual smut', 'dominant levi (shingeki no kyojin)', 'alive carla yeager', 'possessive levi (shingeki no kyojin)', 'levi/eren yeager-centric', 'eren is a little shit'}"
Attack on Titan,18329105,"{'mature', 'polyamory'}"
Attack on Titan,18382262,"{'mature', '利艾 - freeform'}"
Attack on Titan,17726039,"{'angst with a happy ending', 'alternate universe', 'smut', 'mature', 'alternate universe - modern setting', 'falling in love', 'fluff', 'fluff and angst', 'top levi (shingeki no kyojin)', 'bottom eren yeager', 'slow romance', 'angst', 'slow burn'}"
Attack on Titan,18381278,"{'aot - freeform', 'gay', 'eruri - freeform', 'teen and up audiences', 'mild smut', 'attack on titan - freeform'}"
Attack on Titan,16288682,"{'mature', 'hurt/comfort', 'unhealthy coping mechanisms', 'alternate universe - modern setting', 'fluff', 'angst', 'humor', 'artist eren yeager', 'pining levi (shingeki no kyojin)', 'eventual smut', 'dreams and nightmares', 'eventual romance'}"
Attack on Titan,15790302,"{'i wrote this instead of sleeping', 'feelings', 'character death', 'blood and gore', 'female hange zoë', 'food', ""i don't even know"", ""character's name spelled as hanji"", 'self-harm', 'spoilers', 'teen and up audiences', 'self-esteem issues'}"
Attack on Titan,18378041,"{'mature', 'implied sexual content'}"
Attack on Titan,15778020,"{'arranged marriage', 'alternate universe - royalty', 'angst with a happy ending', 'anal sex', 'anal fingering', 'explicit', 'overstimulation', 'underage eren yeager', 'smut', 'fluff', 'rape/non-con elements', 'alpha levi', 'angst', 'manga spoilers', 'bottom eren', 'blow jobs', 'top levi', 'alpha/beta/omega dynamics', 'dubious consent', 'omega eren', 'knotting'}"
Attack on Titan,18318446,"{'alternate universe', 'military', 'mature', 'eventual levi/eren yeager', 'blood and violence'}"
Attack on Titan,11113572,"{'alternate universe - high school', 'coming of age', 'anal sex', 'top eren yeager', 'explicit', 'fluff and humor', 'consensual sex', 'fluff and angst', 'first time', 'pov levi (shingeki no kyojin)', 'bottom levi (shingeki no kyojin)', 'sexual tension', 'hand jobs', 'coming out'}"
Attack on Titan,18354539,"{'cunnilingus', 'explicit', 'underage eren yeager', 'first time', 'rough sex', 'loss of virginity', 'vaginal fingering', 'plot what plot/porn without plot', 'alternate universe - historical', 'vaginal sex'}"
Attack on Titan,18373604,"{'canon era', 'mature', 'anxiety', 'panic attacks', 'canonverse', 'one shot', 'angst', 'hurt/comfort'}"
Attack on Titan,12790746,"{'bottom levi (shingeki no kyojin)', 'murder', 'minor character death', 'ereri', 'uke levi (shingeki no kyojin)', 'consensual sex', 'seme eren yeager', 'explicit', 'top eren yeager', 'trigger warning', 'possessive eren yeager'}"
Attack on Titan,14316534,"{'sexual content', 'alternate universe - modern setting', 'age difference', 'slow build', 'explicit', 'slow burn'}"
Attack on Titan,18370427,"{'bottom levi (shingeki no kyojin)', 'kissing', 'general audiences', 'uke levi (shingeki no kyojin)', 'other additional tags to be added', 'top eren yeager', 'levi/eren yeager-centric', 'seme eren yeager'}"
Attack on Titan,18285593,{'mature'}
Attack on Titan,18365924,"{'explicit sexual content', 'not rated'}"
Attack on Titan,18366125,"{'teen and up audiences', 'friends to lovers'}"
Attack on Titan,13995243,"{'smut', 'oral sex', 'dirty talk', 'bottom erwin smith', 'anal sex', 'first kiss', 'rimming', 'anal fingering', 'first time', 'explicit'}"
Attack on Titan,18317690,"{""character's name spelled as hanji"", 'general audiences'}"
Attack on Titan,17561054,"{'masturbation', 'bottom erwin smith', 'blood drinking', 'explicit', 'top levi (shingeki no kyojin)', 'violence', 'explicit sexual content', 'implied sexual content'}"
Attack on Titan,8319184,"{'murder', 'fights', 'riren - freeform', 'depression', 'mental instability', 'explicit', 'unhealthy relationships', 'overstimulation', 'implied/referenced suicide', 'smut', 'ereri', 'suicidal thoughts', 'angst', 'alternate universe - dark', 'loss', 'trigger warning', 'light bdsm', 'dubious consent', 'dominant levi (shingeki no kyojin)', 'bruises', 'multiple orgasms', 'running away', 'flashbacks'}"
Attack on Titan,12755148,"{'emotional/psychological abuse', 'post-traumatic stress disorder - ptsd', 'other additional tags to be added', 'mature', 'alpha erwin smith', 'anal sex', 'a/b/o', 'depression', 'anal fingering', 'fluff and smut', 'hurt/comfort', 'implied/referenced rape/non-con', 'angst and hurt/comfort', 'smut', 'tooth-rotting fluff', 'car accidents', 'omega armin arlert', 'alternate universe - modern setting', 'rape/non-con elements', 'fluff and angst', 'alpha levi (shingeki no kyojin)', 'blow jobs', 'alpha/beta/omega dynamics', 'kidnapping', 'knotting', 'omega eren yeager', 'oral sex', 'omega verse', 'eventual happy ending', 'rutting', 'rimming', 'levi/eren yeager-centric', 'bonding', 'eren is a little shit', 'mating cycles/in heat'}"
Attack on Titan,17022495,"{'cheating', 'porn with feelings', 'one shot', 'angst', 'explicit'}"
Attack on Titan,18125081,{'not rated'}
Attack on Titan,18364358,"{'teen and up audiences', 'canon-typical violence'}"
Attack on Titan,13882482,"{'world war ii', 'childhood friends', 'texting', 'marriage', 'love triangles', 'friends to lovers', 'alternate universe - modern setting', 'swearing', 'fluff', 'flirting', 'married life', 'alternate universe - college/university', 'romance', 'pregnancy', 'polyamory', 'marriage proposal', 'not rated', 'military', 'jealousy'}"
Attack on Titan,15479790,"{'alternate universe - high school', 'friends to lovers', 'general audiences', 'alternate universe - modern setting', 'texting', 'fluff', 'flirting', 'friendship', 'romance', 'swearing', 'betrayal', 'trust issues'}"
Attack on Titan,18361724,"{'teen and up audiences', 'jealousy'}"
Attack on Titan,15773481,"{'mature', 'loneliness', 'implied/referenced self-harm', 'triggers', 'implied/referenced suicide', 'established relationship', 'alternate universe - modern setting', 'fluff and angst', 'slow build', 'alternate universe - college/university', 'romance', 'references to depression', 'drama', 'jealousy', 'teacher-student relationship'}"
Attack on Titan,18358943,"{'general audiences', 'fluff', 'one shot'}"
Attack on Titan,14751641,"{'childhood friends', 'sad', 'healing', 'flirting', 'angst and feels', 'fluff and angst', 'angst', 'protective mikasa ackerman', 'teasing', 'levi (shingeki no kyojin) swears', 'bonding', 'injury', 'fights', 'hurt/comfort', 'developing relationship', 'cute', 'emotional hurt', 'emotional baggage', 'age difference', 'loss of parent(s)', 'swearing', 'female hange zoë', 'family', 'alive carla yeager', 'angst with a happy ending', 'murder', 'sad with a happy ending', 'emotional hurt/comfort', 'protective levi (shingeki no kyojin)', 'internal conflict', 'shyness', 'childhood trauma', 'teen and up audiences', 'family feels', 'loneliness', 'psychological trauma', 'first meetings', 'feels', 'love', 'bullying', 'protectiveness', 'death', 'loss', 'food', 'grief/mourning', 'conversations', 'alternate universe', 'bruises', 'survival'}"
Attack on Titan,17639387,{'mature'}
Attack on Titan,14167560,"{'horror', 'romance', 'teen and up audiences', 'family drama', 'drama', 'attack on titan - freeform'}"
Attack on Titan,18357110,"{'mature', 'angst', 'forbidden love'}"
Attack on Titan,9796280,"{'teen and up audiences', 'modern au'}"
Attack on Titan,5151410,"{'levi-centric (shingeki no kyojin)', 'other additional tags to be added', 'ereri', 'alternate universe - modern setting', 'college student eren yeager', 'teen and up audiences'}"
Attack on Titan,14990510,"{'mature', 'alternate universe - modern setting'}"
Attack on Titan,18351980,"{'mating', 'explicit', 'dragons', 'hurt/comfort', 'alternate universe - fantasy', 'magic', 'protectiveness', 'mating bites', 'alpha/beta/omega dynamics', 'knotting', 'rimming', 'mating cycles/in heat'}"
Attack on Titan,18351185,"{'teen and up audiences', 'canon compliant', 'angst'}"
Attack on Titan,18350753,"{'mature', '利艾 - freeform'}"
Attack on Titan,18350411,"{'alternate universe - modern with magic', 'explicit', 'dubious consent'}"
Attack on Titan,18319349,"{'mature', 'alternate universe - modern setting', 'enemies to lovers'}"
Attack on Titan,18116879,"{'bottom levi (shingeki no kyojin)', 'mature', 'ereri', 'top eren yeager'}"
Attack on Titan,8421631,"{'love', 'smut', 'mature', 'ereri', 'obsession', 'stalking', 'romance'}"
Attack on Titan,15248211,"{'angst and tragedy', 'tragedy', 'blood and torture', 'marriage', 'explicit', 'blood and violence', 'action', 'war', 'love triangles', 'fluff and humor', 'action & romance', 'action/adventure', 'love', 'falling in love', 'true love', 'fluff', 'fluff and angst', 'first time', 'angst', 'death', 'explicit sexual content', 'memory alteration', 'pregnancy', 'betrayal', 'drama', 'non-explicit sex', 'marriage proposal', 'family', 'time travel', 'alternate universe - canon divergence', 'trauma', 'slow romance', 'memory loss', 'past abuse'}"
Attack on Titan,18346034,"{'implied mpreg', 'omega verse', 'teen and up audiences', 'alpha eren yeager'}"
Attack on Titan,18274013,"{'knotting', 'masturbation', 'omega eren yeager', 'alpha levi (shingeki no kyojin)', 'scent kink', 'alpha/omega', 'explicit', 'alpha/beta/omega dynamics'}"
Attack on Titan,15854412,"{'anal sex', 'top eren yeager', 'explicit', 'fluff and smut', 'smut', 'alternate universe - modern setting', 'first time', 'first kiss', 'angst', 'romance', 'homophobia', 'bottom levi (shingeki no kyojin)', 'switching', 'secret relationship'}"
Attack on Titan,15992372,"{'alternate universe - modern setting', 'teen and up audiences'}"
Attack on Titan,18342353,"{'mature', 'badass mikasa ackerman'}"
Attack on Titan,16283111,"{'masturbation', 'angst and tragedy', 'alpha erwin smith', 'love triangles', 'bottom erwin smith', 'alternate universe - modern setting', 'fluff and angst', 'first time blow jobs', 'sexual tension', 'hand jobs', 'oral sex', 'friendship/love', 'orgasm delay/denial', 'possessive levi (shingeki no kyojin)', 'dominant erwin smith', 'explicit', 'explicit language', 'smut', 'age difference', 'top levi (shingeki no kyojin)', 'naked cuddling', 'sex', 'dirty talk', 'pov levi (shingeki no kyojin)', 'romance', 'bottom levi (shingeki no kyojin)', 'eventual smut', 'sexual content', 'porn with plot', 'anal sex', 'cunnilingus', 'fluff and smut', 'shameless smut', 'large cock', 'threesome', 'drama', 'protective levi (shingeki no kyojin)', 'vaginal sex', 'dominant levi (shingeki no kyojin)', 'light bondage', 'panic attacks', 'shower sex', 'friends to lovers', 'lemon', 'falling in love', 'consensual sex', 'rough sex', 'vaginal fingering', 'explicit sexual content', 'reader-insert', 'light dom/sub', 'wall sex', 'love confessions', 'multiple orgasms'}"
Attack on Titan,15690537,"{'angst and hurt/comfort', 'smut', 'panic attacks', 'blood and gore', 'marking', 'fluff', 'bottom eren', 'pregnancy', 'top levi', 'scent marking', 'mating rituals', 'violence', 'explicit', 'depression', 'mating cycles/in heat', 'protective levi (shingeki no kyojin)'}"
Attack on Titan,18340412,"{'ereri', 'riren - freeform', 'not rated'}"
Attack on Titan,18039266,"{'emotional/psychological abuse', 'murder', 'mature', 'alternate universe - modern setting', 'psychological torture', 'anal sex', 'emotional hurt/comfort', 'modern shingeki no kyojin | attack on titan', 'emotional manipulation'}"
Attack on Titan,18338711,"{'alternate universe - high school', 'vaginal sex', 'explicit', 'teacher-student relationship'}"
