fandom,id,tags
Doctor Who,18383285,"{'teen and up audiences', 'fluff', 'fluff and humor'}"
Doctor Who,3307373,"{'teen and up audiences', 'drabble collection'}"
Doctor Who,517420,"{'drabble collection', 'general audiences', 'humor', 'hurt/comfort', 'crack', 'fluff', 'angst'}"
Doctor Who,14334819,"{'established relationship', 'angst with a happy ending', 'eventual happy ending', 'mature', 'hurt/comfort', 'post-traumatic stress disorder - ptsd', 'nightmares', 'fluff', 'angst'}"
Doctor Who,18144989,"{'slow burn', 'friends to lovers', 'alternate universe', 'domestic fluff', 'mystery', 'not rated'}"
Doctor Who,17610197,"{'mind control', 'alternate universe - fantasy', 'language', 'dragons', 'implied/referenced child abuse', 'magic', 'violence', 'teen and up audiences'}"
Doctor Who,17382263,"{'family', 'general audiences', 'fluff', 'parenthood', 'fluff and angst', 'original character(s)', 'angst'}"
Doctor Who,17856491,"{'work in progress', 'teen and up audiences'}"
Doctor Who,15770448,"{'explicit', 'romance', 'alternate universe - human'}"
Doctor Who,18567403,"{'ptsd', 'anxiety', 'panic attacks', 'teen and up audiences', 'angst'}"
Doctor Who,6504067,"{'drabble', 'general audiences', 'audio series: destiny of the doctor', 'mind control', 'prompt fic', 'spoilers', 'mistaken identity', 'character death', 'drabble collection', 'implied/referenced suicide', 'team as family', 'fluff and angst', 'gap filler', 'female friendship'}"
Doctor Who,18378209,"{'general audiences', 'science fiction'}"
Doctor Who,18571606,"{'humor', 'teen and up audiences'}"
Doctor Who,14715449,{'general audiences'}
Doctor Who,18568399,"{'panic attacks', 'not rated'}"
Doctor Who,18034736,{'general audiences'}
Doctor Who,16312484,"{'general audiences', 'hurt/comfort', 'introspection', 'one shot', 'whump', 'fluff'}"
Doctor Who,16040918,{'mature'}
Doctor Who,18282941,"{'established relationship', 'timey-wimey', 'mature'}"
Doctor Who,18522169,"{'explicit', 'first time'}"
Doctor Who,18564370,"{'mature', 'flirting'}"
Doctor Who,18179516,"{'general audiences', 'alt verse', 'action', 'romance', 'drama', 'love'}"
Doctor Who,18362453,"{'cats', 'alt verse', 'domestic fluff', 'romance', 'drama', 'not rated'}"
Doctor Who,18316682,"{'horror', 'general audiences', 'alt verse', 'alternate universe', 'angst'}"
Doctor Who,18562789,"{'friendship', 'community: fic_promptly', 'general audiences', 'mystery', 'the hub (torchwood)', 'drama'}"
Doctor Who,18501592,"{'timey-wimey', 'general audiences'}"
Doctor Who,17488694,{'general audiences'}
Doctor Who,18551305,{'not rated'}
Doctor Who,15656337,"{'multiple crossovers', 'alternate universe - canon divergence', 'teen and up audiences'}"
Doctor Who,18394895,"{'mature', 'slow burn', 'alternative universe', 'thasmin', 'au', 'romance', 'drama', 'angst'}"
Doctor Who,17200322,{'mature'}
Doctor Who,17631329,"{'older man/younger woman', 'mature', 'eventual smut', 'slow burn', 'mutual pining'}"
Doctor Who,1125058,"{'memory loss', 'dirty talk', 'bondage', 'double penetration', 'angst', 'friends to lovers', 'oral sex', 'reunions', 'action', 'explicit'}"
Doctor Who,18500032,"{'teen and up audiences', 'eventual happy ending', 'work in progress', 'fake/pretend relationship', 'eventual romance', 'sharing a bed', 'slow burn', 'some humor', 'friendship/love', 'romance', 'drama', 'fluff', 'light angst'}"
Doctor Who,15824745,"{'murder', 'post-traumatic stress disorder - ptsd', 'teen and up audiences'}"
Doctor Who,17513288,"{'explicit', 'eventual smut', 'slow burn', 'hurt/comfort', 'first time', 'fluff and angst'}"
Doctor Who,78605,{'teen and up audiences'}
Doctor Who,16036184,"{'friendship', 'mature', 'humor', 'tenth doctor era', 'time travel', 'adventure & romance', 'slow build', 'dark', 'science fiction', 'romance', 'adventure', 'drama', 'fluff', 'fluff and humor', 'friendship/love', 'angst'}"
Doctor Who,18471502,"{'mature', 'eventual romance', 'doctor who references'}"
Doctor Who,18555259,"{'general audiences', 'reunions', 'alternate universe', 'fluff'}"
Doctor Who,11840478,"{'multiple crossovers', 'teen and up audiences', 'adventure'}"
Doctor Who,5508131,{'teen and up audiences'}
Doctor Who,18558478,{'teen and up audiences'}
Doctor Who,18286991,{'teen and up audiences'}
Doctor Who,16454222,"{'reader-insert', 'alternate universe - fantasy', 'alternate universe - soulmates', 'not rated'}"
Doctor Who,17735192,"{'explicit', 'explicit sexual content', 'first time'}"
Doctor Who,15037055,"{'mature', 'alcohol abuse/alcoholism'}"
Doctor Who,17376320,"{'humor', 'hurt/comfort', 'teen and up audiences', 'fluff', 'angst'}"
Doctor Who,16227029,"{'action/adventure', 'friendship', 'teen and up audiences'}"
Doctor Who,6803947,"{'audio series: destiny of the doctor', 'drabble collection', 'unit', 'united nations intelligence taskforce', 'prompt fic', 'teen and up audiences', 'team as family', 'implied/referenced torture', 'fluff and angst', 'spoilers', 'drabble', 'friendship', 'gap filler'}"
Doctor Who,17906993,{'general audiences'}
Doctor Who,18382316,"{'explicit', 'thasmin'}"
Doctor Who,18376064,"{'action/adventure', 'family', 'alternate universe - canon divergence', 'dark', 'crack treated seriously', 'teen and up audiences'}"
Doctor Who,13516746,{'general audiences'}
Doctor Who,18122018,"{'family', 'adventure', 'teen and up audiences'}"
Doctor Who,14990765,"{'doctor who references', 'alternate universe - canon divergence', 'time travel', 'mystery', 'teen and up audiences', 'friendship/love', 'fluff', 'tenth doctor era', 'getting to know each other', 'team tardis', 'crossover', 'danger'}"
Doctor Who,11559609,{'not rated'}
Doctor Who,13993362,{'teen and up audiences'}
Doctor Who,13017909,{'teen and up audiences'}
Doctor Who,14369475,{'mature'}
Doctor Who,18548644,{'teen and up audiences'}
Doctor Who,18427967,"{'fix-it', 'teen and up audiences'}"
Doctor Who,11995323,"{'fix-it', 'mature'}"
Doctor Who,18546166,"{'teen and up audiences', 'fluff and humor'}"
Doctor Who,17770343,"{'teen and up audiences', 'angst'}"
Doctor Who,17321738,{'explicit'}
Doctor Who,15592518,"{'pov second person', 'teen and up audiences', 'angst'}"
Doctor Who,18540670,"{'depression', 'hurt/comfort', 'not rated', 'time travel', 'fluff', 'implied/referenced suicide', 'angst'}"
Doctor Who,11884254,"{'language', 'not rated'}"
Doctor Who,18545605,"{'explicit', 'anal sex', 'double penetration'}"
Doctor Who,18544984,"{'not rated', 'fluff', 'angst'}"
Doctor Who,16435607,{'mature'}
Doctor Who,15812976,{'general audiences'}
Doctor Who,18149039,"{'slow burn', 'teen and up audiences'}"
Doctor Who,16115804,"{'teen and up audiences', 'fluff'}"
Doctor Who,17910419,"{'mature', 'eventual smut', 'sharing a bed', 'friends to lovers', 'alternate universe - canon divergence', 'mutual pining', 'time travel', 'adventure & romance', 'original character(s)', 'slow build', 'angst'}"
Doctor Who,18311786,"{'explicit', 'depression', 'cuddling & snuggling', 'anal sex', 'violence'}"
Doctor Who,18053132,{'mature'}
Doctor Who,16542986,"{'tardis - freeform', 'general audiences'}"
Doctor Who,18536959,"{'mature', 'no smut', 'one shot'}"
Doctor Who,12147108,"{'audio series: destiny of the doctor', 'drabble collection', 'unit', 'united nations intelligence taskforce', 'prompt fic', 'team as family', 'spoilers', 'drabble', 'gap filler', 'general audiences'}"
Doctor Who,18462242,"{'eventually', 'teen and up audiences'}"
Doctor Who,18453983,"{'slow burn', 'emotional hurt/comfort', 'romance', 'teen and up audiences', 'fluff', 'light angst'}"
Doctor Who,18535897,"{'general audiences', 'fluff'}"
Doctor Who,18526648,{'general audiences'}
Doctor Who,17582366,"{'hurt/comfort', 'panic attacks', 'angst', 'suicide attempt', 'teen and up audiences', 'fluff', 'established relationship', 'post-traumatic stress disorder - ptsd'}"
Doctor Who,18287873,"{'angst with a happy ending', 'mature', 'slow burn', 'post-traumatic stress disorder - ptsd', 'romance', 'emotional hurt/comfort', 'angst'}"
Doctor Who,11559231,"{'work in progress', 'not rated'}"
Doctor Who,16581809,"{'drama', 'friendship', 'action/adventure', 'teen and up audiences', 'angst'}"
Doctor Who,17257943,{'general audiences'}
Doctor Who,11267271,{'teen and up audiences'}
Doctor Who,17587418,{'general audiences'}
Doctor Who,18410732,{'general audiences'}
Doctor Who,17251223,"{'cats', 'teen and up audiences', 'humor', 'romance'}"
Doctor Who,18532075,"{'telepathy', 'thasmin', 'teen and up audiences'}"
Doctor Who,16846399,"{'general audiences', 'humor', 'adventure', 'fluff', 'light angst', 'angst'}"
Doctor Who,18521443,"{'fake/pretend relationship', 'mature'}"
Doctor Who,17055245,"{'mature', 'smut', 'romance', 'fluff', 'angst'}"
Doctor Who,9625472,{'explicit'}
Doctor Who,17468702,"{'episode rewrites', 'general audiences', 'alternate universe - canon divergence'}"
Doctor Who,17939768,{'explicit'}
Doctor Who,18444149,"{'fluff', 'thasmin', 'fluff and angst', 'teen and up audiences', 'emotional hurt/comfort', 'angst'}"
Doctor Who,18525937,"{'general audiences', 'humor', 'reunions'}"
Doctor Who,6713779,"{'mature', 'telepathy', 'time lords and ladies', 'jealousy', 'dimension travel', 'alternate universe - canon divergence', 'time travel', 'telepathic bond', 'bad wolf rose tyler', 'time lady rose'}"
Doctor Who,18524218,"{'cute', 'kissing', 'teen and up audiences', 'flirting'}"
Doctor Who,18203816,"{'slow burn', 'teen and up audiences', 'fluff', 'angst'}"
Doctor Who,18485635,"{'canon compliant', 'alternate universe - soulmates', 'reunions', 'teen and up audiences'}"
Doctor Who,18523708,"{'teen and up audiences', 'ficlet', 'drama', 'light angst'}"
Doctor Who,18522826,"{'tumblr prompt', 'general audiences', 'domestic fluff'}"
Doctor Who,17646353,"{'established relationship', 'fluff', 'not rated'}"
Doctor Who,11214855,"{'family', 'general audiences', 'rift (torchwood)', 'cute', 'domestic fluff', 'romance', 'original character(s)', 'love'}"
Doctor Who,12075084,"{'time travel', 'teen and up audiences'}"
Doctor Who,18499564,{'mature'}
Doctor Who,17265302,"{'mutual pining', 'fluff', 'not rated'}"
Doctor Who,16273955,"{'teen and up audiences', 'alternate universe - canon divergence'}"
Doctor Who,15893547,"{'mature', 'dom/sub', 'one shot', 'first time', 'smut', 'bondage'}"
Doctor Who,18517297,"{'fix-it', 'general audiences', 'reunions', 'space wives'}"
Doctor Who,18517234,"{'dragons', 'general audiences'}"
Doctor Who,11977635,"{'audio series: destiny of the doctor', 'drabble collection', 'mistaken identity', 'prompt fic', 'time war', 'teen and up audiences', 'implied/referenced torture', 'fluff and angst', 'spoilers', 'rescue missions', 'drabble', 'gap filler'}"
Doctor Who,18515821,"{'space wives', 'reunions', 'fluff and angst', 'romance', 'teen and up audiences'}"
Doctor Who,18514822,"{'jealousy', 'one shot', 'first kiss', 'teen and up audiences'}"
Doctor Who,18363491,"{'general audiences', 'adventure & romance'}"
Doctor Who,18512815,{'general audiences'}
Doctor Who,18512338,{'mature'}
Doctor Who,18046625,"{'mature', 'panic attacks', 'murder', 'pregnancy'}"
Doctor Who,13332675,"{'general audiences', 'time war', 'au'}"
Doctor Who,18511759,"{'drama', 'friendship', 'community: fic_promptly', 'humor', 'rift (torchwood)', 'misunderstandings', 'teen and up audiences', 'fluff'}"
Doctor Who,13964454,"{'family', 'angst with a happy ending', 'teen and up audiences'}"
Doctor Who,18510076,"{'angst', 'angst with a happy ending', 'introspection', 'not rated'}"
Doctor Who,18510109,"{'doctor who references', 'general audiences', 'alternate universe - canon divergence'}"
Doctor Who,18134528,"{'explicit', 'friendship', 'falling in love', 'alternative universe', 'sex', 'love'}"
Doctor Who,18508855,"{'not rated', 'character death', 'angst'}"
Doctor Who,17850215,"{'eventual romance', 'hurt/comfort', 'thasmin', 'teen and up audiences'}"
Doctor Who,18499720,"{'hurt/comfort', 'romance', 'crossover', 'teen and up audiences', 'angst'}"
Doctor Who,14944764,"{'teen and up audiences', 'romance', 'science fiction', 'adventure'}"
Doctor Who,18505999,"{'tumblr prompt', 'teen and up audiences', 'alternate universe - canon divergence', 'married couple', 'first kiss', 'emotional hurt/comfort'}"
Doctor Who,18504499,"{'alcohol abuse/alcoholism', 'mature', 'hurt/comfort'}"
Doctor Who,18425319,"{'not rated', 'au', 'fluff', 'angst'}"
Doctor Who,18503950,"{'dark doctor', 'not rated'}"
Doctor Who,18503665,"{'mature', 'comfort', 'thirteenth doctor era', 'doctor who - freeform'}"
Doctor Who,17022177,{'mature'}
Doctor Who,17513417,"{'mature', 'other additional tags to be added', 'dimension travel', 'time lady rose', 'time travel', 'getting to know each other', 'romance', 'female friendship', 'fluff'}"
Doctor Who,18502744,"{'explicit', 'gay', 'fake/pretend relationship', 'blow jobs'}"
Doctor Who,18502051,"{'established relationship', 'general audiences', 'thasmin', 'fluff'}"
Doctor Who,18499849,"{'teen and up audiences', 'emotional hurt/comfort', 'fluff and humor'}"
Doctor Who,17770283,"{'mature', 'telepathic sex', 'telepathic bond', 'bad wolf rose tyler'}"
Doctor Who,18498328,"{'general audiences', 'kissing'}"
Doctor Who,18498283,"{'general audiences', 'thasmin', 'angst'}"
Doctor Who,18418271,"{'slow burn', 'thasmin', 'fluff and angst', 'au', 'teen and up audiences'}"
Doctor Who,18497938,"{'implied/referenced character death', 'hurt/comfort', 'loss', 'grief/mourning', 'teen and up audiences', 'angst and hurt/comfort', 'angst'}"
Doctor Who,1370944,"{'general audiences', 'tardis - freeform', 'alternative universe', 'adventure', 'fluff'}"
Doctor Who,17647214,"{'thasmin', 'whump', 'teen and up audiences'}"
Doctor Who,18497506,"{'mature', 'oral sex', 'temporary amnesia', 'thasmin', 'fluff'}"
Doctor Who,18497302,"{'general audiences', 'angst'}"
Doctor Who,17823413,{'teen and up audiences'}
Doctor Who,18496819,{'teen and up audiences'}
Doctor Who,18496519,"{'dark doctor', 'teen and up audiences', 'emotional hurt/comfort'}"
Doctor Who,10651806,"{'crossover', 'mature'}"
Doctor Who,13803183,"{'friendship', 'mature', 'humor', 'eventual romance', 'alternate universe', 'romance', 'fluff', 'alternate universe - human'}"
Doctor Who,17957267,{'general audiences'}
Doctor Who,18492355,"{'general audiences', 'weddings', 'one shot', 'fluff', 'drabble'}"
Doctor Who,18491446,"{'family', 'general audiences', 'character study', 'drama', 'angst'}"
Doctor Who,18491050,"{'embarrassment', 'omorashi', 'teen and up audiences'}"
Doctor Who,17407931,"{'general audiences', 'hurt/comfort', 'thasmin', 'whump'}"
Doctor Who,18490756,"{'tumblr prompt', 'general audiences', 'hurt/comfort', 'nightmares', 'fluff', 'light angst', 'angst'}"
Doctor Who,4932334,"{'minor character death', 'angst', 'unit', 'mature', 'workplace relationship', 'weddings', 'whouffaldi', 'fluff'}"
Doctor Who,16523135,"{'mature', 'doctor who - freeform'}"
Doctor Who,18488290,"{'general audiences', 'thasmin'}"
Doctor Who,18486865,"{'general audiences', 'fluff', 'slow burn', 'thasmin'}"
Doctor Who,18467590,{'teen and up audiences'}
Doctor Who,18483556,"{'general audiences', 'hurt/comfort', 'one shot'}"
Doctor Who,13628115,{'teen and up audiences'}
Doctor Who,17803559,"{'explicit', 'friendship', 'angst with a happy ending', 'falling in love', 'suicide attempt', 'loss', 'alternative universe', 'blindness', 'sex', 'whouffaldi', 'love'}"
Doctor Who,18486157,{'general audiences'}
Doctor Who,16016240,"{'explicit', 'original character(s)', 'regeneration', 'angst and hurt/comfort', 'telepathic sex', 'alternate universe - soulmates', 'revelations'}"
Doctor Who,18483784,"{'fix-it', 'general audiences', 'fluff and angst', 'light angst'}"
Doctor Who,18483274,"{'alternate universe', 'teen and up audiences'}"
Doctor Who,18036467,{'general audiences'}
Doctor Who,18478390,"{'general audiences', 'crossovers & fandom fusions', 'humor', 'fluff'}"
Doctor Who,18153083,{'teen and up audiences'}
Doctor Who,18479047,"{'general audiences', 'one shot', 'fluff', 'drabble'}"
Doctor Who,18479005,"{'cute', 'teen and up audiences'}"
Doctor Who,18478861,"{'general audiences', 'fluff'}"
Doctor Who,17452148,{'general audiences'}
Doctor Who,18200411,"{'mature', 'telepathy', 'temporary amnesia', 'time lady rose'}"
Doctor Who,18477892,"{'drama', 'angst', 'the hub (torchwood)', 'teen and up audiences'}"
Doctor Who,18477406,{'mature'}
Doctor Who,18477340,{'mature'}
Doctor Who,18477091,{'general audiences'}
Doctor Who,18476773,{'teen and up audiences'}
Doctor Who,18476317,{'teen and up audiences'}
Doctor Who,18476269,{'mature'}
Doctor Who,18350909,"{'teen and up audiences', 'horror', 'time travel', 'science fiction', 'mystery', 'adventure'}"
Doctor Who,18476053,{'general audiences'}
Doctor Who,18443648,"{'rescue missions', 'teen and up audiences', 'alpha/beta/omega dynamics'}"
Doctor Who,18225656,"{'mature', 'grief/mourning'}"
Doctor Who,18471991,"{'mature', 'flirting'}"
Doctor Who,18474847,"{'getting to know each other', 'teen and up audiences'}"
Doctor Who,17133818,{'teen and up audiences'}
Doctor Who,18325301,"{'alternate universe - canon divergence', 'fluff and angst', 'panic attacks', 'teen and up audiences'}"
Doctor Who,18461717,"{'torture', 'friendship', 'hurt/comfort', 'whump', 'rescue missions', 'teen and up audiences', 'angst'}"
Doctor Who,1118054,"{'crossover', 'teen and up audiences'}"
Doctor Who,16434032,"{'teen and up audiences', 'fluff'}"
Doctor Who,18468088,"{'fix-it', 'teen and up audiences'}"
Doctor Who,18038651,"{'explicit', 'cuddling & snuggling', 'weddings', 'oral sex', 'anal sex'}"
Doctor Who,7324474,{'teen and up audiences'}
Doctor Who,18468838,"{'fluff', 'general audiences'}"
Doctor Who,18468670,"{'teen and up audiences', 'fluff'}"
Doctor Who,18467779,{'general audiences'}
Doctor Who,1885128,"{'action/adventure', 'mature', 'alternate universe - canon divergence', 'character study', 'romance'}"
Doctor Who,16784470,"{'teen and up audiences', 'angst'}"
Doctor Who,18466126,"{'fluff', 'cute', 'teen and up audiences'}"
Doctor Who,18464857,"{'general audiences', 'introspection', 'romance', 'fluff'}"
Doctor Who,18301892,"{'explicit', 'first time', 'dark doctor', 'angst'}"
Doctor Who,16465181,{'mature'}
Doctor Who,18463415,"{'mild hurt/comfort', 'the hub (torchwood)', 'teen and up audiences', 'fluff'}"
Doctor Who,13282161,"{'loss', 'memory loss', 'implied/referenced suicide', 'angst', 'mature', 'suicide attempt', 'time travel', 'sexual content', 'telepathic bond', 'mystery', 'original character(s)', 'character death', 'love', 'time lords and ladies', 'eventual romance', 'regeneration', 'pregnancy', 'whouffaldi', 'friendship', 'flashbacks', 'non-graphic violence', 'romance', 'time loop', 'implied sexual content', 'friendship/love'}"
Doctor Who,11960937,{'explicit'}
Doctor Who,18459647,{'general audiences'}
Doctor Who,15710640,"{'ptsd', 'eventual smut', 'torture', 'mature', 'smut', 'threesome - f/m/m', 'vampires', 'horror', 'violence', 'fluff and smut', 'fluff', 'kidnapping'}"
Doctor Who,18390668,"{'alternate universe - fantasy', 'teen and up audiences'}"
Doctor Who,18455447,"{'anxiety', 'depression', 'hurt/comfort', 'teen and up audiences'}"
Doctor Who,17965889,"{'mature', 'misunderstandings', 'other additional tags to be added', 'romance', 'eventually', 'time lady rose', 'fluff'}"
Doctor Who,18452972,"{'nightmares', 'fluff', 'general audiences'}"
Doctor Who,18453059,"{'established relationship', 'teen and up audiences', 'workplace relationship', 'ficlet', 'romance', 'drama', 'fluff'}"
Doctor Who,18452564,{'general audiences'}
Doctor Who,18452210,"{'angst with a happy ending', 'first kiss', 'not rated'}"
Doctor Who,18452015,"{'mature', 'alternate universe - fantasy', 'first time', 'magic', 'first kiss'}"
Doctor Who,18451649,{'general audiences'}
Doctor Who,18170297,"{'mature', 'kidnapping', 'oral sex'}"
Doctor Who,18111767,"{'general audiences', 'fluff and humor', 'angst'}"
Doctor Who,18447491,"{'emotional hurt/comfort', 'drabble', 'general audiences'}"
Doctor Who,18444308,"{'friendship', 'cats', 'general audiences', 'humor', 'hurt/comfort', 'fluff and angst', 'fluff'}"
Doctor Who,6883747,"{'telepathy', 'no smut', 'mature', 'time travel', 'sexual content', 'telepathic bond', 'time lady rose', 'time lords and ladies', 'fluff and angst', 'friendship', 'revelations', 'kissing', 'romance', 'marriage'}"
Doctor Who,18443672,"{'mature', 'thirteenth doctor era', 'alternate universe - canon divergence', 'space wives'}"
Doctor Who,18442898,"{'misunderstandings', 'jealousy', 'teen and up audiences', 'fluff'}"
Doctor Who,17407838,"{'family', 'general audiences', 'drama', 'angst'}"
Doctor Who,18441890,"{'teen and up audiences', 'community: fic_promptly', 'friendship', 'some humor', 'drama', 'danger'}"
Doctor Who,17109875,"{'mature', 'eventual smut', 'slow burn', 'alternate universe'}"
Doctor Who,13889511,"{'idiots in love', 'drama', 'sharing a bed', 'mystery', 'teen and up audiences', 'eventual happy ending', 'work in progress', 'eventual romance', 'fluff', 'light angst', 'humor', 'fake/pretend relationship', 'kissing', 'romance', 'friendship/love'}"
Doctor Who,18440222,"{'angst', 'teen and up audiences'}"
Doctor Who,18428414,{'teen and up audiences'}
Doctor Who,18436973,"{'kissing', 'teen and up audiences'}"
Doctor Who,18436418,"{'general audiences', 'doctor who - freeform'}"
Doctor Who,18436208,"{'ptsd', 'teen and up audiences'}"
Doctor Who,18151985,{'teen and up audiences'}
Doctor Who,18269819,"{'not canon compliant', 'hurt/comfort', 'romance', 'light angst', 'not rated'}"
Doctor Who,12205068,"{'teen and up audiences', 'au'}"
Doctor Who,17696288,"{'explicit', 'comfort', 'telepathy', 'eventual smut', 'mild hurt/comfort', 'first time', 'surprise kissing', 'eventual romance', 'cuddling & snuggling', 'slow build', 'fluff', 'fluff and humor', 'cute', 'character study', 'first kiss', 'flirting'}"
Doctor Who,16543571,"{'fluff', 'emotional hurt/comfort', 'reader-insert', 'not rated'}"
Doctor Who,18432443,{'teen and up audiences'}
Doctor Who,18432200,{'general audiences'}
Doctor Who,18431846,"{'explicit', 'family', 'hurt/comfort', 'alternative universe', 'one shot', 'blow jobs', 'anal sex', 'smut', 'sex', 'threesome - f/m/m', 'dirty talk', 'love'}"
Doctor Who,18431477,"{'established relationship', 'friendship', 'drama', 'humor', 'misunderstandings', 'romance', 'community: fan_flashworks', 'teen and up audiences', 'fluff'}"
Doctor Who,17865560,"{'alternate universe - canon divergence', 'romance', 'teen and up audiences'}"
Doctor Who,18430811,{'explicit'}
Doctor Who,18429878,"{'friendship', 'falling in love', 'hurt/comfort', 'one shot', 'whouffaldi', 'teen and up audiences', 'love'}"
Doctor Who,14066784,"{'teen and up audiences', 'eventual happy ending', 'light angst', 'work in progress', 'mild language', 'eventual romance', 'idiots in love', 'implied sexual content', 'mutual pining', 'romance', 'drama', 'fluff', 'friendship/love'}"
Doctor Who,14275581,"{'spoilers', 'adventure', 'teen and up audiences', 'angst'}"
Doctor Who,18290306,"{'telepathy', 'memory loss', 'implied/referenced suicide', 'canon compliant', 'regeneration', 'spoilers', 'general audiences', 'missing scene'}"
Doctor Who,17984720,"{'teen and up audiences', 'angst'}"
Doctor Who,17933696,"{'teen and up audiences', 'angst with a happy ending', 'misunderstandings', 'other additional tags to be added', 'alternate universe - human'}"
Doctor Who,18426159,"{'comfort', 'general audiences', 'cute', 'thasmin'}"
Doctor Who,18428702,"{'explicit', 'torture', 'violence'}"
Doctor Who,10681965,"{'explicit', 'spanking', 'crossovers & fandom fusions', 'sex', 'smut', 'dom/sub'}"
Doctor Who,18427997,"{'domestic fluff', 'fluff', 'general audiences', 'alternate universe - canon divergence'}"
Doctor Who,17098028,"{'eventual happy ending', 'eventual romance', 'slow burn', 'teen and up audiences', 'fluff', 'friendship/love'}"
Doctor Who,18422313,"{'humor', 'romance', 'not rated'}"
Doctor Who,16814737,"{'fluff', 'domestic fluff', 'not rated'}"
Doctor Who,15356934,"{'love confessions', 'mature', 'no smut', 'other additional tags to be added', 'alternate universe - canon divergence', 'sexual content', 'first meetings', 'romance', 'time lady rose', 'fluff'}"
Doctor Who,18420711,{'general audiences'}
Doctor Who,3372152,{'not rated'}
Doctor Who,16103900,"{'mild language', 'mature', 'work in progress', 'non-graphic violence', 'friendship/love', 'romance', 'sexual content', 'drama', 'fluff', 'light angst'}"
Doctor Who,16753444,"{'kidnapping', 'hurt/comfort', 'whump', 'teen and up audiences', 'angst'}"
Doctor Who,16307294,"{'drama', 'light angst', 'work in progress', 'fluff', 'eventual romance', 'jealousy', 'some humor', 'slow burn', 'idiots in love', 'romance', 'non-graphic violence', 'adventure', 'teen and up audiences', 'season/series 01', 'friendship/love'}"
Doctor Who,18066185,"{'slow burn', 'sharing a bed', 'space wives', 'mutual pining', 'episode fix-it: s04e08 silence in the library', 'teen and up audiences'}"
Doctor Who,18345881,"{'general audiences', 'fluff'}"
Doctor Who,18051041,"{'alternate universe - canon divergence', 'teen and up audiences'}"
Doctor Who,18416801,"{'one shot', 'mature', 'thasmin', 'angst and hurt/comfort'}"
Doctor Who,18384239,{'teen and up audiences'}
Doctor Who,18417023,"{'fluff', 'alternate universe - canon divergence', 'not rated'}"
Doctor Who,17420696,"{'chameleon arch', 'alternate universe', 'teen and up audiences'}"
Doctor Who,18404876,"{'multiple doctors (doctor who)', 'teen and up audiences', 'other additional tags to be added', 'alternate universe - human'}"
Doctor Who,17450249,"{'first kiss', 'teen and up audiences'}"
Doctor Who,18415325,"{'telepathy', 'happy ending', 'general audiences'}"
Doctor Who,4999048,"{'prompt fic', 'teen and up audiences'}"
Doctor Who,11721378,"{'crossover', 'teen and up audiences'}"
Doctor Who,18413213,"{'tumblr prompt', 'general audiences', 'introspection', 'ficlet', 'first kiss', 'surprise kissing', 'fluff'}"
Doctor Who,18412583,"{'time vortex', 'temporary amnesia', 'coe fix-it', 'teen and up audiences', 'immortal ianto jones'}"
Doctor Who,18410645,"{'general audiences', 'telepathy', 'blindness', 'alternate universe', 'implied/referenced child abuse', 'first kiss', 'fluff'}"
Doctor Who,18410555,"{'love confessions', 'mature', 'telepathy', 'dimension travel', 'other additional tags to be added', 'alternate universe - canon divergence', 'time travel', 'secrets', 'memories', 'romance', 'kissing', 'time lady rose', 'fluff', 'danger'}"
Doctor Who,17431670,"{'character study', 'first meetings', 'teen and up audiences', 'fluff and humor', 'flirting'}"
Doctor Who,18409916,{'teen and up audiences'}
Doctor Who,18279116,{'mature'}
Doctor Who,18403052,"{'no smut', 'romance', 'teen and up audiences'}"
Doctor Who,18402395,{'not rated'}
Doctor Who,12828261,"{'family', 'eventual happy ending', 'episode rewrites', 'general audiences', 'humor', 'regeneration', 'adventure', 'female friendship', 'fluff'}"
Doctor Who,18398912,{'mature'}
Doctor Who,18165764,"{'mature', 'thasmin'}"
Doctor Who,18159218,"{'fix-it', 'general audiences'}"
Doctor Who,16024865,{'explicit'}
Doctor Who,4907782,"{'explicit', 'spanking'}"
Doctor Who,18403238,{'not rated'}
Doctor Who,6072550,"{'mature', 'telepathic sex', 'time loop', 'hurt/comfort', 'romance', 'telepathic bond', 'au', 'adventure', 'time war'}"
Doctor Who,17523143,"{'alternate universe - canon divergence', 'teen and up audiences'}"
Doctor Who,17576849,"{'eventual happy ending', 'romance', 'teen and up audiences', 'angst'}"
Doctor Who,17976113,"{'humor', 'eventual romance', 'slow burn', 'idiots in love', 'alternate universe', 'not rated'}"
Doctor Who,5602855,{'teen and up audiences'}
Doctor Who,18400052,"{'vampires', 'one shot', 'alternate universe', 'surprise kissing', 'teen and up audiences'}"
Doctor Who,8163857,"{'mature', 'telepathy', 'no smut', 'revelations', 'misunderstandings', 'dimension travel', 'alternate universe - canon divergence', 'time travel', 'fluff and angst', 'sexual content', 'romance', 'time lady rose', 'fluff', 'angst'}"
Doctor Who,16465739,"{'mature', 'revelations', 'slow burn', 'other additional tags to be added', 'missing scene', 'mutual pining', 'secrets', 'meddling tardis', 'angst'}"
Doctor Who,16345820,"{'crack', 'crack treated seriously', 'the hub (torchwood)', 'community: fan_flashworks', 'teen and up audiences', 'fluff'}"
Doctor Who,18398738,"{'humor', 'embarrassment', 'omorashi', 'teen and up audiences'}"
Doctor Who,16242929,"{'friendship', 'action/adventure', 'mature', 'slow burn', 'post-traumatic stress disorder - ptsd'}"
Doctor Who,18397991,"{'regeneration', 'not rated'}"
Doctor Who,17210552,"{'chameleon arch', 'alternate universe', 'romance', 'teen and up audiences', 'angst'}"
Doctor Who,18372611,{'mature'}
Doctor Who,18007166,"{'older man/younger woman', 'teen and up audiences'}"
Doctor Who,18391352,"{'fake/pretend relationship', 'crack treated seriously', 'crack', 'teen and up audiences', 'fluff'}"
Doctor Who,18392327,"{'love confessions', 'not canon compliant', 'timey-wimey', 'general audiences', 'secrets', 'fluff', 'friendship/love'}"
Doctor Who,17721209,"{'action/adventure', 'mature'}"
Doctor Who,18389942,"{'embarrassment', 'omorashi', 'teen and up audiences'}"
Doctor Who,17692118,"{'mature', 'hurt/comfort', 'whump', 'team tardis', 'angst'}"
Doctor Who,18395216,{'general audiences'}
Doctor Who,18393806,"{'teen and up audiences', 'fluff', 'fluff and humor', 'humor'}"
Doctor Who,11295711,"{'fluff', 'general audiences', 'character death', 'angst'}"
Doctor Who,18393275,{'teen and up audiences'}
Doctor Who,17833949,"{'angst with a happy ending', 'eventual romance', 'friends to lovers', 'hurt/comfort', 'teen and up audiences', 'angst'}"
Doctor Who,18392771,"{'established relationship', 'thasmin', 'romance', 'fluff', 'not rated'}"
Doctor Who,17445830,"{'angst with a happy ending', 'mature', 'implied/referenced suicide', 'romance', 'angst'}"
Doctor Who,13611666,"{'angst with a happy ending', 'reunions', 'happy ending', 'fluff', 'not rated'}"
Doctor Who,16488998,{'general audiences'}
Doctor Who,18389504,"{'tumblr prompt', 'general audiences', 'hurt/comfort', 'ficlet', 'fluff'}"
Doctor Who,16821127,{'mature'}
Doctor Who,2476625,"{'explicit', 'spanking', 'first time', 'blow jobs', 'weddings', 'bondage', 'dom/sub'}"
Doctor Who,17318540,"{'general audiences', 'alternate universe - canon divergence'}"
Doctor Who,17351624,"{'vampires', 'teen and up audiences'}"
Doctor Who,17622698,"{'general audiences', 'happy ending', 'regeneration', 'alternate universe - canon divergence'}"
Doctor Who,17786243,"{'mature', 'slow burn', 'parenthood'}"
Doctor Who,18384140,"{'established relationship', 'mature', 'thasmin'}"
Doctor Who,18383000,"{'not rated', 'angst'}"
Doctor Who,11700939,"{'action/adventure', 'friendship', 'mature', 'drama'}"
Doctor Who,17273105,"{'mature', 'episode fix-it: s04e08 silence in the library', 'angst'}"
Doctor Who,15747468,"{'mature', 'hurt/comfort', 'memories', 'drama'}"
Doctor Who,16449563,"{'mature', 'angst and hurt/comfort'}"
Doctor Who,18381026,"{'angst', 'angst with a happy ending', 'general audiences'}"
Doctor Who,11376180,{'teen and up audiences'}
Doctor Who,1157098,"{'friendship', 'general audiences', 'humor', 'mild hurt/comfort', 'adventure'}"
Doctor Who,18379481,"{'character study', 'not rated'}"
Doctor Who,17513816,"{'angst', 'alternate universe - canon divergence', 'teen and up audiences', 'family', 'dark', 'action/adventure', 'whump'}"
Doctor Who,18374930,"{'other additional tags to be added', 'married couple', 'teen and up audiences'}"
Doctor Who,11533977,{'teen and up audiences'}
Doctor Who,17907584,{'not rated'}
Doctor Who,18374033,"{'explicit', 'falling in love', 'dirty talk', 'oral sex', 'alternative universe', 'one shot', 'anal sex', 'threesome - f/m/m', 'sex', 'double penetration', 'love'}"
Doctor Who,18183758,"{'thasmin', 'teen and up audiences'}"
Doctor Who,18372482,"{'mild hurt/comfort', 'teen and up audiences', 'fluff'}"
Doctor Who,17824577,"{'explicit', 'established relationship', 'fluff', 'thasmin', 'smut', 'romance'}"
Doctor Who,18371435,"{'mature', 'hurt/comfort'}"
Doctor Who,17521700,"{'mature', 'meddling tardis', 'season/series 01'}"
Doctor Who,18370121,"{'established relationship', 'angst', 'mature', 'love'}"
Doctor Who,18185186,"{'flashbacks', 'teen and up audiences', 'alternate universe - canon divergence'}"
Doctor Who,18196448,"{'teen and up audiences', 'alternate universe - canon divergence'}"
Doctor Who,18069254,"{'angst', 'teen and up audiences', 'blindness'}"
Doctor Who,17315045,"{'friendship', 'alternate universe - college/university', 'alternate universe', 'romance', 'teen and up audiences', 'fluff'}"
Doctor Who,18369419,{'teen and up audiences'}
Doctor Who,18239510,"{'explicit', 'horror', 'hurt/comfort', 'first time', 'thasmin', 'smut'}"
Doctor Who,8081137,"{'episode rewrites', 'alternate universe - canon divergence', 'romance', 'adventure', 'teen and up audiences', 'season/series 01'}"
Doctor Who,18365252,"{'teen and up audiences', 'ptsd', 'anxiety', 'angst'}"
Doctor Who,17270204,"{'explicit', 'not canon compliant', 'alpha/beta/omega dynamics', 'gay'}"
Doctor Who,18363797,"{'teen and up audiences', 'happy ending'}"
Doctor Who,18362054,"{'time vortex', 'temporary amnesia', 'coe fix-it', 'alcohol abuse/alcoholism', 'teen and up audiences', 'immortal ianto jones'}"
Doctor Who,18361772,"{'friendship', 'married couple', 'romance', 'adventure', 'teen and up audiences', 'fluff'}"
Doctor Who,18360539,"{'general audiences', 'alternate universe - college/university', 'first meetings'}"
Doctor Who,17710934,"{'explicit', 'alternate universe - college/university', 'slow burn', 'slow build', 'alternate universe', 'fluff and smut', 'angst'}"
Doctor Who,3852046,"{'mature', 'explicit sexual content', 'hurt/comfort'}"
Doctor Who,17974388,"{'mature', 'fluff and angst', 'smut', 'pregnancy', 'fluff', 'angst'}"
Doctor Who,18287687,"{'other additional tags to be added', 'whump', 'teen and up audiences', 'fluff', 'angst'}"
Doctor Who,18188918,"{'general audiences', 'humor', 'action', 'flirting'}"
Doctor Who,18354845,"{'general audiences', 'hurt/comfort'}"
Doctor Who,4654914,"{'general audiences', 'au', 'crossover'}"
Doctor Who,17706536,{'teen and up audiences'}
Doctor Who,18351095,"{'established relationship', 'cats', 'general audiences'}"
Doctor Who,18351131,"{'established relationship', 'general audiences', 'humor', 'rift (torchwood)', 'drama', 'fluff'}"
Doctor Who,18099617,"{'family', 'thirteenth doctor era', 'chameleon arch', 'magic', 'implied/referenced child abuse', 'teen and up audiences'}"
Doctor Who,16710406,"{'slow burn', 'mutual pining', 'fluff and angst', 'teen and up audiences'}"
Doctor Who,18343595,"{'teen and up audiences', 'drabble'}"
Doctor Who,17733347,"{'implied/referenced torture', 'fluff', 'hurt/comfort', 'marriage', 'teen and up audiences', 'emotional hurt/comfort', 'angst'}"
Doctor Who,16244549,{'general audiences'}
Doctor Who,18335360,"{'teen and up audiences', 'other additional tags to be added', 'fluff and angst'}"
Doctor Who,18253787,"{'explicit', 'alpha/beta/omega dynamics'}"
Doctor Who,18345503,"{'grief/mourning', 'emotional hurt/comfort', 'not rated'}"
Doctor Who,10565883,{'general audiences'}
Doctor Who,18343442,"{'love confessions', 'general audiences', 'first kiss'}"
Doctor Who,13911849,"{'mature', 'telepathy', 'other additional tags to be added', 'reunions', 'romance', 'time lady rose', 'fluff'}"
Doctor Who,18342119,"{'pregnancy', 'teen and up audiences'}"
Doctor Who,18341741,{'teen and up audiences'}
Doctor Who,16907286,"{'gay', 'mature', 'fluff'}"
Doctor Who,12933915,"{'timey-wimey', 'multiple doctors (doctor who)', 'teen and up audiences', 'light angst'}"
Doctor Who,16463930,"{'mild language', 'mature', 'slow burn', 'alternate universe - canon divergence', 'time travel'}"
Doctor Who,18338789,{'general audiences'}
Doctor Who,1760757,{'general audiences'}
Doctor Who,18169430,"{'explicit', 'dom/sub', 'other additional tags to be added', 'first time', 'sex', 'first kiss'}"
Doctor Who,16789051,"{'implied/referenced character death', 'tenth doctor era', 'implied/referenced child abuse', 'teen and up audiences'}"
Doctor Who,18335123,{'general audiences'}
Doctor Who,18332879,"{'friendship', 'general audiences', 'humor', 'hurt/comfort', 'fluff and angst', 'fluff', 'angst'}"
Doctor Who,15707448,"{'love confessions', 'mature', 'time lords and ladies', 'kidnapping', 'other additional tags to be added', 'time travel', 'alternate universe', 'fluff and angst', 'first meetings', 'eventually', 'time lady rose', 'fluff', 'danger'}"
Doctor Who,18330146,{'not rated'}
Doctor Who,17841614,"{'mature', 'slow burn', 'sharing a bed', 'mutual pining', 'fluff'}"
Doctor Who,18329855,"{'bad wolf rose tyler', 'teen and up audiences'}"
Doctor Who,18328937,"{'thirteenth doctor era', 'not rated'}"
Doctor Who,18242153,"{'fix-it', 'established relationship', 'general audiences', 'time travel', 'fluff'}"
Doctor Who,17383181,"{'family drama', 'secrets', 'drama', 'teen and up audiences', 'family', 'eventual happy ending', 'work in progress', 'language', 'established relationship', 'kissing', 'romance', 'implied sexual content', 'light angst'}"
Doctor Who,18326456,"{'time vortex', 'canon compliant', 'temporary amnesia', 'coe fix-it', 'alcohol abuse/alcoholism', 'teen and up audiences', 'immortal ianto jones'}"
Doctor Who,18320648,"{'mature', 'hurt/comfort', 'one shot'}"
Doctor Who,17680997,"{'humor', 'multiple doctors (doctor who)', 'not rated'}"
Doctor Who,12111366,"{'fluff', 'workplace relationship', 'prompt fic', 'teen and up audiences'}"
Doctor Who,16324112,{'general audiences'}
Doctor Who,17446601,{'teen and up audiences'}
Doctor Who,14632857,"{'teen and up audiences', 'slow burn', 'friends to lovers', 'tardis - freeform', 'slow build', 'original character(s)', 'drama'}"
Doctor Who,17210426,{'not rated'}
Doctor Who,18319742,"{'pov second person', 'mature', 'thasmin', 'character study', 'dark doctor'}"
Doctor Who,18319862,"{'teen and up audiences', 'angst'}"
Doctor Who,18319616,{'general audiences'}
Doctor Who,14794871,"{'love confessions', 'friendship', 'mature', 'telepathy', 'other additional tags to be added', 'time travel', 'romance', 'secrets', 'first meetings', 'female friendship', 'time lady rose', 'fluff'}"
Doctor Who,16562816,{'mature'}
Doctor Who,18318218,"{'general audiences', 'memories'}"
Doctor Who,18005729,"{'family', 'teen and up audiences', 'kidnapping', 'family drama', 'time travel', 'romance', 'drama'}"
Doctor Who,18318110,"{'crack', 'general audiences'}"
Doctor Who,18317429,"{'light angst', 'general audiences', 'one shot', 'pregnancy'}"
Doctor Who,12471408,"{'audio series: destiny of the doctor', 'drabble collection', 'mistaken identity', 'unit', 'united nations intelligence taskforce', 'prompt fic', 'fluff and angst', 'spoilers', 'drabble', 'gap filler', 'general audiences'}"
Doctor Who,18317036,"{'teen and up audiences', 'community: fic_promptly', 'drama', 'angst'}"
Doctor Who,17531285,"{'family', 'general audiences', 'alt verse', 'drama', 'love'}"
Doctor Who,18313988,"{'time travel', 'not rated'}"
Doctor Who,18307829,{'general audiences'}
Doctor Who,18309101,"{'comfort', 'general audiences', 'episode fix-it: s04e08 silence in the library', 'emotional hurt/comfort'}"
Doctor Who,18276170,"{'crack', 'teen and up audiences'}"
Doctor Who,18311168,"{'alternate universe', 'teen and up audiences'}"
Doctor Who,16514435,{'mature'}
Doctor Who,18306863,"{'teen and up audiences', 'other additional tags to be added', 'fluff', 'implied/referenced child abuse'}"
Doctor Who,18306392,{'not rated'}
Doctor Who,18304985,"{'pov second person', 'mature', 'pregnancy'}"
Doctor Who,18304580,"{'explicit', 'alpha/beta/omega dynamics'}"
Doctor Who,17270924,"{'mature', 'cute', 'fluff and angst', 'romance', 'fluff and smut', 'love'}"
Doctor Who,17933453,{'general audiences'}
Doctor Who,15180809,{'general audiences'}
Doctor Who,14273091,"{'angst', 'temporary amnesia', 'angst and hurt/comfort', 'not rated'}"
Doctor Who,18287210,{'general audiences'}
Doctor Who,16507640,"{'general audiences', 'crossovers & fandom fusions', 'murder', 'mystery', 'crossover'}"
Doctor Who,18289169,"{'crossovers & fandom fusions', 'multiple crossovers', 'teen and up audiences'}"
Doctor Who,18300467,"{'explicit', 'timey-wimey'}"
Doctor Who,18300353,"{'implied/referenced character death', 'general audiences', 'space wives', 'implied sexual content'}"
Doctor Who,18299468,"{'general audiences', 'fluff', 'angst'}"
Doctor Who,18297584,"{'teen and up audiences', 'introspection'}"
Doctor Who,18297542,{'teen and up audiences'}
Doctor Who,18297290,{'explicit'}
Doctor Who,18282905,"{'cute', 'thasmin', 'panic attacks', 'teen and up audiences'}"
Doctor Who,18294206,{'teen and up audiences'}
Doctor Who,10615713,"{'action/adventure', 'dragons', 'alternate universe - canon divergence', 'magic', 'teen and up audiences'}"
Doctor Who,18293153,"{'implied/referenced character death', 'general audiences', 'secrets', 'character study', 'drabble'}"
Doctor Who,17486426,{'teen and up audiences'}
Doctor Who,17554568,"{'whouffaldi', 'teen and up audiences'}"
Doctor Who,18292025,{'general audiences'}
Doctor Who,18291992,"{'general audiences', 'first kiss', 'fluff and angst', 'meddling tardis'}"
Doctor Who,17161445,"{'friendship', 'dark doctor', 'violence', 'team tardis', 'teen and up audiences', 'angst'}"
Doctor Who,17639633,"{'mature', 'time travel', 'romance', 'friendship/love'}"
Doctor Who,18290165,{'teen and up audiences'}
Doctor Who,18167918,"{'mature', 'eventual smut', 'friends to lovers', 'happy ending', 'fluff'}"
Doctor Who,18132713,"{'explicit', 'first time', 'first kiss', 'emotional hurt/comfort', 'angst'}"
Doctor Who,13989948,"{'family drama', 'action', 'slow build', 'adventure', 'teen and up audiences', 'angst'}"
Doctor Who,18135788,"{'hurt/comfort', 'teen and up audiences', 'angst'}"
Doctor Who,15872814,"{'some humor', 'alternate universe - canon divergence', 'marriage', 'teen and up audiences'}"
Doctor Who,18283421,"{'explicit', 'explicit sexual content', 'oral sex', 'blow jobs', 'smut', 'dirty talk'}"
Doctor Who,17702306,"{'older man/younger woman', 'slow burn', 'alternate universe', 'au', 'teen and up audiences'}"
Doctor Who,18283289,"{'general audiences', 'emotional hurt/comfort'}"
Doctor Who,18281039,"{'explicit', 'first time', 'fluff and smut'}"
Doctor Who,18280853,"{'explicit', 'first time', 'fluff'}"
Doctor Who,18280592,"{'family', 'established relationship', 'general audiences', 'parenthood', 'community: fan_flashworks', 'drama', 'fluff', 'light angst'}"
Doctor Who,18261344,{'teen and up audiences'}
Doctor Who,18279092,"{'flashbacks', 'thirteenth doctor era', 'team tardis', 'memories', 'teen and up audiences', 'implied sexual content', 'team as family', 'angst'}"
Doctor Who,18278522,"{'tumblr prompt', 'general audiences', 'fluff and angst', 'emotional hurt/comfort'}"
Doctor Who,17574539,"{'timey-wimey', 'mature', 'alternate universe - soulmates', 'minor character death', 'regeneration', 'alternate universe'}"
Doctor Who,17876405,"{'explicit', 'explicit sexual content', 'slow burn', 'alternate universe', 'romance', 'fluff and smut'}"
Doctor Who,7348411,{'teen and up audiences'}
Doctor Who,18271802,"{'mature', 'angst'}"
Doctor Who,15966092,"{'mature', 'time lords and ladies', 'telepathy', 'revelations', 'other additional tags to be added', 'kissing', 'romance', 'time lady rose', 'fluff'}"
Doctor Who,18271283,"{'mind control', 'teen and up audiences', 'angst'}"
Doctor Who,18269798,"{'family', 'established relationship', 'family drama', 'romance', 'teen and up audiences', 'fluff'}"
Doctor Who,18262067,"{'crossover', 'teen and up audiences'}"
Doctor Who,18263276,"{'one shot', 'kissing', 'romance', 'teen and up audiences', 'reader-insert'}"
Doctor Who,18013655,"{'angst with a happy ending', 'ptsd', 'anxiety', 'thasmin', 'nightmares', 'panic attacks', 'teen and up audiences', 'emotional hurt/comfort', 'angst'}"
Doctor Who,18262772,"{'friendship', 'general audiences'}"
Doctor Who,17398481,{'not rated'}
Doctor Who,18174137,"{'jealousy', 'thasmin', 'romance', 'teen and up audiences', 'fluff', 'light angst'}"
Doctor Who,18261341,"{'missing scene', 'time travel', 'character study', 'teen and up audiences'}"
Doctor Who,17705345,"{'established relationship', 'angst with a happy ending', 'friendship', 'grief/mourning', 'romance', 'teen and up audiences'}"
Doctor Who,18260765,"{'general audiences', 'fluff and angst'}"
Doctor Who,3170714,{'mature'}
Doctor Who,18259517,"{'minor character death', 'general audiences'}"
Doctor Who,18259085,{'general audiences'}
Doctor Who,8031649,"{'general audiences', 'crossover'}"
Doctor Who,16408415,"{'eventual romance', 'time travel', 'mystery', 'time loop', 'teen and up audiences'}"
