fandom,id,tags
Dragon Age,15900579,"{'explicit', 'eventual smut', 'slow burn', 'modern girl in thedas', 'romance'}"
Dragon Age,15965507,"{'slow romance', 'eventual smut', 'past relationship(s)', 'depression', 'first time', 'sex', 'adamant fortress (dragon age)', 'dirty talk', 'mature', 'alternate universe - canon divergence', 'healing', 'blood and violence', 'pov multiple', 'drama & romance', 'developing friendships', 'warden carver hawke', 'awkward cullen', 'satinalia', 'developing relationship', 'humor', 'letters', 'red lyrium', 'denial of feelings', 'first kiss', 'snarky hawke', 'love confessions', 'orlais', 'fear', 'mabari', 'skyhold', 'pov female character', 'sweet cullen rutherford', 'betrayal', 'wicked grace', 'anger', 'original character(s)', 'sexual tension', 'alternate canon', 'queen cousland', 'canon-typical violence', 'dalish elves', 'redcliffe', 'oral sex', 'flirting', 'regret', 'mages and templars', 'falling in love', 'king alistair', 'non-canon relationship', 'secrets', 'inquisition agents (dragon age)', 'lyrium addiction', 'trust issues', 'solas being solas', 'smut', 'everyone needs a hug', 'mages', 'angst and fluff and smut', 'inquisitor & dorian pavus friendship', 'pov alternating', 'grey wardens', 'flashbacks', 'slow burn', 'anxiety', 'sarcasm', 'hawke & varric tethras friendship', 'lyrium withdrawal', 'lyrium', 'unresolved sexual tension', 'mage rebellion', 'tension', 'not canon compliant', 'crying', 'elf/human relationship(s)', 'heartbreak', 'forbidden love', 'blood and injury', 'dragon age lore', 'family', 'work in progress', 'pov third person', 'jealous cullen', 'haven (dragon age)', 'eventual romance', 'fluff and angst', 'canon divergence', 'red templars', 'bisexual male character', 'mage-templar war', 'heartache', 'cunnilingus'}"
Dragon Age,17082974,"{'the fade', 'death', 'eluvians', 'betrayal', 'torture', 'templars', 'mature', 'darkspawn', 'ferelden', 'warden alistair', 'demons', 'the blight (dragon age)', 'grey wardens', 'grey warden joining', 'redcliffe', 'blood'}"
Dragon Age,9294923,"{'slow romance', 'eventual smut', 'eventual relationships', 'sex', 'past torture', 'templars', 'torture', 'mature', 'healing', 'smut', 'mages', 'blood and violence', 'vaginal sex', 'psychological torture', 'developing friendships', 'first kiss', 'implied/referenced torture', 'other additional tags to be added', 'alternate canon', 'slow build', 'fluff and smut', 'tags may change', 'friendship', 'canon-typical violence', 'slow burn', 'oral sex', 'kissing', 'male-female friendship'}"
Dragon Age,14752253,"{'pain', 'mature', 'falling in love', 'unrequited love', 'awkward flirting', 'hurt/comfort', 'awkward romance', 'fluff and angst', 'sex'}"
Dragon Age,18225542,"{'mature', 'mages and templars', 'elf/human relationship(s)', 'fantastic racism'}"
Dragon Age,15564153,"{'mages and templars', 'hurt/comfort', 'betrayal', 'angst', 'mature', 'half-elves', 'lyrium addiction', 'dragon age headcanons', 'dragon age lore', 'haven (dragon age)', 'rite of tranquility', 'alchemy', 'survivor guilt', 'templars (dragon age)', 'canon-typical violence', 'mage-templar war', 'romance', 'lyrium'}"
Dragon Age,18290981,"{'explicit', 'cullen smut', 'frottage', 'shameless smut', 'eventual smut', 'eventual romance', 'solavellan hell', 'oral sex', 'cullenlingus (dragon age)', 'fade sex', 'fluff and angst', 'cullen rutherford smut', 'inquisitor & dorian pavus friendship', 'fluff and smut', 'fingering', 'angst'}"
Dragon Age,18445121,"{'mature', 'everything is beautiful and everything hurts', 'eventual smut', 'eventual romance', 'slow burn', 'plot twists', 'idiots in love', 'alternate universe - canon divergence', 'modern girl in thedas', 'fluff and smut'}"
Dragon Age,16805317,"{'explicit', 'politics', 'angst', 'alternate universe - canon divergence', 'avvar culture and customs', 'smut', 'minor iron bull/dorian pavus', 'pov third person', 'weird plot shit', 'alchemy', 'slow build', 'fluff and humor', 'humor', 'slow burn', 'modern character in thedas', 'minor cassandra pentaghast/varric tethras', 'modern girl in thedas', 'grief/mourning', ""additional warnings in author's note"", 'female friendship', 'major original character(s)'}"
Dragon Age,16927137,"{'red templars', 'templars (dragon age)', 'mage-templar war', 'red lyrium', 'teen and up audiences'}"
Dragon Age,16705309,"{'minor character death', 'romantic fluff', 'mature', 'lying', 'sexual content', 'mystery', 'adventure & romance', 'unhealthy relationships', 'humor', 'dialogue heavy'}"
Dragon Age,9018016,"{'canon-typical violence', 'mature', 'growing up'}"
Dragon Age,13152408,"{'explicit', 'alternate universe - canon divergence'}"
Dragon Age,17912825,"{'mature', 'eventual smut', 'slow burn', 'solas pov', 'fade sex'}"
Dragon Age,13781781,"{'explicit', 'sexual slavery', 'rape', 'love triangles', 'past torture', 'graphic description', 'darkspawn', 'post-dragon age: inquisition', 'forbidden love', 'evanuris', 'anal sex', 'psychological torture', 'slavery', 'implied/referenced torture', 'deep roads', 'anal fingering', ""solas is fen'harel"", 'red templars', 'incest'}"
Dragon Age,14032431,"{'mature', 'amnesia', 'dragon age headcanons', 'alternate universe - canon divergence'}"
Dragon Age,18262226,"{'modern boy in thedas', 'ptsd', 'drinking', 'depression', 'other additional tags to be added', 'tags are hard', 'teen and up audiences'}"
Dragon Age,17853839,"{'self-insert', 'mature', 'eventual smut', 'slow burn', 'modern girl in thedas', 'snark'}"
Dragon Age,5385452,"{'mature', 'fluff and smut', 'fluff and angst'}"
Dragon Age,18348431,"{'dalish elves', 'dalish elven culture and customs', 'general audiences'}"
Dragon Age,17908058,"{'enemies to lovers', 'modern era', 'alternate universe - modern setting', 'enemies to friends to lovers', 'flashbacks', 'lyrium withdrawal', 'post-traumatic stress disorder - ptsd', 'implied/referenced child abuse', 'teen and up audiences'}"
Dragon Age,17424476,"{'jealousy', 'hurt/comfort', 'mutual pining', 'past torture', 'mature', 'enemies to friends to lovers', 'unhealthy relationships', 'nightmares', 'slow burn', 'lyrium withdrawal', 'post-traumatic stress disorder - ptsd', 'unresolved sexual tension'}"
Dragon Age,16654873,"{'explicit', 'eventual smut', 'fluff and angst', 'avvar', 'angst'}"
Dragon Age,15863832,"{'explicit', 'mages and templars', 'enemies to friends', 'enemies to lovers', 'eventual smut', 'eventual relationships', 'secrets', 'angst', 'eventual fluff', 'enemies to friends to lovers', 'smut', 'mages', 'developing friendships', 'eventual romance', 'fluff', 'friendship', 'canon-typical violence', 'slow burn', 'friends to lovers', 'mages (dragon age)', 'magic', 'friendship/love'}"
Dragon Age,17343599,"{'explicit', 'enemies to lovers', 'slow burn', 'alternate universe - canon divergence', 'oral sex'}"
Dragon Age,18463328,{'mature'}
Dragon Age,18564565,"{'explicit', 'vaginal sex', 'porn with plot', 'shameless smut', 'first time', 'vaginal fingering', 'rough sex'}"
Dragon Age,18386036,"{'mature', 'dreams', 'angst'}"
Dragon Age,16647743,"{'explicit', 'slow burn', 'friends to lovers', 'romance', 'angst'}"
Dragon Age,16391306,"{'explicit', 'post-dragon age: inquisition - trespasser dlc', 'solavellan hell', 'time travel fix-it', 'alternate universe - time travel', 'knight-enchanters', 'alternate universe - canon divergence', 'nsfw', 'blood and violence', 'other additional tags to be added', 'fluff and angst', 'shapeshifting', 'post-trespasser', 'slow burn', 'fix-it of sorts', 'self-hatred'}"
Dragon Age,15967517,"{'mages and templars', 'mature', 'canon-typical violence', 'slow burn', 'friends to lovers', 'mages (dragon age)', 'mutual pining', 'inquisitor & dorian pavus friendship', 'male-female friendship', 'inquisitor backstory'}"
Dragon Age,17554700,"{'mature', 'friends to lovers', 'hurt/comfort', 'mage hawke (dragon age)'}"
Dragon Age,17604686,{'not rated'}
Dragon Age,15896757,"{'explicit', 'king alistair', 'post-dragon age: origins', 'protective fenris', 'pov varric tethras', 'varric tethras is so done', 'protective siblings', 'drama & romance', 'explicit sexual content', 'family feels', 'warden carver hawke', 'sexual tension', 'nightmares', 'fluff and angst', 'kirkwall (dragon age)', 'past abuse', 'angst and hurt/comfort', 'inquisitor backstory', 'past sexual abuse', 'hawke & varric tethras friendship', 'post-dragon age ii', 'romance'}"
Dragon Age,11927136,"{'solas pov', 'not rated'}"
Dragon Age,18089999,"{'angst', 'slow burn', 'other additional tags to be added', 'teen and up audiences', 'love'}"
Dragon Age,15809502,"{'mature', 'slow burn', 'angst'}"
Dragon Age,10209791,"{'mature', 'references to addiction', 'slavery'}"
Dragon Age,18465400,"{'explicit', 'recovery', 'past relationship(s)', 'first time', 'lyrium addiction', 'eventual happy ending', 'drama & romance', 'post-canon', 'flashbacks', 'slow burn', 'fix-it of sorts', 'male-female friendship', 'secret relationship'}"
Dragon Age,18065468,"{'explicit', 'pov solas', 'dom/sub undertones', 'dalish elven culture and customs'}"
Dragon Age,13459308,"{'explicit', 'the fade', 'elf/human relationship(s)', 'time travel', 'demons', 'elvhen pantheon', 'red lyrium', 'spirits', 'romance', 'unresolved sexual tension', 'ancient elves (dragon age)'}"
Dragon Age,17234573,"{'explicit', 'post-dragon age: inquisition - trespasser dlc', 'sexual slavery', 'bdsm', 'solas smut', 'rape/non-con elements', 'masturbation', 'triggers', 'dom/sub', 'fade sex', 'post-canon', ""solas is fen'harel"", 'sex magic', 'vaginal fingering'}"
Dragon Age,16206599,"{'explicit', 'eventual smut', 'implied/referenced rape/non-con', 'awkward flirting', 'one night stands', 'pov cullen rutherford', 'lyrium addiction', 'smut', 'angst and fluff and smut', 'implied/referenced torture', 'eventual romance', 'sexual tension', 'awkward cullen', 'fluff and angst', 'light bdsm', 'fluff and smut', 'flashbacks', 'slow burn', 'lyrium withdrawal', 'oral sex', 'post-traumatic stress disorder - ptsd', 'light bondage', 'implied/referenced child abuse', 'pov inquisitor', 'flirting'}"
Dragon Age,2152293,"{'mages and templars', 'the fade', 'implied/referenced rape/non-con', 'hurt/comfort', 'dalish elven culture and customs', 'mature', 'protective fenris', 'lyrium addiction', 'past rape/non-con', 'warden alistair', 'love', 'family', 'amnesia', 'slavery', 'post-canon', 'slow build', 'fluff and humor', 'fluff', 'friendship', 'grey wardens', 'unrequited love', 'dalish elves', 'alternate universe', 'love letters'}"
Dragon Age,16082537,"{'established relationship', 'mature', 'implied/referenced character death', 'alternate universe - modern setting', 'fluff and angst', 'sexual content', 'polyamory', 'alternate universe', 'threesome - m/m/m'}"
Dragon Age,18529387,"{'explicit', 'found family', 'mpreg'}"
Dragon Age,18495889,{'not rated'}
Dragon Age,17548472,{'not rated'}
Dragon Age,17179076,"{'mature', 'recovery', 'emotional hurt/comfort', 'heartbreak'}"
Dragon Age,10491375,"{'cullen has issues', 'king alistair', 'memory loss', 'purple hawke', 'action & romance', 'mature', 'dragon age headcanons', 'amnesia', 'fluff and smut', 'inquisitor backstory', 'queen cousland', 'action/adventure', 'snarky hawke'}"
Dragon Age,11758926,"{'secrets', 'memories', 'drama', 'mature', 'half-elves', 'past rape/non-con', 'adventure & romance', 'vaginal sex', 'slavery', 'mage hawke (dragon age)', 'light bdsm', 'action/adventure', 'friendship', 'revenge', 'friends to lovers', 'oral sex', 'romance', 'mage rebellion'}"
Dragon Age,14155758,{'not rated'}
Dragon Age,17026977,"{'self-insert', 'novelization', 'teen and up audiences'}"
Dragon Age,235540,"{'long', 'eventual smut', 'found family', 'dalish elven culture and customs', 'drama', 'female friendship', 'mature', 'enemies to friends to lovers', 'male-female friendship', 'swearing', 'cultural differences', 'pov multiple', 'developing friendships', 'eventual romance', 'novelization', 'other additional tags to be added', 'canon divergence', 'adventure', 'survivor guilt', 'angst and hurt/comfort', 'developing relationship', 'canon-typical violence', 'slow burn', 'friends to lovers', 'character development', 'character study', 'angst and feels'}"
Dragon Age,18112646,"{'drabble collection', 'alternate universe - modern setting', 'avvar', 'one shot collection', 'half-elves', ""i'm bad at tagging"", 'smut', 'not beta read', 'teen and up audiences', 'canonical character death', 'implied/referenced torture', 'other additional tags to be added', 'the blight (dragon age)', 'canon-typical violence', 'dalish elves'}"
Dragon Age,17056334,"{'rating may change', 'angst', 'background relationships', 'mature', 'time travel', 'swearing', 'not beta read', 'original character death(s)', 'work in progress', 'other additional tags to be added', 'fluff', 'canon-typical violence', 'slow burn'}"
Dragon Age,17585096,"{'eventual happy ending', 'mature', 'humor', 'eventual smut', 'alternate universe - modern setting', 'fluff'}"
Dragon Age,18551299,"{'enemies to lovers', 'fluff and angst', 'teen and up audiences', 'emotional hurt/comfort'}"
Dragon Age,16542455,"{'explicit', 'mages and templars', 'uneasy allies', 'slow burn', 'mage rights', 'pov multiple'}"
Dragon Age,17621633,"{'explicit', 'eventual romance', 'past relationship(s)', 'hurt/comfort', 'unresolved sexual tension', 'fluff', 'angst'}"
Dragon Age,18125507,"{'established relationship', 'mature', 'eventual smut', 'pregnancy', 'king alistair', 'fluff and angst', 'romance', 'warden alistair', 'the blight (dragon age)', 'implied sexual content', 'light angst'}"
Dragon Age,3403055,"{'fluff', 'general audiences', 'hurt/comfort', 'angst'}"
Dragon Age,16609478,"{'friendship', 'mature', 'mages and templars', 'family feels', 'awkward flirting', 'family drama', 'modern girl in thedas', 'blood magic', 'flirting'}"
Dragon Age,17121308,"{'explicit', 'elvhen pantheon', 'other additional tags to be added', 'slow build', 'fluff and angst', 'ancient elves (dragon age)', 'elvhen language'}"
Dragon Age,12653673,"{'explicit', 'not canon compliant', 'pov female character', 'angst', 'explicit language', 'pov first person', 'fade dreams', 'pov third person', 'explicit sexual content', 'declarations of love', 'fade sex', 'fluff and angst', 'fluff and smut', 'fluff', 'fluff and humor', 'elvhen pantheon', 'dalish elves', 'modern girl in thedas', 'romance', 'fade kiss', 'pov original character', 'elvhen language'}"
Dragon Age,18238361,{'teen and up audiences'}
Dragon Age,18549238,"{'explicit', 'plot what plot/porn without plot', 'blow jobs', 'anal sex'}"
Dragon Age,17806493,"{'explicit', 'action/adventure', 'smut', 'angst'}"
Dragon Age,17676659,"{'explicit', 'mages and templars', 'mages (dragon age)'}"
Dragon Age,18253400,{'not rated'}
Dragon Age,17743547,{'explicit'}
Dragon Age,5460446,"{'explicit', 'action/adventure', 'humor', 'drunkenness', 'slow burn', 'death', 'modern girl in thedas', 'swearing', 'violence', 'romance', 'fantasy', 'minor iron bull/dorian pavus', 'angst'}"
Dragon Age,18515758,"{'explicit', 'post-dragon age: inquisition - trespasser dlc', 'knotting', 'bestiality', 'rough sex', 'shapeshifting'}"
Dragon Age,15518994,"{'explicit', 'male slash', 'modern character in thedas', 'modern girl in thedas', 'oral sex', 'anal fingering', 'hand jobs'}"
Dragon Age,13333005,"{'explicit', 'one night stands', 'developing relationship', 'explicit sexual content', 'falling in love', 'canon-typical violence', 'alternate universe - college/university', 'modern thedas', 'references to depression', 'casual sex', 'smut', 'alternate universe - modern with magic'}"
Dragon Age,18544645,"{'teen and up audiences', 'fluff'}"
Dragon Age,18291515,"{'established relationship', 'alternate universe - modern setting', 'misunderstandings', 'jealousy', 'emotional hurt/comfort', 'teen and up audiences', 'fluff', 'angst'}"
Dragon Age,14868380,"{'mature', 'bisexual male character', 'au', 'fluff', 'angst'}"
Dragon Age,11865330,"{'explicit', 'torture', 'scars', 'past sexual abuse', 'lyrium addiction', 'travel', 'friends to lovers', 'post-traumatic stress disorder - ptsd', 'lyrium withdrawal', 'friendship/love', 'fluff and angst', 'smut', 'psychological trauma', 'nightmares', 'fluff'}"
Dragon Age,18271016,"{'mature', 'slow build'}"
Dragon Age,17195669,"{'canon-typical violence', 'minor canon divergence', 'other additional tags to be added', 'teen and up audiences'}"
Dragon Age,17986586,"{'mature', 'pining', 'awkward flirting', 'flirting', 'pov multiple'}"
Dragon Age,16619540,"{'hurt/comfort', 'mature', 'family feels', 'references to addiction', 'humor', 'angst', 'implied/referenced child abuse', 'crossover', 'backstory', 'family fluff', 'soulmates', 'fluff', 'flashbacks', 'post-traumatic stress disorder - ptsd', 'family'}"
Dragon Age,16734693,"{'asexual character', 'implied/referenced rape/non-con', 'references to depression', 'hurt/comfort', 'memories', 'human cole (dragon age)', 'emotional hurt/comfort', 'past child abuse', 'mature', 'suicidal thoughts', 'blood magic', 'anxiety', 'implied/referenced child abuse'}"
Dragon Age,18537226,"{'friends to lovers', 'mages (dragon age)', 'alternate universe - dragon age fusion', 'teen and up audiences'}"
Dragon Age,17606987,"{'alternate universe - modern setting', 'mature', 'fluff'}"
Dragon Age,18538519,"{'hurt/comfort', 'blood and injury', 'purple hawke', 'teen and up audiences'}"
Dragon Age,12857835,"{'explicit', 'modern thedas'}"
Dragon Age,15436644,"{'mature', 'alternate universe - canon divergence', 'violence', 'light bdsm', 'slow burn', 'fix-it of sorts', 'implied/referenced child abuse', 'romance'}"
Dragon Age,18211535,"{'general audiences', 'alternate universe - modern setting', 'alternate universe - college/university', 'slow burn', 'friends to lovers', 'hurt/comfort'}"
Dragon Age,16397729,"{'action/adventure', 'mature', 'weird plot shit', 'canon-typical violence', 'minor character death', 'worldbuilding', 'dragon age lore', 'post-canon', 'dragon age: inquisition spoilers', 'angst'}"
Dragon Age,15879186,"{'mature', 'heavy angst'}"
Dragon Age,17886626,"{'explicit', 'action/adventure', 'hurt/comfort', 'sex', 'adventure & romance', 'action & romance', 'angst'}"
Dragon Age,17973923,"{'action/adventure', 'post-dragon age: inquisition', 'the fade', 'hurt/comfort', 'dreams and nightmares', 'teen and up audiences'}"
Dragon Age,18416387,"{'angst and fluff and smut', 'mature', 'eventual smut', 'eventual fluff', 'other additional tags to be added', 'getting to know each other'}"
Dragon Age,18364148,"{'slow burn', 'fluff and angst', 'teen and up audiences'}"
Dragon Age,18086123,"{'explicit', 'drama & romance', 'explicit sexual content', 'humor', 'falling in love', 'slow burn', 'rape/non-con elements', 'character study', 'violence', 'slow build'}"
Dragon Age,15158192,"{'homophobia', 'canon-typical violence', 'alcohol', 'tranquil mages', 'rite of tranquility', 'teen and up audiences'}"
Dragon Age,12727071,"{'mature', 'teasing'}"
Dragon Age,15918735,"{'established relationship', 'mature', 'fluff and angst', 'pre-relationship', 'emotional hurt/comfort', 'fluff'}"
Dragon Age,17734883,"{'explicit', 'politics', 'mage rights', 'alternate universe - canon divergence', 'sexual content', 'established relationship', 'anders being anders'}"
Dragon Age,18526636,"{'love letters', 'general audiences'}"
Dragon Age,17966816,"{'mature', 'modern era', 'falling in love', 'eventual smut', 'alternate universe - modern setting', 'happy ending', 'alternate universe'}"
Dragon Age,9170434,"{'torture', 'psychological torture', 'politics', 'canon-typical violence', 'oral sex', 'threats of rape/non-con', 'blackmail', 'psychological trauma', 'slow build', 'not rated'}"
Dragon Age,18525370,"{'angst with a happy ending', 'hurt/comfort', 'teen and up audiences', 'emotional hurt/comfort'}"
Dragon Age,16405502,{'general audiences'}
Dragon Age,15853977,"{'explicit', 'friends to lovers', 'smut', 'romance', 'elf/human relationship(s)', 'humiliation'}"
Dragon Age,15830595,"{'explicit', 'slow burn', 'blood', 'sex', 'violence', 'angst'}"
Dragon Age,4548957,"{'explicit', 'eventual smut', 'depression', 'panic attacks', 'reader-insert', 'angst', 'torture', 'explicit language', 'past rape/non-con', 'enemies to friends to lovers', 'trust issues', 'cultural differences', 'suicidal thoughts', 'eventual romance', 'canon divergence', 'fluff', 'language barrier', 'revenge', 'canon-typical violence', 'flashbacks', 'addiction', 'lyrium withdrawal', 'post-traumatic stress disorder - ptsd', 'modern girl in thedas', 'cunnilingus'}"
Dragon Age,3831481,"{'backstory', 'cullen has issues', 'tragic romance', 'angst', 'mature', 'lyrium addiction', 'prequel', 'dom/sub undertones', 'sexual content', 'original character(s)', 'pre-dragon age: inquisition', 'dragon age ii spoilers', 'lyrium withdrawal', 'origin story'}"
Dragon Age,14872712,"{'mature', 'au', 'light angst'}"
Dragon Age,2532455,"{'mature', 'pre-dragon age: inquisition', 'alcohol', 'hurt/comfort', 'post-dragon age ii', 'polyamory', 'romance', 'dreams and nightmares', 'suicidal thoughts', 'angst'}"
Dragon Age,13348014,"{'explicit', 'scars', 'the fade', 'fear', 'secrets', 'skyhold', 'betrayal', 'emotional/psychological abuse', 'lyrium addiction', 'alternate universe - canon divergence', 'smut', 'slavery', 'physical abuse', 'the blight (dragon age)', 'grey wardens', 'alcohol', 'love letters', 'lyrium withdrawal', 'post-traumatic stress disorder - ptsd', 'red lyrium', 'dreams and nightmares', 'romance'}"
Dragon Age,17173733,"{'slow burn', 'teen and up audiences'}"
Dragon Age,17604881,{'mature'}
Dragon Age,4157070,"{'comfort', 'slow romance', 'implied/referenced rape/non-con', 'past relationship(s)', 'non-canon relationship', 'emotional hurt/comfort', 'angst', 'mature', 'anger', 'rape/non-con elements', 'fade dreams', 'eventual romance', 'flashbacks', 'slow burn', 'friends to lovers', 'grief/mourning'}"
Dragon Age,18515110,"{'explicit', 'knotting', 'bestiality', 'alpha/beta/omega dynamics', 'plot what plot/porn without plot'}"
Dragon Age,4097470,"{'hurt/comfort', 'soulmate-identifying marks', 'not rated', 'canonical character death', 'soulmates', 'alternate universe - soulmates', 'canon-typical violence', 'slow burn', 'character development', 'growing up'}"
Dragon Age,8574091,{'mature'}
Dragon Age,13607715,"{'recovery', 'dalish elven culture and customs', 'emotional/psychological abuse', 'mature', 'pov varric tethras', 'swearing', 'rape/non-con elements', 'pov multiple', 'fluff and angst', 'fluff and smut', 'fluff', 'language barrier', 'dalish elves', 'slow burn', 'lyrium withdrawal', 'modern girl in thedas'}"
Dragon Age,17476136,"{'torture', 'established relationship', 'mature', 'canon-typical violence', 'hurt/comfort', 'angst and humor', 'nightmares', 'romance', 'fluff', 'fluff and humor', 'angst'}"
Dragon Age,18336212,"{'action/adventure', 'past abuse', 'humor', 'enemies to friends to lovers', 'friends to lovers', 'other additional tags to be added', 'slow burn', 'action & romance', 'fluff', 'not rated'}"
Dragon Age,15859947,"{'explicit', 'canon-typical violence', 'depression', 'suicidal thoughts'}"
Dragon Age,17208911,{'teen and up audiences'}
Dragon Age,17073863,{'teen and up audiences'}
Dragon Age,14232516,"{'love confessions', 'mature', 'falling in love', 'love letters', 'secret relationship', 'love'}"
Dragon Age,15966365,"{'explicit', 'modern girl in thedas', 'suicidal thoughts'}"
Dragon Age,16875480,"{'idiots in love', 'mutual pining', 'angst', 'mature', 'personal growth', 'blood and violence', 'slavery', 'other additional tags to be added', 'dark', 'fluff and angst', 'redemption', 'slow burn', 'friends to lovers'}"
Dragon Age,18512980,"{'angst with a happy ending', 'mature', 'developing relationship', 'enemies to friends', 'enemies to friends to lovers', 'fenris has issues'}"
Dragon Age,17258021,"{'eventual smut', 'sexual slavery', 'angst', 'mature', 'eventual happy ending', 'frottage', 'fluff and angst', 'slow build', 'dialogue heavy', 'flashbacks', 'slow burn', 'post-traumatic stress disorder - ptsd', 'kissing', 'fingering'}"
Dragon Age,4814267,"{'explicit', 'regret', 'ptsd', 'bdsm', 'memory loss', 'graphic description', 'drug addiction', 'smut', 'character death', 'suicide', 'violence', 'self-harm', 'unrequited love', 'alternate universe'}"
Dragon Age,18512128,{'not rated'}
Dragon Age,16561337,"{'established relationship', 'mature', 'drabble collection', 'lyrium addiction', 'addiction', 'hand jobs', 'self-esteem issues'}"
Dragon Age,17659880,"{'explicit', 'post-dragon age ii'}"
Dragon Age,18277286,"{'tags are hard', 'action', 'crossover', 'teen and up audiences'}"
Dragon Age,18387446,"{'explicit', 'first kiss', 'eventual smut', 'eventual romance', 'friends to lovers', 'attempted rape/non-con', 'romance', 'fade kiss', 'crossover', 'friendship/love', 'my first fanfic'}"
Dragon Age,16841887,"{'explicit', 'pov cullen rutherford', 'cullen rutherford fluff', 'jealous cullen', 'fluff and smut', 'cullen has issues', 'eventual smut', 'minor original character(s)', 'relationship(s)', 'smut', 'romance', 'sex', 'original character(s)', 'first kiss', 'major original character(s)', 'cullen smut', 'cullen rutherford smut', 'love'}"
Dragon Age,14319006,"{'explicit', 'humor', 'templars (dragon age)', 'canon-typical violence', 'slow burn', 'language', 'sarcasm', 'eventual relationships', 'modern girl in thedas', 'psychological trauma', 'romance', 'original character(s)', 'slow build', 'self-esteem issues'}"
Dragon Age,14631294,"{'politics', 'falling in love', 'eventual smut', 'travel', 'dalish elven culture and customs', 'betrayal', 'post-dragon age: origins', 'mature', 'darkspawn', 'drama & romance', 'mild language', 'eventual romance', 'deep roads', 'dragons', 'satinalia', 'adventure', 'fluff and humor', 'grey wardens', 'sexy times', 'dalish elves', 'magic', 'angst and feels'}"
Dragon Age,17035038,"{'alternate universe - modern setting', 'alternate universe - college/university', 'blackmail', 'teen and up audiences'}"
Dragon Age,15705711,"{'mage hawke (dragon age)', 'teen and up audiences'}"
Dragon Age,18308051,"{'eventual smut', 'rating may change', 'action & romance', 'angst', 'mature', 'the blight (dragon age)', 'tags may change', 'slow burn', 'action', 'romance', 'alternate universe - dragon age fusion'}"
Dragon Age,14227905,{'mature'}
Dragon Age,11319069,"{'slow burn', 'teen and up audiences'}"
Dragon Age,8015065,"{'explicit', 'porn with plot', 'dom/sub', 'porn with feelings', 'bdsm', 'oral sex', 'anal sex', 'humiliation'}"
Dragon Age,18268409,"{'explicit', 'scars', 'asexual character', 'found family', 'alternate universe - modern setting', 'modern thedas', 'references to depression', 'bdsm', 'hurt/comfort', 'polyamory', 'templars', 'lyrium addiction', 'varric tethras is so done', 'implied/referenced torture', 'family feels', 'dom/sub', 'alternate universe - modern with magic', 'self-harm', 'slow burn', 'lyrium withdrawal', 'alternate universe', 'happy ending'}"
Dragon Age,17022177,{'mature'}
Dragon Age,16593998,"{'self-insert', 'anxiety', 'depression', 'modern girl in thedas', 'teen and up audiences'}"
Dragon Age,17759378,"{'explicit', 'deepthroating', 'anal sex', 'rimming', 'threesome - f/m/m', 'humiliation'}"
Dragon Age,12325818,"{'background relationships', 'angst with a happy ending', 'mature', 'canon-typical violence', 'sexual content', 'memory loss', 'suicidal thoughts', 'character death', 'angst'}"
Dragon Age,13006428,"{'mature', 'past rape/non-con', 'attempted rape/non-con'}"
Dragon Age,2081109,{'mature'}
Dragon Age,18358388,"{'explicit', 'confident cullen rutherford', 'not canon compliant', 'explicit sexual content', 'enemies to lovers', 'enemies to friends to lovers', 'eventual relationships', 'cullenlingus (dragon age)', 'fluff and angst', 'alternate universe', 'cullen smut'}"
Dragon Age,15641352,"{'fluff and hurt/comfort', 'mages and templars', 'the fade', 'tragic romance', 'mutual pining', 'dalish elven culture and customs', 'love triangles', 'elf/human relationship(s)', 'fantastic racism', 'pov female character', 'sweet cullen rutherford', 'pov cullen rutherford', 'personal growth', 'pining', 'trauma', 'solas being solas', 'teen and up audiences', 'pov multiple', 'awkward tension', 'drama & romance', 'pov third person', 'jealous cullen', 'family feels', 'angst and romance', 'awkward cullen', 'awkward romance', 'fluff and angst', 'slow build', 'pov alternating', 'fluff', 'self-discovery', 'friendship', ""solas is fen'harel"", 'cullen rutherford fluff', 'slow burn', 'dalish elves', 'friends to lovers', 'dreams', 'lyrium withdrawal', 'pov solas', 'mages (dragon age)', 'dreams and nightmares', 'romance', 'growing up', 'pov inquisitor'}"
Dragon Age,15922148,"{'explicit', 'post-traumatic stress disorder - ptsd', 'modern character in thedas', 'mystery', 'kirkwall (dragon age)', 'angst'}"
Dragon Age,16018040,"{'explicit', 'eventual smut', 'slow build'}"
Dragon Age,15241059,"{'explicit', 'alternate universe - modern setting', 'past relationship(s)', 'porn with feelings', 'blow jobs', 'polyamory', ""i'm sorry"", 'anal sex', 'masturbation', 'porn with plot', 'anal fingering', 'past abuse', 'fluff', 'sexy times'}"
Dragon Age,18366965,"{'explicit', 'explicit sexual content', 'heartache', 'smut', 'romance'}"
Dragon Age,18493174,"{'explicit', 'praise kink', 'blow jobs', 'anal sex', 'smut', 'dom/sub undertones'}"
Dragon Age,13573449,"{'minor character death', 'hurt/comfort', 'mage rights', 'angst', 'mature', 'explicit language', 'wicked grace', 'healing', 'minor iron bull/dorian pavus', 'suicide', 'mgit', 'modern character in thedas', 'minor cassandra pentaghast/varric tethras', 'modern girl in thedas', 'romance'}"
Dragon Age,14619270,"{'action/adventure', 'mature', 'elf/human relationship(s)', 'alternate universe', 'relationship(s)', 'romance', 'crossover', 'drama'}"
Dragon Age,17855177,"{'light angst', 'general audiences', 'emotional hurt/comfort', 'fluff'}"
Dragon Age,18075227,"{'explicit', 'slow burn', 'hurt/comfort', ""i'm bad at tagging"", 'feelings'}"
Dragon Age,16674289,"{'teen and up audiences', 'drama & romance', 'eventual romance', 'fluff and angst', 'slow build', 'pov alternating', 'fluff and smut', 'slow burn', 'romance'}"
Dragon Age,6597844,"{'explicit', 'incest', 'dom/sub', 'dreams', 'oral sex', 'anal sex', 'smut', 'alternate reality', 'romance'}"
Dragon Age,18496150,"{'established relationship', ""i don't even know"", 'teen and up audiences', 'implied sexual content'}"
Dragon Age,9437198,"{'orlais', 'war', 'not rated', 'ferelden', 'family', 'dark', 'adventure', 'friendship', 'grey wardens', 'flashbacks', 'dialogue heavy', 'slow burn', 'rivalry', 'action'}"
Dragon Age,16370282,"{'mature', 'mages and templars', 'enemies to lovers', 'uneasy allies', 'enemies to friends to lovers', 'slow burn', 'lyrium withdrawal', 'hurt/comfort', 'family drama', 'angst'}"
Dragon Age,18366644,"{'light bdsm', 'teen and up audiences'}"
Dragon Age,3691890,"{'solas pov', 'mature'}"
Dragon Age,17655053,"{'friendship', 'mature', 'post-dragon age: inquisition', 'post-dragon age: inquisition - trespasser dlc', 'slow burn', 'love', 'alternate universe - canon divergence', 'loss', 'romance', 'crossover', 'angst'}"
Dragon Age,17092892,"{'friendship', 'eventual romance', 'slow burn', 'trust issues', 'slow build', 'fluff and angst', 'teen and up audiences'}"
Dragon Age,18213482,"{'time travel fix-it', 'teen and up audiences', 'alternate universe - time travel'}"
Dragon Age,18308279,"{'dalish elves', 'other additional tags to be added', 'hurt/comfort', 'getting to know each other', 'alternate universe', 'dalish elven culture and customs', 'teen and up audiences', 'fluff'}"
Dragon Age,15643740,"{'explicit', 'past rape/non-con', 'threesome - m/m/m', 'alternate universe'}"
Dragon Age,16714249,{'not rated'}
Dragon Age,18043169,"{'teen and up audiences', 'alternate universe - canon divergence'}"
Dragon Age,17403491,"{'mature', 'modern girl in thedas', 'alternate universe', 'trauma', 'romance', 'original character(s)'}"
Dragon Age,18086462,"{'letters', 'general audiences'}"
Dragon Age,18489994,"{'family fluff', 'not rated'}"
Dragon Age,18399257,"{'mature', 'eventual romance', 'hurt/comfort', 'grief/mourning', 'dreams and nightmares', 'romance', 'slow build', 'flirting', 'angst'}"
Dragon Age,18086459,"{'mature', 'slow burn', 'mutual pining', 'snark', 'angst'}"
Dragon Age,6972283,"{'mature', 'pov multiple'}"
Dragon Age,11096439,"{'eventual smut', 'jealousy', 'fist fights', 'miscarriage', 'secrets', 'purple hawke', 'love triangles', 'elf/human relationship(s)', 'emotional hurt/comfort', 'mature', 'heavy angst', 'alternate universe - canon divergence', 'trust issues', 'healing', 'protective siblings', 'language', 'violence', 'pregnancy', 'established relationship', 'older man/younger woman', 'developing relationship', 'grey wardens', 'bisexual male character', 'grief/mourning'}"
Dragon Age,16643168,"{'implied/referenced character death', 'minor character death', 'eventual relationships', 'references to depression', 'psychological trauma', 'emotional hurt/comfort', 'angst', 'mature', 'alternate universe - canon divergence', 'character death', 'eventual romance', 'action/adventure', 'canon-typical violence', 'slow burn', 'flashbacks', 'friends to lovers', 'magic', 'female friendship', 'male-female friendship'}"
Dragon Age,15059633,"{'one shot collection', 'humor', 'slow burn', 'one shot', 'romance', 'teen and up audiences', 'fluff', 'fluff and humor'}"
Dragon Age,18487222,"{'established relationship', 'humor', 'teen and up audiences'}"
Dragon Age,15472362,"{'mature', 'fade dreams', 'the fade', 'eventual smut', 'eventual romance', 'slow burn', 'alternate universe - canon divergence', 'modern character in thedas', 'hurt/comfort', 'modern girl in thedas', 'fluff and angst', 'trauma', 'swearing', 'mgit', 'violence', 'sexual content', 'redemption'}"
Dragon Age,7267648,"{'action/adventure', 'vaginal sex', 'mature', 'eventual smut', 'slow burn', 'revenge', 'sarcasm', 'oral sex', 'adventure & romance', 'romance', 'fluff and humor', 'grief'}"
Dragon Age,16670665,"{'blood magic', 'first time', 'magic', 'time travel fix-it', 'teen and up audiences'}"
Dragon Age,4981780,"{'explicit', 'vaginal sex', 'eventual romance', 'slow burn', 'anal sex', 'cunnilingus', 'vaginal fingering', 'fluff and smut', 'sign language'}"
Dragon Age,18139055,"{'explicit', 'slow burn', 'modern character in thedas', 'post-traumatic stress disorder - ptsd', 'modern girl in thedas', 'nightmares', 'pov multiple'}"
Dragon Age,15837318,"{'mature', 'past rape/non-con', 'post-traumatic stress disorder - ptsd', 'rite of tranquility', 'kirkwall (dragon age)'}"
Dragon Age,16085780,"{'mature', 'first kiss', 'first time', 'arguing', 'memory loss', 'mage rights', 'feels', 'angst'}"
Dragon Age,15706917,"{'ferelden', 'threats of rape/non-con', 'trauma', 'suicidal thoughts', 'mild language', 'homophobia', 'humor', 'self-indulgent', 'canon typical violence', 'magic', 'orlais', 'original character(s)', 'mgit', 'canon-typical violence', 'grief', ""i don't even know"", 'lying', 'teen and up audiences', 'self-insert', 'post-traumatic stress disorder - ptsd', 'modern girl in thedas', 'mage rebellion', 'the fade', 'crying', 'mage rights', 'family', 'haven (dragon age)', 'varric tethras is a good friend', 'blood magic', 'underage drinking', 'mage-templar war', 'tranquil mages', 'mages (dragon age)'}"
Dragon Age,17828039,"{'past relationship(s)', 'mature', 'mpreg', 'casual sex'}"
Dragon Age,16350887,"{'self-insert', 'blood magic', 'found family', 'slow burn', 'modern girl in thedas', 'teen and up audiences'}"
Dragon Age,17777435,{'mature'}
Dragon Age,18484426,"{'general audiences', 'lyrium addiction', 'implied/referenced torture', 'anxiety', 'implied/referenced rape/non-con', 'post-traumatic stress disorder - ptsd', 'alternate universe - canon divergence', 'implied/referenced abuse'}"
Dragon Age,6662395,"{'origin story', 'not rated'}"
Dragon Age,17786891,"{'self-insert', 'tags may change', 'fade dreams', 'the fade', 'self-indulgent', 'other additional tags to be added', 'modern character in thedas', 'modern girl in thedas', 'self confidence issues', 'teen and up audiences'}"
Dragon Age,13636923,"{'explicit', 'fluff and smut', 'hurt/comfort', 'fluff and angst', 'smut', 'emotional hurt/comfort', 'fluff', 'angst'}"
Dragon Age,1085037,"{'explicit', 'modern girl in thedas', 'modern character in thedas'}"
Dragon Age,17964482,"{'hurt/comfort', 'angst and humor', 'emotional hurt/comfort', 'templars', 'mature', 'dragon age - freeform', 'haven (dragon age)', 'fluff and angst', 'dragon age: inquisition spoilers', 'fantasy', 'grey wardens', 'templars (dragon age)', 'slow burn', 'mages (dragon age)', 'magic', 'lyrium', 'male-female friendship'}"
Dragon Age,18058781,"{'cullen smut', 'mature', 'lyrium addiction', 'slow build', 'romance', 'fluff and smut', 'fluff'}"
Dragon Age,17903975,"{'mature', 'dragon age - freeform', 'eventual romance', 'pre-dragon age: inquisition - trespasser dlc'}"
Dragon Age,8561047,"{'explicit', 'anxiety', 'eventual romance', 'canon-typical violence', 'friends to lovers', 'lyrium withdrawal', 'mutual pining', 'slow build'}"
Dragon Age,12801114,"{'explicit', 'friendship', 'angst', 'humor', 'canon-typical violence', 'blood and injury', 'sex', 'redemption', 'love'}"
Dragon Age,18479023,"{'implied/referenced character death', 'loss', 'grief/mourning', 'panic attacks', 'teen and up audiences'}"
Dragon Age,18346748,"{'angst', 'canon-typical violence', 'mature', 'alternate universe - time travel'}"
Dragon Age,17224601,"{'explicit', 'slow burn', 'attempted rape/non-con', 'modern girl in thedas', 'fluff and angst', 'violence', 'romance', 'fluff and smut', 'angst'}"
Dragon Age,14724449,"{'explicit', 'eventual smut', 'eventual romance', 'canon-typical violence', 'sexual content'}"
Dragon Age,14724449,"{'explicit', 'eventual smut', 'eventual romance', 'canon-typical violence', 'sexual content'}"
Dragon Age,16793095,"{'love confessions', 'not canon compliant', 'falling in love', 'eventual smut', 'love triangles', 'betrayal', 'mature', 'solas being solas', 'character death', 'love', 'awkward romance', 'fluff and angst', 'fluff and humor', 'slow burn', 'heartache'}"
Dragon Age,18025448,"{'explicit', 'angst with a happy ending', 'anders being anders', 'unhealthy relationships', 'past rape/non-con', 'eventual smut', 'alternate universe - modern setting', 'slow burn', 'unrequited love', 'fenris has issues', 'varric tethras is a good friend', 'past torture', 'snarky hawke', 'past abuse'}"
Dragon Age,17521232,"{'mature', 'darkspawn', 'pregnancy', 'fluff and smut'}"
Dragon Age,17382080,"{'mature', 'elvhen pantheon', 'angst and fluff and smut', 'slow burn', 'insecurity', 'modern girl in thedas', 'magic', 'my first fanfic'}"
Dragon Age,18315929,"{'angst and feels', 'mature', 'light angst', 'pov solas'}"
Dragon Age,12852930,"{'awkward tension', 'mature', 'lyrium addiction', 'flashbacks', 'enemies to friends to lovers', 'slow burn', 'eventual romance', 'post-traumatic stress disorder - ptsd', 'first time', 'slow build', 'emotional hurt/comfort', 'fluff and humor', 'pov multiple'}"
Dragon Age,15855573,"{'mature', 'post-dragon age: inquisition - trespasser dlc', 'solavellan hell', 'suicide'}"
Dragon Age,682007,{'explicit'}
Dragon Age,10526922,"{'teen and up audiences', 'post-dragon age: inquisition'}"
Dragon Age,14673135,"{'explicit', 'past rape/non-con', 'canon-typical violence', 'consensual sex'}"
Dragon Age,18313430,"{'canonical character death', 'male slash', 'mature', 'background relationships', 'canon-typical violence', 'language', 'other additional tags to be added', 'alternate universe - canon divergence', 'mpreg', 'alternate universe', 'original character(s)', 'crossover', 'threesome - m/m/m'}"
Dragon Age,14145675,"{'friendship', 'canon-typical violence', 'slow burn', 'alternate universe - canon divergence', 'au', 'alchemy', 'crossover', 'teen and up audiences'}"
Dragon Age,12202269,"{'established relationship', 'love', ""i'm bad at tagging"", 'not rated'}"
Dragon Age,18473074,"{'protective fenris', 'humor', 'pining', 'purple hawke', 'romance', 'teen and up audiences', 'fluff', 'fluff and humor', 'light angst'}"
Dragon Age,17874746,"{'mature', 'slow burn', 'dalish elven culture and customs', 'spoilers', 'fluff'}"
Dragon Age,17043077,"{'action/adventure', 'mature', 'canon-typical violence', 'slow burn', 'death', 'other additional tags to be added', 'post-traumatic stress disorder - ptsd', 'modern girl in thedas', 'blood and injury', ""additional warnings in author's note"", 'violence', 'panic attacks', 'slow build', 'emotional hurt/comfort', 'blood and violence', 'angst'}"
Dragon Age,17495342,"{'alternate universe', 'mature'}"
Dragon Age,17036333,{'explicit'}
Dragon Age,16663846,"{'eventual happy ending', 'mature', 'explicit sexual content', 'slow burn', 'pining'}"
Dragon Age,432238,"{'mature', 'incest', 'sexual violence', 'dragon age - freeform', 'blackmail', 'sex', 'love'}"
Dragon Age,17274593,"{'explicit', 'angst', 'canonical character death', 'explicit sexual content', 'grey wardens', 'grey warden joining', 'canon-typical violence', 'psychological trauma', 'drama', 'grief'}"
Dragon Age,18467515,"{'explicit', 'porn with feelings', 'knotting', 'smut'}"
Dragon Age,12619048,"{'explicit', 'eventual smut', 'jealousy', 'awkward flirting', 'angst and humor', 'plot twists', 'graphic description', ""i'm sorry"", 'explicit language', ""i don't even know"", 'pov first person', 'dom/sub undertones', 'everyone needs a hug', 'original character(s)', 'my first fanfic', 'awkward tension', 'angst and fluff and smut', 'work in progress', 'weird plot shit', 'explicit sexual content', 'eventual romance', 'other additional tags to be added', 'minor original character(s)', 'violence', 'self-insert', 'everything is beautiful and everything hurts', 'sexual violence', 'humor', 'sexy times', 'sarcasm', 'modern girl in thedas', 'angst and feels'}"
Dragon Age,14153823,{'mature'}
Dragon Age,13401606,{'mature'}
Dragon Age,10746171,"{'slow burn', 'mabari', 'modern girl in thedas', 'non-inquisitor oc', 'kissing', 'teen and up audiences'}"
Dragon Age,18082007,"{'canonical character death', 'unhealthy relationships', 'past relationship(s)', 'guilt', 'angst and tragedy', 'tragic romance', 'time travel', 'romance', 'character study', 'spoilers', 'teen and up audiences', 'angst'}"
Dragon Age,14398674,"{'explicit', 'tags may change', 'slow burn', 'jealousy', 'friends to lovers', 'eventual fluff', 'modern girl in thedas', 'romance', 'drunken shenanigans', 'avvar'}"
Dragon Age,17910230,{'mature'}
Dragon Age,14027676,"{'love confessions', 'comfort', 'general audiences', 'falling in love', 'hurt/comfort', 'fluff and angst', 'kissing', 'emotional hurt/comfort', 'angst and hurt/comfort', 'love'}"
Dragon Age,18342062,"{'explicit', 'light bdsm', 'deepthroating', 'rape', 'blow jobs', 'anal sex', 'anal fingering'}"
Dragon Age,18462620,"{'comfort', 'general audiences', 'friends to lovers', 'mutual pining', 'fluff and angst', 'pre-relationship', 'emotional hurt/comfort', 'angst and hurt/comfort', 'angst'}"
Dragon Age,15472665,"{'explicit', 'ptsd', 'eventual smut', 'grief/mourning', 'smut', 'character study', 'mage rights', 'romance', 'mages', 'sex', 'fluff', 'angst and hurt/comfort'}"
Dragon Age,17557439,"{'dialogue heavy', 'slow burn', 'alternate universe - canon divergence', 'post-traumatic stress disorder - ptsd', 'teen and up audiences', 'past abuse'}"
Dragon Age,10268327,"{'explicit', 'mages and templars', 'the fade', 'modern thedas', 'anal sex', 'rimming', 'warden alistair', 'minor iron bull/dorian pavus', 'frottage', 'cuddling & snuggling', 'anal fingering', 'alternate universe - modern with magic', 'pov alternating', 'fluff and smut', 'oral sex', 'romance', 'cullen smut'}"
Dragon Age,18376379,"{'explicit', 'slow burn', 'smut', 'fluff and smut', 'angst'}"
Dragon Age,16548635,"{'mature', 'friends to lovers', 'other additional tags to be added', 'getting to know each other'}"
Dragon Age,16435541,"{'mature', 'other additional tags to be added', 'king alistair'}"
Dragon Age,17976173,"{'humor', 'flashbacks', 'slow burn', 'pining', 'hurt/comfort', 'trauma', 'romance', 'teen and up audiences', 'angst'}"
Dragon Age,16751545,"{'fluff and hurt/comfort', 'fluff and angst', 'romance', 'teen and up audiences', 'fluff'}"
Dragon Age,17777387,"{'teen and up audiences', 'alternate universe - canon divergence'}"
Dragon Age,5007985,"{'humor', 'slow burn', 'demons', 'not rated', 'spirits', 'consensual sex', 'fluff', 'angst'}"
Dragon Age,14892218,"{'alternate universe - modern setting', 'teen and up audiences', 'fluff', 'minor iron bull/dorian pavus'}"
Dragon Age,17524880,"{'explicit', 'shameless smut', 'pov first person', 'worldbuilding', 'not beta read', 'sexual tension', 'other additional tags to be added', 'adventure', 'dialogue heavy', 'fenris has issues', 'alternate universe', 'magic', 'crossover'}"
Dragon Age,18454997,"{'fluff', 'general audiences'}"
Dragon Age,18117818,"{'happy ending', 'depression', 'king alistair', 'suicidal thoughts', 'teen and up audiences'}"
Dragon Age,13176129,"{'background relationships', 'eluvians', 'slow burn', 'awkward flirting', 'alternate universe - canon divergence', 'post-canon', 'teen and up audiences'}"
Dragon Age,18020840,"{'mages and templars', 'implied/referenced rape/non-con', 'family drama', 'mabari', 'family fluff', 'darkspawn', 'past rape/non-con', 'mother-daughter relationship', 'warden alistair', 'teen and up audiences', 'family feels', 'dragons', 'the blight (dragon age)', 'grey wardens', 'templars (dragon age)', 'mages (dragon age)', 'implied/referenced child abuse'}"
Dragon Age,18446519,"{'romantic fluff', 'emotional hurt/comfort', 'angst', ""i'm sorry"", 'love', 'fluff and angst', 'dragon age: inquisition spoilers', 'fluff', 'general audiences', 'romance'}"
Dragon Age,11183487,"{'explicit', 'eventual smut', 'misunderstandings', 'hurt/comfort', 'mutual pining', 'emotional hurt/comfort', 'angst', 'canonical character death', 'other additional tags to be added', 'action/adventure', 'canon-typical violence', 'slow burn', 'friends to lovers', 'alternate universe', 'romance'}"
Dragon Age,7823602,"{'explicit', 'long', 'falling in love', 'implied/referenced rape/non-con', 'psychological trauma', 'panic attacks', 'plot twists', 'implied/referenced suicide', 'pov cullen rutherford', 'explicit language', 'lyrium addiction', 'trauma', 'blood and violence', 'love', 'explicit sexual content', 'fluff and angst', 'violence', 'fluff and smut', 'fluff', 'love at first sight', 'self-harm', 'post-traumatic stress disorder - ptsd', 'lyrium withdrawal', 'red lyrium', 'pov inquisitor', 'romance', 'pov original character'}"
Dragon Age,13474524,{'explicit'}
Dragon Age,17726618,"{'self-insert', 'underage drinking', 'not rated'}"
Dragon Age,17635274,"{'action/adventure', 'teen and up audiences', 'romance'}"
Dragon Age,18329216,"{'anxiety', 'post-traumatic stress disorder - ptsd', 'panic attacks', 'teen and up audiences'}"
Dragon Age,5628031,"{'action/adventure', 'friendship', 'ptsd', 'humor', 'not rated', 'violence', 'action & romance', 'fluff', 'angst'}"
Dragon Age,4103356,"{'explicit', 'asexual character', 'fist fights', 'oral sex', 'anal sex', 'exhibitionism'}"
Dragon Age,18445058,"{'explicit', 'shameless smut', 'dom/sub', 'plot what plot/porn without plot', 'fade sex', 'smut'}"
Dragon Age,18416099,"{'general audiences', 'modern character in thedas', 'modern girl in thedas', 'singing'}"
Dragon Age,16826287,"{'friendship', 'drunkenness', 'past relationship(s)', 'guilt', 'secrets', 'denial of feelings', 'drunken shenanigans', 'teen and up audiences', 'betrayal', 'friendship/love'}"
Dragon Age,12738252,"{'politics', 'alternate universe', 'teen and up audiences', 'pov multiple', 'character death'}"
Dragon Age,17545055,"{'mature', 'slow burn', 'slow build', 'angst'}"
Dragon Age,16970235,"{'implied/referenced rape/non-con', 'recovery', 'solavellan hell', 'not rated', 'emotional/psychological abuse', 'post-dragon age: inquisition', 'past rape/non-con', 'alternate universe - canon divergence', 'dragon age lore', 'triggers', 'dragon age spoilers', 'physical abuse', 'past sexual abuse'}"
Dragon Age,17054879,"{'teen and up audiences', 'not canon compliant', 'post-dragon age: inquisition - trespasser dlc', 'past relationship(s)', 'post-canon', 'crossover', 'the blight (dragon age)'}"
Dragon Age,16174670,"{'action/adventure', 'angst', 'protective fenris', 'eventual smut', 'canon-typical violence', 'slow burn', 'banter', 'hurt/comfort', 'modern character in thedas', 'modern girl in thedas', 'romance', 'emotional hurt/comfort', 'not rated'}"
Dragon Age,11148300,"{'explicit', 'love confessions', 'fights', 'action & romance', 'emotional hurt/comfort', 'blood and violence', 'explicit sexual content', 'other additional tags to be added', 'fluff and smut', 'blood magic', 'humor', 'sex magic', 'romance', 'snarky hawke', 'friendship/love'}"
Dragon Age,18356981,"{'mature', 'falling in love', 'implied/referenced rape/non-con', 'canon-typical violence', 'pov alternating', 'light angst'}"
Dragon Age,18445313,"{'mutual pining', 'drunken shenanigans', 'teen and up audiences'}"
Dragon Age,16974357,"{'explicit', 'pre-dragon age: inquisition', 'slow burn', 'alternate universe - canon divergence'}"
Dragon Age,18444650,"{'explicit', 'regret', 'unhealthy relationships', 'enemies to lovers', 'minor character death', 'mage hawke (dragon age)', 'happy ending'}"
Dragon Age,16754761,"{'mature', 'humor', 'the fade', 'eventual smut', 'flashbacks', 'fluff and angst', 'non-inquisitor oc', 'adventure & romance', 'slow build'}"
Dragon Age,17771333,{'not rated'}
Dragon Age,18254951,"{'modern girl in thedas', 'not rated'}"
Dragon Age,17019633,"{'mature', 'eventual smut', 'mutual pining', 'modern girl in thedas'}"
Dragon Age,14805678,"{'explicit', 'hurt/comfort', 'dalish elven culture and customs', 'panic attacks', 'angst', 'knight-enchanters', 'rape/non-con elements', 'slavery', 'dark', 'canon-typical violence', 'anxiety', 'blood and gore'}"
Dragon Age,18441134,"{'explicit', 'drinking', 'humor', 'fluff and angst', 'smut'}"
Dragon Age,3828742,"{'explicit', 'explicit sexual content', 'dom/sub', 'rivalry', 'anal sex', 'smut', 'violence', 'teasing', 'dirty talk'}"
Dragon Age,15171278,"{'developing relationship', 'heavy angst', 'canon-typical violence', 'slow burn', 'other additional tags to be added', 'alternate universe - canon divergence', 'hurt/comfort', 'mutual pining', 'teen and up audiences', 'fluff'}"
Dragon Age,5535335,"{'action/adventure', 'canon-typical violence', 'other additional tags to be added', 'not rated'}"
Dragon Age,14884358,"{'mature', 'eventual smut', 'rating may change', 'fluff and angst', 'smut', 'fluff', 'angst'}"
Dragon Age,16622186,"{'angst', 'mature', 'slow burn', 'alternate universe - canon divergence', 'sexual content', 'violence', 'shapeshifting', 'love'}"
Dragon Age,14540541,"{'explicit', 'self-insert', 'not canon compliant', 'past child abuse', 'eventual smut', 'smut', 'mgit', 'romance', 'fluff and smut', 'fluff'}"
Dragon Age,6108114,"{'explicit', 'slavery', 'implied/referenced rape/non-con', 'kirkwall (dragon age)'}"
Dragon Age,17684642,"{'orlais', 'mature', 'ferelden', 'romance', 'war', 'pregnancy', 'fluff', 'skyhold'}"
Dragon Age,17307644,"{'the fade', 'eventual smut', 'fear', 'heartbreak', 'angst', 'pain', 'mature', 'alternate universe - canon divergence', 'healing', 'pre-dragon age: inquisition - trespasser dlc', 'love', 'eventual romance', 'redemption', 'dreams', 'heartache', 'romance'}"
Dragon Age,3474470,"{'mature', 'the fade', 'demons', 'tranquil mages', 'rite of tranquility', 'spirits'}"
Dragon Age,17062463,"{'slow burn', 'dragon age spoilers', 'solas smut', 'oral sex', 'modern girl in thedas', 'light bondage', 'threesome - f/m/m', 'fade sex', 'dragon age: inquisition spoilers', 'masturbation', 'not rated'}"
Dragon Age,18429998,"{'anders being anders', 'general audiences', 'developing relationship', 'dragon age ii spoilers', 'purple hawke', 'mage hawke (dragon age)', 'male-female friendship'}"
Dragon Age,9413030,"{'explicit', 'pre-dragon age: inquisition', 'dragon age: inquisition spoilers'}"
Dragon Age,17848460,"{'explicit', 'slow burn'}"
Dragon Age,10740447,"{'explicit', 'recovery', 'angst', 'dom/sub undertones', 'rough sex', 'family', 'nightmares', 'survivor guilt', 'fluff and smut', 'fluff', 'past abuse', 'action/adventure', 'friendship', 'friends to lovers', 'oral sex', 'post-traumatic stress disorder - ptsd', 'romance'}"
Dragon Age,16796905,"{'explicit', 'slow burn', 'smut', 'break up', 'the blight (dragon age)', 'original character death(s)'}"
Dragon Age,18432989,"{'explicit', 'male slash', 'established relationship', 'explicit sexual content', 'cock worship', 'dom/sub', 'oral sex', 'plot what plot/porn without plot', 'dom/sub undertones', 'anal sex', 'fluff and smut', 'mild gore'}"
Dragon Age,16031258,"{'enemies to friends', 'anxiety', 'slow burn', 'modern thedas', 'alcohol', 'self-esteem issues', 'alternate universe - modern with magic', 'teen and up audiences', 'angst'}"
Dragon Age,13673376,"{'explicit', 'politics', 'slow romance', 'angst', 'avvar culture and customs', 'smut', 'minor iron bull/dorian pavus', 'rite of tranquility', 'alchemy', 'blood magic', 'slow build', 'tags may change', 'humor', 'slow burn', 'minor cassandra pentaghast/varric tethras', 'modern character in thedas', 'modern girl in thedas', ""additional warnings in author's note"", 'major original character(s)'}"
Dragon Age,11358459,{'mature'}
Dragon Age,6985507,"{'explicit', 'alternate universe - modern setting', 'blow jobs', 'past child abuse', 'dirty talk', 'angst', 'rimming', 'vaginal sex', 'fluff and smut', 'oral sex', 'vaginal fingering'}"
Dragon Age,16996791,"{'explicit', 'enemies to friends to lovers', 'slow burn'}"
Dragon Age,16861477,"{'explicit', 'angst and fluff and smut', 'fluff and smut', 'smut'}"
Dragon Age,18430250,"{'explicit', 'oral sex', 'masturbation'}"
Dragon Age,7864456,"{'explicit', 'warm and fuzzy feelings', 'politics', 'cullen has issues', 'alternate universe - modern setting', 'modern thedas', 'hurt/comfort', 'mabari', 'dalish elven culture and customs', 'panic attacks', 'singing', 'angst', 'lyrium addiction', 'trauma', 'smut', 'original character death(s)', 'minor iron bull/dorian pavus', 'blood and violence', 'explicit sexual content', 'violence', 'inquisitor & dorian pavus friendship', 'fluff', 'homophobia', 'elvhen pantheon', 'templars (dragon age)', 'modern era', 'slow burn', 'lyrium withdrawal', 'blood', 'thedas', 'alternate universe'}"
Dragon Age,14053083,"{'explicit', 'fights', 'the fade', 'fist fights', 'soulmate-identifying marks', 'sex', 'memory loss', 'feelings', 'angst', 'wicked grace', 'evanuris', 'time travel', 'relationship(s)', 'smut', 'adventure & romance', 'original character(s)', 'family', 'fade dreams', 'soulmates', 'sexual tension', 'eventual romance', 'adventure', 'past abuse', 'shapeshifting', 'friendship', 'humor', 'underage drinking', 'dreams', 'denial of feelings', 'sex magic', 'fade kiss', 'first kiss', 'romance'}"
Dragon Age,14947985,"{'friendship', 'other additional tags to be added', 'alternate universe - canon divergence', 'modern girl in thedas', 'teen and up audiences'}"
Dragon Age,15089003,"{'politics', 'time travel fix-it', 'betrayal', 'not rated', 'angst with a happy ending', 'time travel', 'mother-daughter relationship', 'alternate reality', 'original character(s)', 'protectiveness', 'eventual romance', 'redemption', 'fantasy', 'angst and hurt/comfort', 'self-insert', 'action/adventure', 'self-discovery', 'developing relationship', 'humor', 'growing up', 'crossover', 'secret relationship'}"
Dragon Age,17306081,"{'mature', 'guilt', 'mutual pining', 'time travel fix-it', 'angst'}"
Dragon Age,18213890,"{'explicit', 'modern girl in thedas', 'mgit', 'romance'}"
Dragon Age,18428342,"{'established relationship', ""i don't even know"", 'teen and up audiences', 'implied sexual content'}"
Dragon Age,4178565,"{'explicit', 'eventual smut', 'slow burn', 'misunderstandings', 'angst'}"
Dragon Age,15848898,"{'explicit', 'explicit sexual content', 'recovery', 'slow burn', 'angst and tragedy', 'loss', 'slow build', 'character death'}"
Dragon Age,18426711,"{'varric tethras is a good friend', 'anders being anders', 'protective fenris', 'general audiences', 'family feels', 'pining', 'mutual pining', 'family drama', 'fluff', 'angst'}"
Dragon Age,18425070,"{'general audiences', 'humor', 'pre-relationship', 'fluff', 'fluff and humor'}"
Dragon Age,18240836,{'explicit'}
Dragon Age,12553976,"{'explicit', 'warm and fuzzy feelings', 'recovery', 'hurt/comfort', 'emotional hurt/comfort', 'alternate universe - canon divergence', 'canon-typical violence'}"
Dragon Age,16623275,"{'mild language', 'slow burn', 'awkward flirting', 'friends to lovers', 'romance', 'awkwardness', 'teen and up audiences'}"
Dragon Age,5237969,"{'explicit', 'fights', 'humor', 'implied/referenced rape/non-con', 'love', 'oral sex', 'sexual content', 'sex', 'romance', 'rough sex', 'fluff and smut', 'angst'}"
Dragon Age,18422379,"{'fluff', 'not rated'}"
Dragon Age,18422190,"{'male slash', 'mature', 'humor', 'implied sexual content', 'dom/sub undertones', 'fluff'}"
Dragon Age,13927962,"{'mature', 'alternate universe - canon divergence'}"
Dragon Age,18213230,"{'mature', 'slow burn', 'reader-insert'}"
Dragon Age,16733370,"{'explicit', 'the fade', 'eventual smut', 'implied/referenced rape/non-con', 'minor character death', 'all the feels', 'depression', 'break up', 'emotional hurt/comfort', 'templars', 'skyhold', 'heartbreak', 'angst', 'torture', 'singing', 'wicked grace', 'lyrium addiction', 'forbidden love', 'smut', 'mages', 'teasing', 'masturbation', 'family', 'haven (dragon age)', 'demons', 'satinalia', 'violence', 'slow build', 'fluff', 'love at first sight', 'friendship', 'drinking', 'developing relationship', 'drunkenness', 'anxiety', 'slow burn', 'redcliffe', 'letters', 'lyrium withdrawal', 'kissing', 'lyrium'}"
Dragon Age,3394214,"{'eventual smut', 'eventual relationships', 'adamant fortress (dragon age)', 'mature', 'alternate universe - canon divergence', 'love', 'drama & romance', 'rite of tranquility', 'references to addiction', 'red lyrium', 'implied sexual content', 'pov original character', 'self-hatred', 'orlais', 'rape', 'awkward flirting', 'skyhold', 'angst', 'confident cullen rutherford', 'darkspawn', 'wicked grace', 'deep roads', 'minor original character(s)', 'queen cousland', 'sexual violence', 'mages and templars', 'falling in love', 'king alistair', 'inquisition agents (dragon age)', 'lyrium addiction', 'past rape/non-con', 'arguing', 'mages', 'slow build', 'grey wardens', 'slow burn', 'lyrium withdrawal', 'post-traumatic stress disorder - ptsd', 'angst and feels', 'friendship/love', 'the fade', 'mage rights', 'background relationships', 'heavy angst', 'eventual romance', 'action/adventure', 'templars (dragon age)', 'addiction', 'mage-templar war'}"
Dragon Age,17827136,"{'mature', 'slow build'}"
Dragon Age,18414005,{'not rated'}
Dragon Age,17983526,"{'eventual smut', 'dragons', 'time travel', 'romantic fluff', 'fluff and smut', 'fluff and humor', 'not rated'}"
Dragon Age,15117347,"{'backstory', 'mature', 'prequel'}"
Dragon Age,18412550,"{'explicit', 'smut', 'sex'}"
Dragon Age,18411944,"{'comfort', 'blood', 'pre-relationship', 'teen and up audiences'}"
Dragon Age,16152116,"{'explicit', 'explicit language', 'other additional tags to be added'}"
Dragon Age,13711113,"{'explicit', 'alternate universe - modern setting'}"
Dragon Age,17698232,"{'explicit', 'misunderstandings', 'secrets', 'alternate universe - canon divergence', 'nsfw', 'arguing', 'explicit sexual content', 'unrequited love', 'post-traumatic stress disorder - ptsd', 'modern girl in thedas'}"
Dragon Age,15636864,{'teen and up audiences'}
Dragon Age,11528463,"{'explicit', 'drama & romance', 'work in progress', 'eventual smut', 'sexual tension', 'other additional tags to be added', 'rivalry', 'non-inquisitor oc', 'love triangles', 'teasing', 'angst'}"
Dragon Age,10520238,"{'explicit', 'scars', 'self-discovery', 'humor', 'travel', 'dreams', 'family drama', 'miscarriage', 'nightmares', 'smut', 'mystery', 'spoilers', 'fluff and smut', 'fluff', 'friendship/love'}"
Dragon Age,13938480,"{'mature', 'time travel'}"
Dragon Age,13821870,"{'implied/referenced rape/non-con', 'angst', 'pain', 'mature', 'lyrium addiction', 'dragon age lore', 'eventual romance', 'fluff and angst', 'violence', 'fluff', 'angst and hurt/comfort', 'post-traumatic stress disorder - ptsd', 'lyrium withdrawal', 'angst and feels', 'elvhen language'}"
Dragon Age,18404606,"{'explicit', 'porn with plot', 'male slash', 'porn with feelings', 'hurt/comfort', 'mutual pining', 'one shot', 'smut', 'purple hawke', 'fluff and smut', 'fluff', 'angst'}"
Dragon Age,16367489,"{'rating may change', 'eventual relationships', 'background relationships', 'alternate universe - canon divergence', 'teen and up audiences', 'pov multiple', 'mild canon divergence', 'language', 'other additional tags to be added', 'slow burn', 'canon typical violence', 'grief/mourning'}"
Dragon Age,12453861,"{'love confessions', 'mature', 'eventual smut', 'enemies to friends to lovers', 'slow burn', 'banter', 'friends to lovers', 'sexual tension', 'post-traumatic stress disorder - ptsd', 'romance', 'teasing', 'fluff and smut', 'fluff', 'flirting'}"
Dragon Age,14272641,"{'friendship', 'mature', 'falling in love', 'eventual romance', 'canon-typical violence', 'other additional tags to be added', 'blood and gore', 'growing up', 'fantastic racism'}"
Dragon Age,13108431,"{'mages and templars', 'mage rights', 'teen and up audiences', 'dragons', 'alternate universe - soulmates', 'lyrium withdrawal'}"
Dragon Age,15152591,"{'friendship', 'mature', 'one shot collection', 'humor', 'one shot', 'romance'}"
Dragon Age,5431913,"{'explicit', 'comfort', 'hand jobs', 'angst', 'rough sex', 'character death', 'vaginal sex', 'cuddling & snuggling', 'insecurity', 'semi-public sex', 'light bdsm', 'fluff', 'established relationship', 'post-trespasser', 'unrequited love', 'oral sex', 'plot what plot/porn without plot', 'light bondage', 'alternate universe', 'action', 'vaginal fingering', 'light angst'}"
Dragon Age,18303233,"{'mature', 'smut', 'feels', 'fluff'}"
Dragon Age,16754869,"{'mature', 'canon-typical violence', 'slow burn', 'novelization', 'alcohol', 'alternate universe - canon divergence', 'hurt/comfort', 'modern girl in thedas', 'swearing', 'blood and gore', 'fluff', 'graphic description', 'angst'}"
Dragon Age,15126710,"{'knight-enchanters', 'love at first sight', 'mature', 'fluff', 'eventual smut', 'pining', 'mages', 'protective siblings', 'templars', 'love'}"
Dragon Age,18397283,"{'explicit', 'vaginal sex', 'oral sex', 'fingering', 'dirty talk'}"
Dragon Age,13914735,{'mature'}
Dragon Age,18112661,"{'mature', 'modern girl in thedas'}"
Dragon Age,18230570,"{'lyrium addiction', 'cuddling & snuggling', 'lyrium withdrawal', 'post-traumatic stress disorder - ptsd', 'hurt/comfort', 'teen and up audiences', 'mild gore'}"
Dragon Age,15772383,"{'explicit', 'porn with plot', 'angst and fluff and smut', 'porn with feelings', 'dragon age: inquisition - trespasser dlc', 'dragon age: inquisition spoilers'}"
Dragon Age,5202098,"{'friendship', 'demons', 'not rated'}"
Dragon Age,18392093,"{'explicit', 'alternate universe - modern setting'}"
Dragon Age,17747657,"{'mature', 'other additional tags to be added', 'modern girl in thedas', 'tags are hard'}"
Dragon Age,4457036,"{'mature', 'death', 'sexual content', 'violence'}"
Dragon Age,16598273,"{'established relationship', 'drama & romance', 'angst with a happy ending', 'anxiety', 'alcohol', 'hurt/comfort', 'lyrium withdrawal', 'romance', 'teen and up audiences', 'angst'}"
Dragon Age,10052990,"{'friendship', 'mature', 'redemption', 'humor', 'eventual smut', 'canon-typical violence', 'enemies to friends to lovers', 'slow burn', 'friends to lovers', 'idiots in love', 'alternate universe - canon divergence', 'mutual pining', 'psychological trauma', 'romance', 'crossover', 'emotional hurt/comfort', 'angst'}"
Dragon Age,12481704,"{'explicit', 'not canon compliant', 'implied/referenced rape/non-con', 'polyamory', 'explicit language', 'shameless smut', 'anal sex', 'blood and violence', 'vaginal sex', 'angst and fluff and smut', 'explicit sexual content', 'fluff and angst', 'anal fingering', 'fluff and smut', 'fluff', 'fluff and humor', 'modern character in thedas', 'oral sex', 'modern girl in thedas', 'vaginal fingering'}"
Dragon Age,18386792,"{'teen and up audiences', 'eventual happy ending', 'slavery', 'implied/referenced rape/non-con', 'implied/referenced abuse'}"
Dragon Age,15180113,{'teen and up audiences'}
Dragon Age,14743373,{'teen and up audiences'}
Dragon Age,12190956,"{'mature', 'pre-dragon age: inquisition', 'explicit language', 'humor', 'shameless smut', 'modern character in thedas', 'modern girl in thedas', 'crossover', 'fluff and smut', 'modern boy in thedas'}"
Dragon Age,17440748,"{'general audiences', 'dalish elves', 'elf/human relationship(s)', 'romantic fluff'}"
Dragon Age,14848706,"{'explicit', 'eventual smut', 'slow burn', 'past relationship(s)', 'dragon age: inquisition - trespasser dlc', 'fluff and angst', 'canon divergence', 'romance'}"
Dragon Age,16751743,"{'mages and templars', 'alternate universe - modern setting', 'eventual relationships', 'modern thedas', 'minor character death', 'avvar', 'darkspawn', 'alternate universe - canon divergence', 'dragon age lore', 'teen and up audiences', 'my first fanfic', 'eventual romance', 'blood magic', 'alternate universe - modern with magic', 'fluff and humor', 'grey warden joining'}"
Dragon Age,15802167,"{'explicit', 'backstory', 'jealousy', 'porn with feelings', 'blow jobs', 'soulmate-identifying marks', 'elf/human relationship(s)', 'worldbuilding', 'smut', 'exhibitionism', 'anal sex', 'porn with plot', 'dom/sub', 'other additional tags to be added', 'semi-public sex', 'fluff and angst', 'anal fingering', 'fluff and smut', 'older man/younger woman', 'alternate universe - soulmates', 'unrequited love', 'oral sex', 'male-female friendship'}"
Dragon Age,2908610,"{'angst', 'mature', 'fluff', 'romance'}"
Dragon Age,17921699,"{'enemies to lovers', 'eventual smut', 'minor character death', 'past relationship(s)', 'angst and humor', 'mature', 'enemies to friends to lovers', 'original character(s)', 'minor iron bull/dorian pavus', 'explicit sexual content', 'haven (dragon age)', 'eventual romance', 'minor original character(s)', 'canon-typical violence', 'slow burn', 'angst and tragedy', 'modern character in thedas', 'modern girl in thedas', 'unresolved sexual tension', 'ancient elves (dragon age)'}"
Dragon Age,4278873,"{'explicit', 'recovery', 'break up', 'emotional hurt/comfort', 'hand jobs', 'pre-dragon age: inquisition', 'praise kink', 'declarations of love', 'anal fingering', 'self-esteem issues', 'canon-typical violence', 'post-traumatic stress disorder - ptsd', 'sign language'}"
Dragon Age,18379676,"{'explicit', 'secret relationship', 'deepthroating', 'crying', 'blow jobs', 'dirty talk', 'shameless smut', 'rimming', 'teasing', 'love', 'cock worship', 'praise kink', 'declarations of love', 'anal fingering', 'spoilers', 'fluff', 'humiliation', 'sex magic', 'kissing'}"
Dragon Age,13272102,"{'implied/referenced character death', 'post-traumatic stress disorder - ptsd', 'alternate universe - canon divergence', 'panic attacks', 'teen and up audiences', 'alternate universe - time travel'}"
Dragon Age,8127176,"{'explicit', 'eventual smut', 'jealousy', 'eventual relationships', 'mutual pining', 'graphic description', 'pov cullen rutherford', 'lyrium addiction', 'eventual fluff', 'drug addiction', 'pov multiple', 'fluff and angst', 'self confidence issues', 'slow build', 'self-discovery', 'canon-typical violence', 'slow burn', 'friends to lovers', 'post-traumatic stress disorder - ptsd', 'lyrium withdrawal', 'dreams and nightmares', 'pov inquisitor', 'light angst'}"
Dragon Age,4854365,"{'explicit', 'slow burn', 'amnesia'}"
Dragon Age,9150859,"{'tension', 'mature', 'modern era', 'alternate universe - modern setting', 'slow burn', 'sexual tension', 'mutual pining', 'alternate universe', 'relationship(s)', 'slow build'}"
Dragon Age,17817488,"{'explicit', 'alternate universe - modern setting', 'slow burn', 'misunderstandings', 'friends to lovers', 'jealousy', 'self-discovery'}"
Dragon Age,16930146,"{'eventual happy ending', 'mature', 'past abuse', 'eventual smut', 'death', 'minor character death', 'threats of rape/non-con', 'mild gore', 'violence', 'war', 'slow build', 'fluff', 'angst'}"
Dragon Age,16264451,"{'memory loss', 'romance', 'teen and up audiences', 'fluff', 'angst'}"
Dragon Age,18372791,"{'explicit', 'alternate universe - canon divergence', 'oral sex', 'fluff and angst', 'smut', 'adamant fortress (dragon age)', 'fluff and smut'}"
Dragon Age,18180800,"{'alternate universe', 'teen and up audiences', 'humor'}"
Dragon Age,18370556,"{'explicit', 'incest', 'knotting', 'alpha/beta/omega dynamics', 'bestiality'}"
Dragon Age,16274372,"{'family', 'friendship', 'mature', 'slow romance', 'alternate universe - modern setting', 'friends to lovers', 'family drama', 'fluff and angst', 'alternate universe', 'romance', 'fluff', 'angst'}"
Dragon Age,18365042,"{'explicit', 'smut', 'sex', 'pov female character', 'inquisition agents (dragon age)', 'sweet cullen rutherford'}"
Dragon Age,10271579,"{'mature', 'dialogue heavy', 'modern character in thedas', 'character development', 'modern girl in thedas', 'swearing', 'purple hawke', 'slow build'}"
Dragon Age,17894252,"{'mature', 'anxiety', 'eventual smut', 'modern girl in thedas', 'trauma', 'spoilers', 'reader-insert'}"
Dragon Age,10667928,"{'mature', 'alternate universe - canon divergence', 'modern girl in thedas', 'mgit'}"
Dragon Age,18368162,"{'mature', 'the fade', 'fade sex', 'magic', 'pre-dragon age: inquisition - trespasser dlc'}"
Dragon Age,4079065,"{'general audiences', 'spoilers', 'crossover'}"
Dragon Age,6745204,"{'au', 'angst', 'evanuris', 'pov first person', 'teen and up audiences', 'fluff', 'slow burn', 'modern character in thedas', 'thedas'}"
Dragon Age,18367445,"{'all the feels', 'feels', 'teen and up audiences'}"
Dragon Age,13790544,"{'explicit', 'angst', 'emotional/psychological abuse', 'past abuse', 'past sexual abuse', 'anxiety', 'depression', 'hurt/comfort', 'miscarriage', 'physical abuse', 'fluff', 'triggers'}"
Dragon Age,18055589,{'not rated'}
Dragon Age,7566736,"{'explicit', 'angst with a happy ending', 'slow burn', 'soulmates', 'mutual pining'}"
Dragon Age,18363851,{'teen and up audiences'}
Dragon Age,17414942,"{'skyhold', 'dragon age: inquisition - trespasser dlc', 'alternate universe - canon divergence', 'pov varric tethras', 'varric tethras is so done', 'teen and up audiences', 'haven (dragon age)', 'warden carver hawke', 'alternate canon', 'varric tethras is a good friend', 'dragon age: inquisition spoilers', 'slow burn', 'friends to lovers', 'letters', 'hawke & varric tethras friendship', 'alternate universe', 'bethany and carver hawke live', 'male-female friendship', 'friendship/love'}"
Dragon Age,18362480,"{'explicit', 'vaginal sex', 'emotional hurt/comfort', 'dirty talk'}"
Dragon Age,18360524,{'general audiences'}
Dragon Age,10294424,"{'general audiences', 'sign language'}"
Dragon Age,5125430,"{'mature', 'alternate universe - modern setting', 'alternate universe - modern with magic'}"
Dragon Age,18242399,{'teen and up audiences'}
Dragon Age,17607833,"{'self-insert', 'explicit language', 'modern girl in thedas', 'teen and up audiences'}"
Dragon Age,18356582,"{'teen and up audiences', 'developing relationship', 'anxiety', 'character study', 'implied/referenced abuse'}"
Dragon Age,14772248,"{'general audiences', 'adventure'}"
Dragon Age,10216643,"{'explicit', 'the fade', 'futanari', 'demons', 'masturbation', 'exhibitionism', 'romance', 'flirting'}"
Dragon Age,16794970,"{'mature', 'eventual smut', 'eventual romance', 'slow burn', 'fluff and angst'}"
Dragon Age,8599120,"{'mature', 'friends to lovers'}"
Dragon Age,17517743,"{'modern thedas', 'teen and up audiences', 'romance'}"
Dragon Age,13527120,"{'post-trespasser', 'fluff', 'teen and up audiences', 'angst'}"
Dragon Age,18241166,{'explicit'}
Dragon Age,18351641,{'teen and up audiences'}
Dragon Age,13554531,"{'mature', 'slow burn'}"
Dragon Age,13372518,"{'explicit', 'first time'}"
Dragon Age,18349070,"{'love confessions', 'human cole (dragon age)', 'fluff', 'not rated'}"
Dragon Age,10687761,"{'banter', 'teen and up audiences'}"
Dragon Age,15745281,"{'explicit', 'fantastic racism', 'angst', 'suicidal thoughts', 'violence', 'alternate universe - dragon age fusion', 'self-hatred'}"
Dragon Age,16668043,"{'angst', 'minor canon divergence', 'bethany and carver hawke live', 'swearing', 'teen and up audiences', 'canonical character death', 'mild language', 'protectiveness', 'canon-typical violence', 'grief/mourning'}"
Dragon Age,17284310,"{'explicit', 'enemies to lovers', 'flashbacks', 'slow burn', 'lying', 'sex'}"
Dragon Age,17483636,"{'the blight (dragon age)', 'dalish elves', 'origin story', 'prequel', 'fluff and angst', 'pre-relationship', 'dalish elven culture and customs', 'teen and up audiences', 'original character death(s)'}"
Dragon Age,18346274,"{'explicit', 'nsfw', 'masturbation'}"
Dragon Age,17953130,"{'mature', 'hurt/comfort', 'post-traumatic stress disorder - ptsd', 'violence', 'past abuse', 'fluff and humor', 'angst'}"
Dragon Age,4976083,"{'mature', 'implied/referenced rape/non-con', 'pining', 'drug addiction', 'angst and humor', 'unresolved sexual tension', 'past abuse', 'angst'}"
Dragon Age,17933354,"{'explicit', 'fluff and hurt/comfort', 'slow burn', 'death', 'other additional tags to be added', 'blood and violence', 'my first fanfic'}"
Dragon Age,12839118,"{'mature', 'drabble collection', 'slow burn', 'romance', 'adventure & romance'}"
Dragon Age,17931602,"{'rating may change', 'other additional tags to be added', 'fix-it of sorts', 'modern girl in thedas', 'elf/human relationship(s)', 'teen and up audiences'}"
Dragon Age,11241108,"{'mature', 'canon divergence'}"
Dragon Age,7556077,"{'orlais', 'the fade', 'templars', 'angst', 'mature', 'anger', 'ferelden', 'mages', 'love', 'dragon age - freeform', 'sexual tension', 'magic', 'romance'}"
Dragon Age,16837294,{'teen and up audiences'}
Dragon Age,18239747,"{'mature', 'implied/referenced character death', 'dragon age spoilers', ""i'm bad at tagging"", 'implied/referenced child abuse', 'relationship(s)', 'romance', 'dragon age: inquisition spoilers', 'angst and romance', 'implied/referenced abuse', 'implied sexual content', 'angst'}"
Dragon Age,18251297,"{'canon-typical violence', 'modern character in thedas', 'modern boy in thedas', 'not rated'}"
Dragon Age,11000064,"{'torture', 'the fade', 'demons', 'thedas', 'loss', 'alternate universe', 'magic', 'sexual content', 'alternate reality', 'consensual sex', 'memories', 'nightmares', 'the blight (dragon age)', 'skyhold', 'flirting', 'not rated'}"
Dragon Age,18341132,"{'explicit', 'first time', 'blow jobs', 'semi-public sex', 'anal fingering'}"
Dragon Age,18340691,{'mature'}
Dragon Age,18340304,{'teen and up audiences'}
Dragon Age,18340274,"{'teen and up audiences', 'fluff'}"
Dragon Age,4834733,"{'mature', 'dragons', 'romance', 'angst'}"
Dragon Age,18332213,{'teen and up audiences'}
Dragon Age,18332498,"{'explicit', 'shameless smut', 'cullenlingus (dragon age)', 'cunnilingus', 'masturbation'}"
Dragon Age,9567602,{'teen and up audiences'}
Dragon Age,15702150,"{'background relationships', 'self-insert', 'heavy angst', 'alternate universe - canon divergence', 'modern girl in thedas', 'teen and up audiences'}"
Dragon Age,13857576,{'explicit'}
Dragon Age,17372393,"{'mature', 'dragon age: inquisition - trespasser dlc', 'lyrium withdrawal', 'sex'}"
Dragon Age,18333692,"{'dragon age: inquisition - trespasser dlc', 'alternate universe - canon divergence', 'teen and up audiences', 'character death'}"
Dragon Age,14727380,"{'confident cullen rutherford', 'mature', 'post-trespasser', 'avvar culture and customs', 'swearing', 'romantic fluff', 'first kiss', 'avvar', 'flirting'}"
Dragon Age,18330794,"{'explicit', 'older man/younger woman', 'rape', 'oral sex', 'minor original character(s)', 'rough sex'}"
Dragon Age,18328715,"{'teen and up audiences', 'secret relationship'}"
Dragon Age,18328193,"{'snark', 'mature', 'healing'}"
Dragon Age,18327323,"{'explicit', 'comfort', 'masturbation', 'love'}"
Dragon Age,17544782,"{'angst', 'friendship', 'uneasy allies', 'canon-typical violence', 'enemies to friends to lovers', 'slow burn', 'alternate canon', 'mage rights', 'teen and up audiences', 'fluff', 'pov multiple'}"
Dragon Age,17440883,"{'mild language', 'mature', 'canon-typical violence', 'minor character death', 'minor canon divergence', 'sexual content', 'fluff and humor', 'light angst'}"
Dragon Age,18325541,"{'teen and up audiences', 'fluff', 'fluff and humor'}"
Dragon Age,12226704,"{'teen and up audiences', 'slow burn', 'bethany and carver hawke live', 'fluff and humor'}"
Dragon Age,11675319,"{'hurt/comfort', 'angst', 'mature', 'explicit language', 'eventual fluff', 'alternate universe - canon divergence', 'swearing', 'rape/non-con elements', 'mgit', 'dragon age: inquisition spoilers', 'slow build', 'slow burn', 'modern girl in thedas'}"
Dragon Age,18316664,"{'romance', 'teen and up audiences'}"
Dragon Age,16652848,"{'explicit', 'pining', 'hurt/comfort', 'alpha/beta/omega dynamics', 'anal sex', 'unresolved sexual tension', 'fluff', 'masturbation'}"
Dragon Age,13808730,"{'explicit', 'other additional tags to be added', 'hurt/comfort', ""additional warnings in author's note"", 'not beta read', 'pov multiple'}"
Dragon Age,14256462,{'general audiences'}
Dragon Age,14509320,"{'explicit', 'idiots in love', 'mutual pining', 'hurt/comfort', 'pov cullen rutherford', 'worldbuilding', 'everyone needs a hug', 'explicit sexual content', 'protectiveness', 'slow build', 'alternate universe - modern with magic', 'everything is beautiful and everything hurts', 'lyrium withdrawal', 'denial of feelings', 'angst and feels'}"
Dragon Age,4794125,{'teen and up audiences'}
Dragon Age,15392055,"{'explicit', 'solas being solas', 'minor iron bull/dorian pavus', 'pov solas', 'lyrium'}"
Dragon Age,18318980,"{'humor', 'angst and humor', 'one shot', 'teen and up audiences', 'angst'}"
Dragon Age,8520148,"{'eluvians', 'mature', 'modern girl in thedas'}"
Dragon Age,13162824,"{'explicit', 'love confessions', 'warm and fuzzy feelings', 'long', 'the fade', 'tension', 'fear', 'references to depression', 'hurt/comfort', 'first time', 'secrets', 'feelings', 'implied/referenced suicide', 'pain', 'personal growth', 'pining', 'alternate universe - canon divergence', 'solas smut', 'pov first person', 'solas being solas', 'blood and injury', 'not beta read', 'eventual happy ending', 'language', 'sexual tension', 'cuddling & snuggling', 'redemption', 'slow build', 'fluff', 'self-discovery', 'self-esteem issues', 'self-insert', 'friendship', 'fluff and smut', ""solas is fen'harel"", 'dialogue heavy', 'friends to lovers', 'modern girl in thedas', 'romance', 'awkwardness', 'self-hatred'}"
Dragon Age,15702759,"{'drama', 'mature', 'hurt/comfort', 'alternate universe', 'dragon age lore', 'adventure & romance', 'human cole (dragon age)', 'dragon age: inquisition spoilers', 'varric tethras is so done', 'emotional hurt/comfort', 'minor iron bull/dorian pavus'}"
Dragon Age,11216709,"{'eventual smut', 'minor character death', 'non-canon relationship', 'emotional hurt/comfort', 'angst', 'mature', 'explicit language', 'drug addiction', 'solas pov', 'smut', 'fade dreams', 'other additional tags to be added', 'dragon age ii spoilers', 'dragon age spoilers', 'nightmares', 'dragon age: inquisition spoilers', 'slow build', 'language barrier', 'canon-typical violence', 'slow burn', 'addiction', 'modern girl in thedas', 'romance'}"
Dragon Age,18309737,"{'first time', 'blow jobs', 'emotional hurt/comfort', 'angst', 'mature', 'trauma', 'cultural differences', 'love', 'cock worship', 'guilt', 'spoilers', 'angst and hurt/comfort', 'dalish elves', 'self-indulgent', 'tranquil mages', 'grief/mourning'}"
Dragon Age,18224747,"{'crossover', 'dreams and nightmares', 'teen and up audiences'}"
Dragon Age,10545850,"{'pov cullen rutherford', 'mature', 'cullen rutherford fluff', 'falling in love', 'other additional tags to be added', 'non-canon relationship', 'slow build', 'cullen rutherford smut', 'family fluff', 'fluff and smut', 'eluvians', 'friendship/love'}"
Dragon Age,15071852,"{'explicit', 'implied/referenced rape/non-con', 'other additional tags to be added', 'implied/referenced suicide', 'time travel', 'modern girl in thedas', 'pov first person', 'magic', 'grief', 'shapeshifting'}"
Dragon Age,16574396,"{'mature', 'eventual relationships', 'king alistair', 'awkwardness'}"
Dragon Age,16657441,"{'mature', 'slow burn'}"
Dragon Age,16935720,"{'explicit', 'hurt/comfort', 'oral sex', 'smut', 'cunnilingus', 'vaginal fingering', 'fluff'}"
Dragon Age,13976160,{'mature'}
Dragon Age,11707431,"{'angst and fluff and smut', 'mature', 'slow burn', 'forbidden love', 'jealousy', 'pov solas', 'slow build', 'fluff and angst', 'fluff and smut', 'angst'}"
Dragon Age,14373153,"{'post-dragon age: origins', 'teen and up audiences'}"
Dragon Age,16850176,"{'general audiences', 'alternate universe - modern setting', 'dragon age ii spoilers', 'dragon age: inquisition spoilers'}"
Dragon Age,18309980,"{'everything is beautiful and everything hurts', 'solavellan hell', 'not rated', 'angst and feels'}"
Dragon Age,18135698,"{'explicit', 'vaginal sex', 'scars', 'futanari', 'flirting'}"
Dragon Age,16889499,{'general audiences'}
Dragon Age,3438185,"{'explicit', 'ptsd', 'eventual smut', 'flashbacks', 'slow burn', 'minor character death', 'hurt/comfort', 'fluff'}"
Dragon Age,18305393,"{'explicit', 'plot what plot/porn without plot', 'rape/non-con elements', 'blood magic'}"
Dragon Age,14810520,"{'explicit', 'one night stands', 'alternate universe - modern setting', 'modern thedas', 'references to depression', 'casual sex', 'smut', 'sexual content', 'alternate universe - modern with magic', 'fluff', 'angst'}"
Dragon Age,9047525,"{'explicit', 'eventual smut', 'eventual relationships', 'lyrium addiction', 'enemies to friends to lovers', 'mother-daughter relationship', 'mild canon divergence', 'eventual romance', 'insecurity', 'self confidence issues', 'slow build', 'canon-typical violence', 'slow burn', 'lyrium', 'male-female friendship'}"
Dragon Age,9847982,"{'explicit', 'blood magic', 'dom/sub', 'rape', 'slavery', 'blood'}"
Dragon Age,13892490,"{'skyhold', 'mature', 'mild canon divergence', 'haven (dragon age)', 'dragon age: inquisition spoilers', 'canon-typical violence', 'alternate universe', 'crossover'}"
Dragon Age,12761640,"{'slow burn', 'teen and up audiences'}"
Dragon Age,17866634,"{'mature', 'depression', 'romantic fluff', 'first kiss', 'fluff', 'fluff and humor', 'angst'}"
Dragon Age,18302879,"{'explicit', 'blow jobs', 'anal sex'}"
Dragon Age,17258138,"{'explicit', 'eventual smut', 'minor character death', 'depression', 'angst', 'minor canon divergence', 'anal sex', 'smut', 'masturbation', 'porn with plot', 'eventual romance', 'fluff', 'oral sex', 'romance'}"
Dragon Age,15226308,"{'explicit', 'alternate universe - modern setting', 'alternate universe', 'happy ending', 'fluff'}"
Dragon Age,18302192,"{'post-canon', 'teen and up audiences'}"
Dragon Age,14805893,{'mature'}
Dragon Age,17174474,"{'mature', 'slow burn', 'hurt/comfort', 'sexual content', 'romance', 'blood magic', 'angst'}"
Dragon Age,17958938,"{'mature', 'implied/referenced character death', 'comfort', 'canon typical violence', 'grief', 'growing up', 'consensual sex'}"
Dragon Age,18235424,"{'alternate universe - modern setting', 'teen and up audiences', 'modern boy in thedas'}"
Dragon Age,18297896,"{'general audiences', 'misunderstandings', 'secrets', 'emotional hurt/comfort', 'angst'}"
Dragon Age,14855603,"{'implied/referenced character death', 'grey wardens', 'the blight (dragon age)', 'all the feels', 'mage-templar war', 'feelings', 'teen and up audiences', 'implied sexual content', 'kirkwall (dragon age)'}"
Dragon Age,18296732,"{'self-discovery', 'teen and up audiences', 'fluff', 'developing relationship'}"
Dragon Age,18295259,"{'explicit', 'futanari', 'oral sex', 'threesome - f/m/m', 'romance', 'crossover'}"
Dragon Age,18286073,"{'mature', 'canon-typical violence', 'fluff', 'angst'}"
Dragon Age,18293681,"{'explicit', 'cullenlingus (dragon age)', 'smut'}"
Dragon Age,18293354,"{'explicit', 'shameless smut', 'hurt/comfort', 'oral sex', 'smut', 'romance', 'angst and romance', 'emotional hurt/comfort', 'angst and hurt/comfort', 'angst'}"
