fandom,id,tags
Haikyuu,16570466,"{'friendship', 'nightmares', 'hurt/comfort', 'fluff', 'vomiting', 'sickfic', 'angst', 'hospitals', 'general audiences'}"
Haikyuu,17868989,"{'teen and up audiences', 'light angst', 'crack', 'kinda', 'slice of life'}"
Haikyuu,17626925,"{'mature', 'oblivious iwaizumi hajime', 'fluff and angst', 'angst with a happy ending', 'romance', 'mutual pining', 'friendship', 'fights', 'fluff', 'aobajousai', 'suicide attempt', 'rare pairings', 'emotional hurt', 'eventual romance', 'hurt/comfort', 'love confessions', 'protective iwaizumi hajime', 'slow burn', 'angst'}"
Haikyuu,18519964,"{'reader-insert', 'fluff', 'one shot', 'general audiences'}"
Haikyuu,18194921,"{'kisses', 'mature'}"
Haikyuu,18538807,"{'heavy angst', 'teen and up audiences', 'gay sex', 'implied/referenced abuse', 'post-traumatic stress disorder - ptsd', 'friends to lovers', 'praise kink', 'abuse', 'drama & romance', 'forbidden love', 'boys in love', 'angst with a happy ending', 'past abuse', 'childhood friends', 'friendship/love', 'manga & anime', 'love triangles', 'boys kissing', 'unrequited love', 'high school', 'teen angst', 'family drama', 'daddy kink', 'love confessions', 'fluff and humor'}"
Haikyuu,18267749,"{'flirting', 'porn with plot', 'established relationship', 'fluff', 'post-canon', 'humor', 'porn with feelings', 'aged-up character(s)', 'rough sex', 'fluff and smut', 'confessions', 'explicit'}"
Haikyuu,18505765,"{'first love', 'explicit', 'anal sex', 'denial of feelings', 'feelings realization', 'past abuse', 'jealousy', 'polyamory', 'love triangles', 'alternate universe - vampire', 'unrequited love', 'tattoos', 'past relationship(s)', 'angst', 'crossdressing'}"
Haikyuu,18625696,"{'yaoi', 'explicit'}"
Haikyuu,18624691,"{'multiple orgasms', 'dom/sub', 'sex toys', 'explicit', 'alternate universe - yakuza', 'crying', 'rough sex'}"
Haikyuu,17819681,"{'teen and up audiences', 'magic', 'iwaoi - freeform', 'alternate universe - hogwarts', 'haikyuu - freeform', 'bokuaka - freeform', 'tsukkiyama - freeform', 'fluff', 'daisuga - freeform', 'quidditch', 'angst', 'alternate universe - harry potter setting'}"
Haikyuu,10940391,"{'teen and up audiences', 'alpha azumane asahi', 'omega sugawara koushi', 'pregnancy', 'violence', 'anxiety', 'omega tsukishima kei', 'beta ennoshita chikara', 'alpha kageyama tobio', 'anxiety attacks', 'alpha sawamura daichi', 'omega akaashi keiji', 'teasing', 'alpha bokuto koutarou', 'fluff and angst', 'love', 'alpha iwaizumi hajime', 'omega kozume kenma', 'miscarriage', 'pain', 'panic attacks', 'bonding', 'omega nishinoya yuu', 'omega yaku morisuke', 'omega hinata shouyou', 'mpreg', 'alpha/beta/omega dynamics', 'omega oikawa tooru', 'alpha kuroo tetsurou', 'smut', 'funny', 'angst', 'fluff and smut'}"
Haikyuu,18581065,{'not rated'}
Haikyuu,18592666,"{'teen and up audiences', 'self-harm', 'mental health issues', 'alternate universe - college/university', 'slow burn', 'self-hatred', 'angst'}"
Haikyuu,17264426,"{'masturbation', 'implied sexual content', 'mature', 'explicit sexual content', 'established sawamura daichi/sugawara koushi', 'alternate universe - college/university'}"
Haikyuu,16638047,"{'pining', 'friends to lovers', 'mature', 'alternate universe - canon divergence', 'slice of life'}"
Haikyuu,18359933,"{'teen and up audiences', 'kidnapping', 'abuse', 'implied/referenced rape/non-con', 'child abuse', 'jealousy', 'christmas', 'miscarriage', 'rape', 'mpreg', 'birthday', 'smut', 'volleyball', 'implied/referenced child abuse'}"
Haikyuu,16118207,"{'mature', 'alternate universe - spies & secret agents', 'grief/mourning'}"
Haikyuu,16236320,"{'hinata shouyou is sunshine', 'general audiences'}"
Haikyuu,18621538,"{'alcohol', 'sexual content', 'explicit'}"
Haikyuu,18367814,"{'teen and up audiences', 'self-esteem issues', 'internalized homophobia', 'light angst', 'panic attacks', 'friends to lovers', 'hurt/comfort'}"
Haikyuu,8829931,"{'teen and up audiences', 'anxiety', 'implied/referenced rape/non-con', 'suicidal thoughts', 'established relationship', 'depression', 'college', 'swearing', 'falling in love', 'angst'}"
Haikyuu,18621235,"{'mature', 'frottage', 'aliens'}"
Haikyuu,18620884,"{'teen and up audiences', 'tsukishima kei & yamaguchi tadashi friendship', 'pining', 'canon compliant', 'tsukishima kei is bad at feelings', 'oblivious hinata shouyou', 'jealousy'}"
Haikyuu,12161721,"{'explicit', 'implied/referenced rape/non-con', 'forbidden love', 'alternate universe - soulmates', 'mating cycles/in heat', 'boys kissing', 'alternate universe - vampire', 'mpreg', 'alternate universe - idols', 'crossdressing'}"
Haikyuu,18015056,"{'teen and up audiences', 'fluff'}"
Haikyuu,18451802,"{'teen and up audiences', 'not beta read'}"
Haikyuu,18557776,"{'general audiences', 'graduation', 'bokuaka - freeform', ""i don't even know"", 'i wrote this instead of sleeping', 'hurt/comfort', 'angst'}"
Haikyuu,18570934,"{'teen and up audiences', 'getting to know each other', 'fluff', 'slow build', 'aged-up character(s)', 'alternate universe - canon divergence', 'angst'}"
Haikyuu,18616783,"{'tooth-rotting fluff', 'fluff', 'general audiences'}"
Haikyuu,17101394,"{'fake/pretend relationship', 'mature', 'aged-up character(s)', 'alternate universe - canon divergence'}"
Haikyuu,18615826,"{'alpha/beta/omega dynamics', 'established relationship', 'kissing', 'alternate universe - college/university', 'fluff', 'explicit'}"
Haikyuu,18340427,"{'other additional tags to be added', 'teen and up audiences', 'pov third person', 'slow build', 'alternate universe - fantasy'}"
Haikyuu,18614953,"{'kidnapping', 'alpha/beta/omega dynamics', 'explicit'}"
Haikyuu,15712650,"{'teen and up audiences', 'alternate universe - soulmates', 'soulmates', 'rare pairings'}"
Haikyuu,17898815,"{'mature', 'minor character death', 'alternate universe - medieval', 'mystery', 'omega verse', 'other additional tags to be added', 'miscarriage', 'betrayal', 'arranged marriage', 'alpha/beta/omega dynamics', 'mpreg', 'war', 'alternate universe - fantasy', 'slow burn'}"
Haikyuu,17789519,"{'teen and up audiences', 'romance', 'comedy', 'light angst', 'eventual romance', 'slow burn'}"
Haikyuu,14164833,"{'not rated', 'masturbation', 'friends with benefits', 'strangers to lovers', 'underage drinking'}"
Haikyuu,18610183,"{'teen and up audiences', 'romance', 'fluff', 'established relationship', 'humor', 'swearing'}"
Haikyuu,6412675,"{'violence', 'hurt/comfort', 'character death', 'angst', 'general audiences'}"
Haikyuu,18608773,"{'teen and up audiences', 'pining', 'friends to lovers', 'love confessions', 'fluff and humor', 'coming out', 'temporarily unrequited love'}"
Haikyuu,16864216,{'teen and up audiences'}
Haikyuu,18496654,"{'teen and up audiences', 'character study'}"
Haikyuu,18606916,"{'protective kageyama tobio', 'kageyama tobio is bad at feelings', 'hurt hinata shouyou', 'pov kageyama tobio', 'oblivious hinata shouyou', 'explicit', 'yaoi', 'character death', 'hinata shouyou is sunshine', 'rape/non-con elements', 'kageyama tobio-centric', 'obsession', 'bottom hinata shouyou', 'dead dove: do not eat', 'awkward kageyama tobio'}"
Haikyuu,12904905,"{'other additional tags to be added', 'homophobia', 'getting to know each other', 'angst with a happy ending', 'slow burn', 'past abuse', 'depression', 'alternate universe - fashion & models', 'explicit'}"
Haikyuu,18587659,"{'teen and up audiences', 'fluff'}"
Haikyuu,18147305,"{'other additional tags to be added', 'texting', 'first kiss', 'fluff', 'fluff and humor', 'general audiences'}"
Haikyuu,16712716,"{'alternate universe - vampire', 'teen and up audiences', 'mutual pining', 'friends to lovers', 'fluff', 'humor', 'alternate universe - college/university', 'love confessions', '5+1 things', 'oblivious iwaizumi hajime', 'childhood friends', 'temporarily unrequited love'}"
Haikyuu,18603685,"{'alpha/beta/omega dynamics', 'domestic fluff', 'original character(s)', 'fluff and angst', 'mature', 'volleyball dorks in love'}"
Haikyuu,18569386,"{'teen and up audiences', 'kageyama tobio is bad at feelings', 'drug use', 'pining', 'alternate universe', 'fluff', 'slow burn'}"
Haikyuu,18215264,"{'other additional tags to be added', 'teen and up audiences', 'getting to know each other', 'alternate universe - medieval', 'humor'}"
Haikyuu,18606340,{'mature'}
Haikyuu,18569974,"{'alpha/beta/omega dynamics', 'domestic fluff', 'alpha kuroo tetsurou', 'general audiences', 'omega tsukishima kei', 'fluff', 'omega verse'}"
Haikyuu,15266301,"{'alternate universe', 'mature'}"
Haikyuu,18524299,"{'anxiety', 'alternate universe - college/university', 'general audiences', 'anxiety attacks', 'developing relationship', 'self-esteem issues', 'friendship', 'established sawamura daichi/sugawara koushi', 'depression'}"
Haikyuu,18603808,"{'pre-relationship', 'general audiences'}"
Haikyuu,18014762,"{'teen and up audiences', 'mutual pining', 'developing relationship', 'friends to lovers', 'fluff and angst', 'implied/referenced child abuse'}"
Haikyuu,18064505,"{'lots of fluff', 'fluff', 'general audiences'}"
Haikyuu,16174064,"{'mature', 'love', 'sex', 'mutual pining', 'drama', 'break up', 'light angst', 'smut', 'angst'}"
Haikyuu,18597097,"{'mature', 'fluff', 'kagehina - freeform'}"
Haikyuu,16520978,"{'anal fingering', 'anal sex', 'mpreg', 'mating cycles/in heat', 'angst', 'fluff and smut', 'explicit'}"
Haikyuu,5432147,"{'teen and up audiences', 'alternate universe - canon divergence'}"
Haikyuu,18591256,"{'established relationship', 'fluff', 'future fic', 'general audiences'}"
Haikyuu,18595351,"{'teen and up audiences', 'pre-slash', 'mutual pining', 'implied sexual content', 'established relationship', 'university student oikawa tooru'}"
Haikyuu,18558679,{'mature'}
Haikyuu,17204972,"{'not rated', 'other additional tags to be added'}"
Haikyuu,10169426,"{'not rated', 'fluff', 'angst'}"
Haikyuu,18420086,"{'not rated', 'everyone is gay', 'alternate universe - fashion & models'}"
Haikyuu,17936189,"{'not rated', 'running away', 'boys in love'}"
Haikyuu,18589498,"{'funny', 'crack', 'general audiences'}"
Haikyuu,16019726,"{'teen and up audiences', 'crack', 'fluff', 'texting'}"
Haikyuu,18587488,"{'friends to lovers', 'mature', 'explicit sexual content', 'semi-public sex', 'kinda', 'sex', 'oral sex', 'romance', 'friends with benefits', 'aobajousai', 'sexual content', 'blow jobs', 'unrequited love', 'porn with plot', 'smut', 'vaginal sex', 'alternate universe - idols', 'angst'}"
Haikyuu,17207744,"{'teen and up audiences', 'fluff and angst', 'everyone is gay', 'angst with a happy ending', 'teen angst'}"
Haikyuu,17557031,"{'mature', 'rimming', 'fluff'}"
Haikyuu,18372599,"{'pining', 'fluff', 'confessions', 'general audiences'}"
Haikyuu,18586525,"{'domestic fluff', 'established relationship', 'alternate universe', 'general audiences'}"
Haikyuu,18585922,"{'not rated', 'romance', 'alternate universe - modern setting'}"
Haikyuu,18260993,"{'aobajousai', 'eventual romance', 'reader-insert', 'karasuno', 'fluff', 'slow burn', 'injury', 'volleyball', 'angst', 'general audiences'}"
Haikyuu,18578476,"{'teen and up audiences', 'first kiss', 'implied sexual content', 'fluff and angst', 'emotional hurt/comfort', 'friends to lovers', 'post-canon', 'fluff', 'growing up', 'university', 'happy ending', 'boys kissing', 'making out', 'depression'}"
Haikyuu,17394275,"{'teen and up audiences', 'secret relationship', 'kind of', 'established relationship', 'slow burn', 'eventual happy ending'}"
Haikyuu,16870795,"{'violence', 'mature', 'minor character death', 'murder', 'blood', 'angst', 'major character injury'}"
Haikyuu,18583144,{'general audiences'}
Haikyuu,8806567,"{'omegaverse', 'dirty talk', 'omega tsukishima kei', 'sex toys', 'alpha/omega', 'explicit', 'anal fingering', 'no plot/plotless', 'alternate universe', 'pwp', 'rimming', 'cheating', 'au', 'mating cycles/in heat', 'rough sex', 'blow jobs', 'alpha/beta/omega dynamics', 'bottom hinata shouyou', 'plot what plot/porn without plot'}"
Haikyuu,18313499,"{'teen and up audiences', 'romance', 'comedy', 'drama & romance', 'eventual romance', 'fluff and angst', 'one-sided attraction', 'fluff and humor', 'angst'}"
Haikyuu,18580123,"{'teen and up audiences', 'drinking', 'boys in love', 'kissing', 'marriage proposal', 'fluff', 'underage drinking', 'boys kissing', 'idiots in love'}"
Haikyuu,18484867,"{'not rated', 'past relationship(s)', 'angst', 'alcohol abuse/alcoholism'}"
Haikyuu,8212204,"{'teen and up audiences', 'drama & romance', 'developing relationship', 'reader-insert', 'love triangles', 'canon compliant', 'first love', 'pov first person', 'jealousy'}"
Haikyuu,13724769,"{'teen and up audiences', 'eventual happy ending', 'homophobia', 'anxiety attacks', 'fluff and angst', 'domestic abuse', 'angst with a happy ending', 'injury', 'training camp', 'crying', 'mutual pining', 'pain', 'i wrote this instead of sleeping', 'emotional hurt/comfort', 'mental health issues', 'eventual romance', 'hurt/comfort', 'vomiting', 'slow burn', 'angst', 'coming out'}"
Haikyuu,15589377,"{'enemies to lovers', 'romance', 'getting together', 'forbidden love', 'friends to lovers', 'explicit sexual content', 'alternate universe - fantasy', 'angst with a happy ending', 'slow burn', 'aged-up character(s)', 'explicit'}"
Haikyuu,8270866,"{'teen and up audiences', 'drinking', 'fluff', 'alternate universe - college/university', 'alternate universe - coffee shops & cafés', 'aged-up character(s)', 'depression'}"
Haikyuu,18369797,"{'not rated', 'yaoi', 'high school', 'growing up'}"
Haikyuu,18573700,"{'heavy angst', 'domestic fluff', 'implied sexual content', 'action', 'fluff and angst', 'mature', 'grief/mourning'}"
Haikyuu,16266725,"{'teen and up audiences', 'blood', 'pain', 'post-traumatic stress disorder - ptsd', 'violence', 'suicide', 'injury', 'hospitals'}"
Haikyuu,18573250,{'explicit'}
Haikyuu,18573184,"{'anal fingering', 'anal sex', 'mature', 'praise kink', 'established relationship', 'fluff and smut'}"
Haikyuu,18571372,"{'teen and up audiences', 'romance', 'unrequited love', 'original character(s)', 'eventual romance', 'reader-insert', 'angst', 'fluff', 'love confessions', 'volleyball dorks & nerds', 'alternate universe', 'slow burn', 'volleyball', 'volleyball dorks in love'}"
Haikyuu,17838287,"{'other additional tags to be added', 'teen and up audiences', 'getting back together', 'fights', 'past relationship(s)', 'kind of', 'established relationship', 'canon compliant', 'angst with a happy ending', 'everyone is gay', 'childhood friends'}"
Haikyuu,16278116,"{'teen and up audiences', 'alpha azumane asahi', 'kidnapping', 'omega sugawara koushi', 'implied/referenced abuse', 'alternate universe - royalty', 'alpha kageyama tobio', 'alpha sawamura daichi', 'kind of', 'sort of', 'pack dynamics', 'love', 'alpha tsukishima kei', 'omega kozume kenma', 'sleepovers', 'friendship', 'fights', 'omega nishinoya yuu', 'omega kuroo tetsurou', 'omega yaku morisuke', 'omega hinata shouyou', 'arranged marriage', 'alpha/beta/omega dynamics', 'self confidence issues', 'running away', 'falling in love', 'reunions', 'angst', 'implied/referenced child abuse'}"
Haikyuu,18571978,{'general audiences'}
Haikyuu,15377208,"{'teen and up audiences', 'au'}"
Haikyuu,17617835,"{'mature', 'angst and hurt/comfort', 'aged-up character(s)', 'major character injury'}"
Haikyuu,18562783,"{'teen and up audiences', 'light angst', 'crack', 'fluff', 'sickfic'}"
Haikyuu,18566653,"{'blow jobs', 'mature', 'established relationship', 'aged-up character(s)'}"
Haikyuu,13841199,"{'teen and up audiences', 'trans male character', 'protective kageyama tobio', 'everyone is gay'}"
Haikyuu,18570964,{'teen and up audiences'}
Haikyuu,18570865,{'teen and up audiences'}
Haikyuu,18570499,{'teen and up audiences'}
Haikyuu,18255674,"{'homophobia', 'alternate universe', 'aged-up character(s)', 'general audiences'}"
Haikyuu,12224019,"{'blow jobs', 'blood', 'mature', 'magic', 'loss of virginity'}"
Haikyuu,16116704,"{'everyone is gay', 'alternate universe - coffee shops & cafés', 'alternate universe - college/university', 'general audiences'}"
Haikyuu,15188378,"{'alternate universe - arranged marriage', 'teen and up audiences', 'alternate universe - future', 'mpreg', 'single parents', 'protective iwaizumi hajime', 'slow burn', 'aged-up character(s)', 'eventual happy ending', 'established sawamura daichi/sugawara koushi'}"
Haikyuu,13009194,"{'not rated', 'fluff', 'everyone is gay', 'slow burn'}"
Haikyuu,18409529,"{'not rated', 'secret relationship', 'fluff and angst', 'angst with a happy ending', 'alternate universe', 'eventual happy ending'}"
Haikyuu,17260169,"{'eating disorders', 'mature', 'alternate universe', 'recovery'}"
Haikyuu,17260169,"{'eating disorders', 'mature', 'alternate universe', 'recovery'}"
Haikyuu,18566845,"{'team as family', 'family', 'friendship', 'original character(s)', 'pov kageyama tobio', 'kageyama tobio-centric', 'awkward kageyama tobio', 'general audiences'}"
Haikyuu,17333579,"{'bisexual tanaka ryuunosuke', 'tooth-rotting fluff', 'getting together', 'general audiences'}"
Haikyuu,7718488,"{'self-harm', 'original character(s)', 'mature', 'reunions', 'depression', 'angst'}"
Haikyuu,18565852,"{'first kiss', 'getting together', 'mature', 'sexual tension', 'making out'}"
Haikyuu,18561529,"{'teen and up audiences', 'angst'}"
Haikyuu,17731409,"{'teen and up audiences', 'polyamory', 'trans character', 'fluff', 'group chat', 'angst'}"
Haikyuu,18565324,"{'teen and up audiences', 'tooth-rotting fluff', 'forbidden love', 'war', 'implied sexual content', 'kissing', 'love confessions', 'love', 'alternate universe - royalty'}"
Haikyuu,18564964,"{'not rated', 'established relationship', 'post-canon', 'canon compliant', 'long-distance relationship'}"
Haikyuu,16652296,{'not rated'}
Haikyuu,17352563,{'not rated'}
Haikyuu,18563692,"{'teen and up audiences', 'angst with a happy ending'}"
Haikyuu,18563503,"{'teen and up audiences', 'married couple', 'aged-up character(s)', 'alternate universe', 'i wrote this instead of sleeping', 'fluff'}"
Haikyuu,13483047,"{'teen and up audiences', 'action', 'dark', 'alternate universe - hogwarts', 'tsukkiyama - freeform', 'fluff', 'slow build', 'slow burn', 'angst', 'alternate universe - harry potter setting'}"
Haikyuu,12833328,"{'alternate universe - soulmates', 'drama & romance', 'soulmates', 'hurt/comfort', 'alternate universe - canon divergence', 'friendship/love', 'general audiences'}"
Haikyuu,17048600,"{'semi-public sex', 'moving in together', 'making out', 'babies', 'enemies to friends to lovers', 'oral sex', 'boys kissing', 'original character(s)', 'developing friendships', 'explicit', 'idiots in love', 'childhood friends', 'fluff', 'omega kuroo tetsurou', 'scent marking', 'family drama', 'slice of life', 'unplanned pregnancy', 'explicit sexual content', 'alternate universe - college/university', 'anal fingering', 'frottage', 'friendship/love', 'omega verse', 'alpha/beta/omega dynamics', 'enemies to lovers', 'pregnancy', 'anxiety attacks', 'developing relationship', 'humor', 'other additional tags to be added', 'single parents', 'mpreg', 'falling in love', 'eventual romance', 'hurt/comfort', 'daddy kink'}"
Haikyuu,18558508,"{'fluff', 'alternate universe - idols', 'general audiences'}"
Haikyuu,18560035,{'mature'}
Haikyuu,18559132,"{'pre-slash', 'misunderstandings', 'established relationship', 'fluff', 'university student oikawa tooru', 'general audiences'}"
Haikyuu,18552760,"{'anal fingering', 'how do i tag', 'anal sex', 'plot what plot/porn without plot', 'praise kink', 'dirty talk', 'no plot/plotless', 'swearing', 'oral sex', 'crying', 'explicit'}"
Haikyuu,13084488,"{'alpha sawamura daichi', 'miscarriage', 'mating cycles/in heat', 'mental health issues', 'past relationship(s)', 'suicide', 'depression', 'mature', 'developing friendships', 'alpha bokuto koutarou', 'sexual tension', 'childhood friends', 'omega kozume kenma', 'implied/referenced suicide', 'omega hinata shouyou', 'scent marking', 'alpha kuroo tetsurou', 'fluff and smut', 'self-harm', 'alpha iwaizumi hajime', 'cheating', 'sexual content', 'alpha/beta/omega dynamics', 'omega sugawara koushi', 'friends to lovers', 'beta ennoshita chikara', 'aged-up character(s)', 'implied/referenced self-harm', 'omega akaashi keiji', 'alpha oikawa tooru', 'alternate universe', 'single parents', 'rape/non-con elements', 'bonding', 'omega yaku morisuke', 'domestic violence', 'mpreg', 'hurt/comfort', 'possessive behavior'}"
Haikyuu,18558739,"{'established relationship', 'fluff', 'general audiences'}"
Haikyuu,18557965,"{'cuddling & snuggling', 'canon compliant', 'pre-relationship', 'training camp', 'general audiences'}"
Haikyuu,18557554,"{'mature', 'college', 'alternate universe - college/university', 'alternate universe', 'alternate universe - roommates/housemates'}"
Haikyuu,18557386,"{'teen and up audiences', 'tooth-rotting fluff', 'light angst', 'fluff', 'established relationship', 'not beta read'}"
Haikyuu,18323117,"{'gay sex', 'multiple orgasms', 'explicit sexual content', 'implied/referenced self-harm', 'threesome - m/m/m', 'alpha/omega', 'alternate universe - spies & secret agents', 'explicit', 'anal fingering', 'implied/referenced rape/non-con', 'drama & romance', 'omega akaashi keiji', 'alpha bokuto koutarou', 'anal sex', 'implied sexual content', 'alternate universe - yakuza', 'alpha iwaizumi hajime', 'alpha tsukishima kei', 'omega kozume kenma', 'other additional tags to be added', 'self-esteem issues', 'rimming', 'fluff', 'everyone is gay', 'drama', 'blow jobs', 'alpha/beta/omega dynamics', 'omega oikawa tooru', 'self confidence issues', 'alpha kuroo tetsurou', 'vaginal sex', 'self-hatred', 'angst', 'fluff and smut'}"
Haikyuu,8593660,"{'violence', 'anxiety', 'eventual happy ending', 'explicit', 'pain', 'panic attacks', 'rape', 'self-hatred', 'angst', ""i'm sorry""}"
Haikyuu,18043160,"{'teen and up audiences', 'alternate universe - hogwarts', 'family', 'friendship', 'mystery', 'quidditch', 'alternate universe - fantasy', 'alternate universe - harry potter setting'}"
Haikyuu,18551674,"{'teen and up audiences', 'pre-slash'}"
Haikyuu,18551488,"{'teen and up audiences', 'first kiss', 'confessions'}"
Haikyuu,18549607,"{'fluff', 'angst with a happy ending', 'kinda', 'angst', 'implied/referenced homophobia', 'general audiences'}"
Haikyuu,16977714,"{'daisuga - freeform', 'angst and feels', 'fluff', 'established relationship', 'kageyama tobio is bad at feelings', 'everyone is gay', 'kagehina - freeform', 'general audiences'}"
Haikyuu,18548341,"{'cuddling & snuggling', 'third year tsukishima kei', 'third year yamaguchi tadashi', 'post-canon', 'established relationship', 'canon compliant', 'fluff', 'volleyball', 'general audiences'}"
Haikyuu,11065929,"{'implied/referenced rape/non-con', 'alternate universe - medieval', 'war', 'fluff and angst', 'mature', 'break up', 'alternate universe - magic', 'murder'}"
Haikyuu,17682644,"{'teen and up audiences', 'drama & romance', 'developing relationship', 'reader-insert'}"
Haikyuu,18541420,"{'established relationship', 'teen and up audiences', 'moving in together', 'fluff'}"
Haikyuu,17238194,"{'teen and up audiences', 'alternate universe - soulmates', 'angst with a happy ending', 'alternate universe', 'angst'}"
Haikyuu,18540325,{'teen and up audiences'}
Haikyuu,18541660,"{'teen and up audiences', 'flirting', 'crushes', 'light angst', 'love confessions', 'happy ending', 'friendship/love', 'awkwardness'}"
Haikyuu,18542392,{'teen and up audiences'}
Haikyuu,14765078,"{'violence', 'explicit'}"
Haikyuu,7283395,"{'homophobia', 'blood', 'tooth-rotting fluff', 'eventual smut', 'smut', 'angst and hurt/comfort', 'slow burn', 'pov first person', 'aged-up character(s)', 'explicit'}"
Haikyuu,14941244,"{'kageyama tobio is bad at feelings', 'general audiences', 'awkwardness', 'acceptance', 'fluff and angst', 'romance', 'teen romance', 'heartbreak', 'angst'}"
Haikyuu,17906669,{'general audiences'}
Haikyuu,17435666,"{'not rated', 'texting', 'group chat', 'karasuno', 'memes'}"
Haikyuu,18536446,"{'teen and up audiences', 'senpai-kouhai relationship', 'alternate universe - canon divergence', 'pack dynamics', 'pre-relationship', 'omega kozume kenma', 'team dynamics', 'mating cycles/in heat', 'scent marking', 'pre-slash', 'alpha/beta/omega dynamics', 'light angst', 'alpha kuroo tetsurou'}"
Haikyuu,15194036,"{'other additional tags to be added', 'teen and up audiences', 'self-indulgent', ""i'm sorry""}"
Haikyuu,17646020,"{'5+1 things', 'angst', ""i'm sorry"", 'general audiences'}"
Haikyuu,18534322,"{'not rated', 'high school', 'canon compliant'}"
Haikyuu,17148638,"{'teen and up audiences', 'injury', 'hurt/comfort', 'happy ending', 'hospitals'}"
Haikyuu,18528187,"{'third year tsukishima kei', 'third year yamaguchi tadashi', 'mature', 'post-canon', 'college', 'possessive behavior'}"
Haikyuu,13330632,"{'knotting', 'teen and up audiences', 'blow jobs', 'arranged marriage', 'first kiss', 'mpreg', 'anal sex', 'war', 'panic attacks', 'kissing'}"
Haikyuu,18528409,"{'domestic fluff', 'dogs', 'eventual romance', 'fluff and angst', 'one shot', 'general audiences'}"
Haikyuu,18324692,{'not rated'}
Haikyuu,18530791,{'not rated'}
Haikyuu,17389442,"{'omega kozume kenma', 'alpha sawamura daichi', 'alpha/beta/omega dynamics', 'omega akaashi keiji', 'omega sugawara koushi', 'rape', 'alpha bokuto koutarou', 'post-traumatic stress disorder - ptsd', 'alpha kuroo tetsurou', 'explicit', 'mating cycles/in heat', 'sex', 'alpha/omega', 'omega verse'}"
Haikyuu,15643686,"{'teen and up audiences', 'hurt/comfort', 'alternate universe', 'implied/referenced child abuse'}"
Haikyuu,12587252,"{'heavy angst', 'pining', 'mature', 'alternate universe - fantasy', 'slow burn'}"
Haikyuu,18516964,"{'alternate universe - arranged marriage', 'teen and up audiences', 'implied/referenced abuse', 'alternate universe - college/university', 'alternate universe - coffee shops & cafés', 'alcohol', 'angst with a happy ending', 'alternate universe - soulmates', 'minor violence', 'fluff', 'smut', 'angst'}"
Haikyuu,18498550,"{'explicit', 'past abuse', 'christmas', 'minor violence', 'emotional hurt/comfort', 'snow', 'smut', 'hurt/comfort', 'angst', 'fluff and smut'}"
Haikyuu,15980825,"{'teen and up audiences', 'high school', 'angst with a happy ending', 'angst'}"
Haikyuu,18525661,"{'alternate universe - soulmates', 'general audiences'}"
Haikyuu,18521902,"{'teen and up audiences', 'pining'}"
Haikyuu,18520255,"{'teen and up audiences', 'misunderstandings', 'kissing', 'established relationship', 'no plot/plotless', 'slice of life'}"
Haikyuu,8873794,"{'teen and up audiences', 'friendship', 'slow build', 'humor'}"
Haikyuu,13031265,"{'alternate universe - soulmates', 'mature', 'slow burn'}"
Haikyuu,18515278,"{'panic attacks', 'oneshot', 'emotional hurt/comfort', 'pre-relationship', 'angst', 'kageyama tobio-centric', 'general audiences'}"
Haikyuu,16645916,"{'other additional tags to be added', 'slow build', 'alternate universe - fantasy', 'childhood friends', 'general audiences'}"
Haikyuu,18515017,"{'teen and up audiences', 'established relationship', 'humor', 'aliens'}"
Haikyuu,18518314,"{'not rated', 'pregnancy', 'omegaverse'}"
Haikyuu,15424377,"{'eating disorders', 'mature', 'alternate universe - college/university', 'developing relationship', 'established relationship', 'angsty', 'college', 'university', 'drama', 'triggers', 'hospitals', 'vomiting', 'angst'}"
Haikyuu,18516046,"{'drabble', 'established relationship', 'future fic', 'general audiences'}"
Haikyuu,17602580,"{'not rated', 'soulmates', 'au', 'funny', 'love', 'heartbreak'}"
Haikyuu,14958002,{'general audiences'}
Haikyuu,17874839,"{'alpha azumane asahi', 'omega sugawara koushi', 'mature', 'beta ennoshita chikara', 'alpha/omega', 'alpha kageyama tobio', 'implied mpreg', 'alpha sawamura daichi', 'comedy', 'fluff and angst', 'alpha tsukishima kei', 'omega verse', 'romance', 'manga & anime', 'fluff', 'mating cycles/in heat', 'bonding', 'omega nishinoya yuu', 'drama', 'omega hinata shouyou', 'scent marking', 'alpha/beta/omega dynamics', 'mpreg', 'smut', 'angst'}"
Haikyuu,18512455,"{'getting together', 'fluff', 'general audiences', 'alternate universe - canon divergence'}"
Haikyuu,13674048,"{'romance', 'anal sex', 'sex', 'blowjobs', 'angst', 'oral sex', 'explicit'}"
Haikyuu,18352997,"{'explicit', 'anal fingering', 'oral sex', 'crying', 'rimming', 'blow jobs', 'intercrural sex', 'hurt/comfort'}"
Haikyuu,18024584,"{'other additional tags to be added', 'eventual smut', 'eventual romance', 'mature', 'slow burn', 'enemies to friends to lovers', 'future fic'}"
Haikyuu,18509815,"{'teen and up audiences', 'tooth-rotting fluff', 'first kiss', 'fluff', 'established relationship', 'fluff and humor', 'canon compliant', 'sexual tension', 'aged-up character(s)', 'volleyball dorks in love'}"
Haikyuu,18509101,"{'not rated', 'omega sugawara koushi', 'alpha/omega', 'alpha sawamura daichi', 'alpha iwaizumi hajime', 'babies', 'omega kozume kenma', 'getting back together', 'cheating', 'arranged marriage', 'alpha/beta/omega dynamics', 'omega oikawa tooru', 'mpreg', 'alpha kuroo tetsurou', 'falling in love', 'possessive behavior'}"
Haikyuu,18504160,"{'short one shot', 'fluff', 'general audiences'}"
Haikyuu,18481915,"{'drug use', 'cheating', 'suicidal thoughts', 'mature', 'single parents'}"
Haikyuu,18505651,"{'friendship/love', 'teen and up audiences', 'emotional hurt/comfort', 'protective iwaizumi hajime', 'love confessions', 'angst', 'crying'}"
Haikyuu,18503755,"{'teen and up audiences', 'alternate universe - soulmates', 'fluff', 'alternate universe - canon divergence'}"
Haikyuu,18451442,"{'team as family', 'teen and up audiences', 'fluff', 'team bonding'}"
Haikyuu,17917664,"{'not rated', 'anxiety', 'fluff', 'angst'}"
Haikyuu,18505573,"{'smut', 'established relationship', 'plot what plot/porn without plot', 'loss of virginity', 'explicit'}"
Haikyuu,13442019,"{'anxiety attacks', 'sleepovers', 'lots of fluff', 'team dynamics', 'eventual smut', 'protective tsukishima kei', 'fluff and angst', 'anxiety', 'fluff', 'tsukishima kei is bad at feelings', 'explicit'}"
Haikyuu,18504052,"{'confessions', 'teen and up audiences', 'first kiss', 'misunderstandings', 'light angst', 'bisexual tanaka ryuunosuke', 'pining', 'getting together', 'happy ending', 'coming out', 'implied/referenced homophobia'}"
Haikyuu,16348334,"{'mature', 'aged-up character(s)', 'pining', 'alternate universe', 'friends with benefits', 'unrequited love', 'background relationships', 'emotional hurt', 'alternate universe - modern setting', 'angst'}"
Haikyuu,18484510,"{'anal fingering', 'boyfriends', 'blow jobs', 'anal sex', 'established relationship', 'daddy kink', 'dom/sub', 'threesome - m/m/m', 'rough sex', 'general audiences'}"
Haikyuu,18495517,"{'anal fingering', 'attempt at humor', 'masturbation', 'light angst', 'anal sex', 'smut', 'fluff', 'mature', 'established relationship', 'mentioned sugawara koushi', 'first time'}"
Haikyuu,18499225,"{'dead dove: do not eat', 'crack', 'general audiences'}"
Haikyuu,8623378,"{'implied/referenced self-harm', 'teen and up audiences', 'long-distance relationship', 'aged-up character(s)', 'angst', 'implied/referenced child abuse'}"
Haikyuu,16439069,"{'teen and up audiences', 'polyamory', 'domestic fluff', 'no plot/plotless', 'slice of life'}"
Haikyuu,12380997,"{'unrequited love', 'falling in love', 'healing', 'mature', 'threesome - m/m/m', 'angst'}"
Haikyuu,18492619,"{'cute', 'established relationship', 'fluff', 'childhood friends', 'general audiences'}"
Haikyuu,17688359,"{'blow jobs', 'getting together', 'friends to lovers', 'slow build', 'explicit sexual content', 'alternate universe - modern setting', 'alternate universe', 'alcohol abuse/alcoholism', 'explicit'}"
Haikyuu,18493888,"{'alpha/beta/omega dynamics', 'explicit'}"
Haikyuu,16040438,"{'romance', 'fluff', 'angst', 'explicit'}"
Haikyuu,18496075,"{'alpha/beta/omega dynamics', 'alternate universe - idols', 'slow burn', 'explicit'}"
Haikyuu,18325553,"{'teen and up audiences', 'unrequited love', 'mutual pining', 'misunderstandings', 'light angst', 'humor', 'drama', 'idiots in love', 'confessions'}"
Haikyuu,15965108,"{'songfic', 'mature', 'implied/referenced self-harm', 'not beta read', 'polyamory', 'i wrote this instead of sleeping', 'drama', 'masturbation', 'smut'}"
Haikyuu,18490639,"{'teen and up audiences', 'attempt at humor', 'fluff', 'fluff and humor', 'karasuno', 'volleyball dorks in love'}"
Haikyuu,17497490,"{'eventual smut', 'mature', 'aged-up character(s)', 'alpha/omega', 'alpha sawamura daichi', 'alpha bokuto koutarou', 'alpha oikawa tooru', 'alpha iwaizumi hajime', 'denial of feelings', 'omega kozume kenma', 'cuddling & snuggling', 'mutual pining', 'slow build', 'omega hinata shouyou', 'alpha/beta/omega dynamics', 'alpha kuroo tetsurou', 'eventual romance', 'fluff and humor', 'slow burn'}"
Haikyuu,14586732,"{'teen and up audiences', 'eventual romance', 'alternate universe - college/university', 'alternate universe - idols'}"
Haikyuu,16181369,"{'eventual smut', 'mature', 'graduation', 'alternate universe', 'fluff', 'college', 'eventual romance', 'angst'}"
Haikyuu,18489355,"{'cute', 'general audiences', 'funny', 'iwaoi - freeform'}"
Haikyuu,18489277,"{'other additional tags to be added', 'teen and up audiences', 'third year tsukishima kei', 'graduation', 'post-canon', 'fluff', 'canon compliant', 'slow burn'}"
Haikyuu,12299196,"{'teen and up audiences', 'daisuga - freeform', 'emotional hurt/comfort', 'hurt/comfort'}"
Haikyuu,13089435,"{'cuddling & snuggling', 'fluff', 'one shot', 'general audiences'}"
Haikyuu,16074503,"{'literal sleeping together', 'friends to lovers', 'mature', 'strangers to lovers', 'alternate universe', 'implied/referenced homophobia', 'christmas', 'polyamory', 'pov third person', 'slow burn'}"
Haikyuu,18403097,"{'other additional tags to be added', 'drama & romance', 'pov alternating', 'original character(s)', 'eventual romance', 'mature', 'minor character death', 'happy ending'}"
Haikyuu,18297407,"{'mature', 'mystery', 'angst'}"
Haikyuu,18404783,"{'blow jobs', 'smut', 'one shot', 'fluff', 'drama', 'angst', 'one shot collection', 'explicit'}"
Haikyuu,17295953,"{'not rated', 'other additional tags to be added', 'romance', 'i wrote this instead of sleeping', 'friends to lovers', 'fluff', 'slow burn'}"
Haikyuu,17945978,"{'sex toys', 'alternate universe - canon divergence', 'loss of virginity', 'explicit', 'anal sex', 'oral sex', 'rough sex', 'obsession', 'hurt no comfort', 'betrayal', 'alpha/beta/omega dynamics', 'rape', 'dead dove: do not eat', 'vaginal sex', 'crossdressing'}"
Haikyuu,11738445,"{'anxiety', 'fluff and humor', 'slow burn', 'alternate universe', 'injury', 'recovery', 'explicit'}"
Haikyuu,18063479,{'not rated'}
Haikyuu,16384919,"{'mature', 'alternate universe - canon divergence', 'heartbreak', 'family'}"
Haikyuu,13462515,"{'teen and up audiences', 'first kiss', 'violence', 'anal fingering', 'anal sex', 'boys in love', 'love', 'humor', 'kagehina - freeform', 'romance', 'au', 'fluff', 'teen romance', 'boys kissing', 'bottom hinata shouyou', 'falling in love', 'first time'}"
Haikyuu,18475405,"{'teen and up audiences', 'emotional hurt/comfort', 'canon compliant', 'depression', 'future fic'}"
Haikyuu,18475237,"{'omorashi', 'teen and up audiences', 'pee', 'desperation', 'gen or pre-slash', 'awkwardness'}"
Haikyuu,18334973,"{'fluff and humor', 'teen and up audiences', 'romance', 'reader-insert'}"
Haikyuu,16832230,"{'crushes', 'tsukishima kei & yamaguchi tadashi friendship', 'eventual romance', 'reader-insert', 'childhood friends', 'teen romance', 'slow burn', 'tsukishima kei is bad at feelings', 'teen angst', 'general audiences'}"
Haikyuu,17215730,"{'hanahaki disease', 'teen and up audiences', 'mutual pining', 'pining', 'angst'}"
Haikyuu,16229030,"{'teen and up audiences', 'alternate universe - hogwarts', 'friendship', 'smut', 'quidditch', 'fluff', 'magic', 'angst'}"
Haikyuu,18472825,"{'not rated', 'lots of fluff', 'tooth-rotting fluff', 'light angst', 'fluff', 'alternate universe'}"
Haikyuu,18472396,"{'not rated', 'angst'}"
Haikyuu,14700240,"{'domestic violence', 'violence', 'mature', 'domestic abuse', 'child abuse', 'depression'}"
Haikyuu,18470581,"{'tattoos', 'flirting', 'dogs', 'aged-up character(s)', 'general audiences'}"
Haikyuu,18214823,"{'teen and up audiences', 'drama & romance', 'anxiety', 'hurt/comfort', 'hurt hinata shouyou', 'alternate universe - college/university', 'fluff', 'feelings realization', 'angst'}"
Haikyuu,14167779,"{'homophobia', 'angst and feels', 'mature', 'aged-up character(s)', 'sexual content', 'love triangles', 'alternate universe', 'slow burn', 'angst', 'friendship/love'}"
Haikyuu,18465877,"{'teen and up audiences', 'third year tsukishima kei', 'third year yamaguchi tadashi', 'implied sexual content', 'cute', 'fluff', 'established relationship', ""i don't even know"", 'crossdressing'}"
Haikyuu,18419795,{'mature'}
Haikyuu,15685137,"{'teen and up audiences', 'kissing', 'everyone is gay'}"
Haikyuu,18465250,"{'hanahaki disease', 'teen and up audiences', 'angst'}"
Haikyuu,18465007,"{'not rated', 'post-traumatic stress disorder - ptsd', 'panic attacks', 'emotional hurt/comfort', 'slow burn', 'alternate universe - military', 'angst', 'crying', 'babies'}"
Haikyuu,18312959,"{'not rated', 'alternate universe - soulmates', 'light angst'}"
Haikyuu,17414873,"{'angst', 'explicit'}"
Haikyuu,16040852,"{'enemies to lovers', 'falling in love', 'general audiences'}"
Haikyuu,18462191,"{'alpha sawamura daichi', 'alpha/beta/omega dynamics', 'omega sugawara koushi', 'mature', 'fluff', 'mating cycles/in heat', 'alpha/omega'}"
Haikyuu,18462122,"{'teen and up audiences', 'insecurity', 'haikyuu - freeform'}"
Haikyuu,17104493,{'teen and up audiences'}
Haikyuu,18461618,"{'romance', 'masturbation', 'mutual pining', 'pining', 'mature', 'boys in love', 'fluff and smut'}"
Haikyuu,18459542,{'explicit'}
Haikyuu,18458993,"{'teen and up audiences', 'third year tsukishima kei', 'protective tsukishima kei', 'hurt hinata shouyou', 'fluff and humor', 'tsukishima kei is bad at feelings', 'alternate universe - canon divergence'}"
Haikyuu,18456566,"{'fluff', 'general audiences'}"
Haikyuu,18455726,"{'teen and up audiences', 'snow', 'background relationships', 'developing relationship', 'slow burn'}"
Haikyuu,18434420,"{'not rated', 'hurt/comfort', 'hurt hinata shouyou', 'dark', 'implied/referenced self-harm', 'hinata shouyou is sunshine'}"
Haikyuu,18455060,"{'omorashi', 'teen and up audiences', 'pee', 'desperation', 'wetting'}"
Haikyuu,18290987,"{'friends to lovers', 'general audiences', 'karasuno', 'hurt/comfort', 'slow burn'}"
Haikyuu,18450527,"{'mature', 'hanahaki disease', 'fluff', 'smut', 'fluff and humor'}"
Haikyuu,7751353,"{'insecurity', 'violence', 'mature', 'war', 'reader-insert', 'swearing', 'character death', 'alternate universe - military', 'not beta read'}"
Haikyuu,18316976,"{'multiple orgasms', 'pregnancy', 'explicit', 'alpha iwaizumi hajime', 'oral sex', 'knotting', 'polyamory', 'mating cycles/in heat', 'alpha/beta/omega dynamics', 'omega oikawa tooru', 'mpreg', 'loss of virginity', 'first time'}"
Haikyuu,18445382,"{'teen and up audiences', 'first kiss', 'tooth-rotting fluff', 'protective tsukishima kei', 'love confessions', 'first love', 'fluff and humor', 'tsukishima kei is bad at feelings', 'volleyball dorks & nerds', 'hinata shouyou is sunshine', 'volleyball dorks in love', 'idiots in love'}"
Haikyuu,9417755,{'mature'}
Haikyuu,14600178,"{'mutual pining', 'pining', 'depression', 'murder', 'explicit'}"
Haikyuu,18419237,{'not rated'}
Haikyuu,18103904,"{'suicide attempt', 'internalized homophobia', 'insecurity', 'crushes', 'mature', 'friends to lovers', 'depression', 'implied/referenced child abuse'}"
Haikyuu,18245837,"{'implied/referenced rape/non-con', 'suicide attempt', 'angst and feels', 'mature', 'angst and hurt/comfort', 'alternate universe - college/university', 'angst with a happy ending', 'temporarily unrequited love'}"
Haikyuu,18445079,"{'general audiences', 'pack dynamics'}"
Haikyuu,12179511,"{'teen and up audiences', 'implied/referenced abuse', 'suicidal thoughts', 'established relationship', 'angst with a happy ending', 'denial of feelings', 'angst and tragedy', 'i wrote this instead of sleeping', 'alternate universe - magic', 'suicide attempt', 'eventual romance', 'hurt/comfort', 'slow burn', 'angst'}"
Haikyuu,18397034,"{'pining', 'alternate universe', 'general audiences'}"
Haikyuu,18442460,"{'friendship', 'fluff', 'general audiences'}"
Haikyuu,18441386,"{'teasing', 'explicit'}"
Haikyuu,18440507,{'teen and up audiences'}
Haikyuu,18440423,{'teen and up audiences'}
Haikyuu,18439496,"{'not rated', 'cuddling & snuggling', 'domestic fluff', 'fluff', 'marriage proposal'}"
Haikyuu,18342563,"{'senpai-kouhai relationship', 'friendship', 'teasing', 'general audiences', 'post-canon', 'training camp', 'childhood friends', 'team bonding'}"
Haikyuu,18286319,{'teen and up audiences'}
Haikyuu,18438197,"{'alpha/beta/omega dynamics', 'alpha kuroo tetsurou', 'general audiences', 'omega tsukishima kei', 'fluff', 'alternate universe - college/university', 'omega verse'}"
Haikyuu,18437498,"{'established relationship', 'general audiences', 'aged-up character(s)', 'coming out'}"
Haikyuu,18437039,"{'volleyball', 'minor violence', 'mature', 'one-sided attraction', 'alternate universe - college/university', 'sex', 'alternate universe - roommates/housemates', 'angst', 'sexual content'}"
Haikyuu,18436604,"{'sleepovers', 'general audiences', 'alternate universe - college/university', 'aged-up character(s)'}"
Haikyuu,18436736,"{'texting', 'fluff', 'alternate universe - college/university', 'general audiences'}"
Haikyuu,18436313,"{""i can't believe i wrote this"", 'general audiences'}"
Haikyuu,18436247,"{'teen and up audiences', 'minor violence', 'fluff and angst', 'fluff', 'established relationship', 'angst'}"
Haikyuu,18432281,{'general audiences'}
Haikyuu,18432182,"{'not rated', 'yaoi', 'haikyuu - freeform', 'karasuno', 'volleyball'}"
Haikyuu,18431210,"{'songfic', 'pain', 'angst', 'general audiences'}"
Haikyuu,18367094,"{'hanahaki disease', 'teen and up audiences', 'angst'}"
Haikyuu,18336794,"{'teen and up audiences', 'post-traumatic stress disorder - ptsd'}"
Haikyuu,18430070,"{'not rated', 'iwaizumi hajime/oikawa tooru fluff', 'fluff', 'oblivious iwaizumi hajime', 'iwaoi - freeform'}"
Haikyuu,16903962,"{'fluff and angst', 'mature', 'bokuaka - freeform'}"
Haikyuu,18219008,"{'teen and up audiences', 'fluff', 'alternate universe - college/university', 'aged-up character(s)'}"
Haikyuu,17550938,"{'teen and up audiences', 'romance', 'alternate universe - medieval', 'love triangles', 'character death', 'drama', 'angst and tragedy', 'childhood friends', 'alternate universe - royalty'}"
Haikyuu,18427085,"{'blow jobs', 'rimming', 'alpha/beta/omega dynamics', 'plot what plot/porn without plot', 'explicit'}"
Haikyuu,18426687,"{'not rated', 'sequel', 'fluff and humor', 'alternate universe - military', 'idiots in love'}"
Haikyuu,14764556,"{'not rated', 'implied/referenced self-harm', 'implied/referenced rape/non-con', 'mystery', 'fluff and angst', 'implied/referenced suicide', 'panic attacks', 'implied/referenced child abuse', 'family drama'}"
Haikyuu,12550044,"{'explicit', 'anal fingering', 'anal sex', 'angst with a happy ending', 'blow jobs', 'smut', 'angst', 'fluff and smut'}"
Haikyuu,13432320,"{'first kiss', 'mutual pining', 'eventual smut', 'mature', 'love confessions', 'frottage', 'idiots in love', 'first time'}"
Haikyuu,18420173,"{'fluff', 'general audiences'}"
Haikyuu,18247622,"{'slow build', 'teen and up audiences'}"
Haikyuu,18419930,"{'teen and up audiences', 'denial of feelings', 'volleyball', 'enemies to friends to lovers'}"
Haikyuu,7913656,"{'not rated', 'homophobia', 'internalized homophobia', 'acceptance', 'getting together', 'trans character', 'coming out'}"
Haikyuu,13735872,"{'pee', 'omorashi', 'desperation', 'mature'}"
Haikyuu,18419285,"{'fluff', 'one shot', 'idiots in love', 'general audiences'}"
Haikyuu,18418889,"{'omorashi', 'teen and up audiences', 'pee', 'desperation', 'humor', 'wetting', 'memes'}"
Haikyuu,18243314,"{'not rated', 'eventual romance', 'hurt/comfort', 'fluff and humor'}"
Haikyuu,18414044,{'teen and up audiences'}
Haikyuu,18200303,"{'teen and up audiences', 'misunderstandings', 'fluff and angst', 'emotional hurt/comfort', 'established relationship', 'canon compliant', 'angst with a happy ending', 'angst', 'volleyball dorks in love'}"
Haikyuu,18416990,"{'teen and up audiences', 'unrequited love'}"
Haikyuu,18415766,"{'unplanned pregnancy', 'explicit sexual content', 'minor character death', 'murder', 'explicit', 'implied mpreg', 'drama & romance', 'mentioned sugawara koushi', 'obsession', 'possessive behavior'}"
Haikyuu,18163391,"{'not rated', 'canon compliant', 'alternate universe - college/university', 'aged-up character(s)', 'alternate universe - canon divergence'}"
Haikyuu,4992592,{'teen and up audiences'}
Haikyuu,18315134,"{'attempt at humor', 'boys in love', 'general audiences'}"
Haikyuu,15175547,"{'alternate universe - future', 'drama', 'general audiences'}"
Haikyuu,18380219,"{'established relationship', 'fluff', 'general audiences'}"
Haikyuu,17618597,"{'self-esteem issues', 'self confidence issues', 'self-harm', 'mutual pining', 'fluff and angst', 'mature', 'anxiety', 'fluff', 'friends to lovers', 'alternate universe - college/university', 'slow burn', 'aged-up character(s)', 'angst'}"
Haikyuu,18219569,"{'teen and up audiences', 'how do i tag', 'tsukishima kei & yamaguchi tadashi friendship', 'fluff', 'tsukishima kei is bad at feelings', ""i don't even know"", 'hinata shouyou is sunshine', 'alternate universe - canon divergence'}"
Haikyuu,18337367,"{'angst', 'teen and up audiences', 'cheating'}"
Haikyuu,18407003,{'mature'}
Haikyuu,7962337,"{'not rated', 'nightmares', 'kissing', 'alternate universe - college/university', 'alternate universe - canon divergence', 'aged-up character(s)', 'one shot collection', 'awkwardness', 'comedy', 'boys in love', 'depression', 'training camp', 'sleepovers', 'cheating', 'fights', 'boys kissing', 'break up', 'hurt no comfort', 'drabble', 'suicide attempt', 'emotional hurt', 'birthday', 'hurt/comfort', 'one shot', 'angst'}"
Haikyuu,18403208,"{'teen and up audiences', 'domestic fluff', 'fluff and humor', 'alternate universe - canon divergence', 'hinata shouyou is sunshine'}"
Haikyuu,18402752,"{'friendship', 'boys in love', 'fluff', 'canon compliant', 'general audiences'}"
Haikyuu,18402422,"{'high school', 'masturbation', 'teasing', 'oneshot', 'pwp', 'semi-public sex', 'blowjobs', 'oral sex', 'explicit'}"
Haikyuu,16221506,"{'fake/pretend relationship', 'friends to lovers', 'general audiences'}"
Haikyuu,18399416,"{'team dynamics', 'pre-slash', 'minor iwaizumi hajime/oikawa tooru', 'team bonding', 'gen or pre-slash', 'canon compliant', 'pre-relationship', 'oikawa week 2016', 'general audiences'}"
Haikyuu,18398843,"{'teen and up audiences', 'attempt at humor', 'domestic fluff', 'established relationship', 'fluff and humor', 'canon compliant'}"
Haikyuu,18398483,"{'not rated', 'angst', 'healing', 'established relationship', 'minor character death', 'long-distance relationship', 'grief/mourning'}"
Haikyuu,18064787,{'not rated'}
Haikyuu,18397505,"{'teen and up audiences', 'alpha/beta/omega dynamics', 'omega oikawa tooru', 'minor iwaizumi hajime/oikawa tooru'}"
Haikyuu,18396545,"{'aged-up character(s)', 'alternate universe - canon divergence', 'general audiences'}"
Haikyuu,10386297,"{'teen and up audiences', 'hurt/comfort', 'angst'}"
Haikyuu,18351890,"{'teen and up audiences', 'emotional hurt/comfort', 'anxiety', 'fluff', 'established relationship'}"
Haikyuu,18288953,"{'other additional tags to be added', 'teen and up audiences', 'alternate universe'}"
Haikyuu,18389651,"{'alpha/omega', 'anal sex', 'dirty talk', 'established relationship', 'porn with feelings', 'pwp', 'explicit'}"
Haikyuu,8439022,"{'drug use', 'alpha/beta/omega dynamics', 'miscarriage', 'trans character', 'mature', 'rape/non-con elements', 'child abuse'}"
Haikyuu,18393746,"{'not rated', 'minor iwaizumi hajime/oikawa tooru', 'light angst', 'cute', 'fluff', 'happy ending'}"
Haikyuu,18393815,"{'teen and up audiences', 'cute', 'childhood friends'}"
Haikyuu,18392723,"{'drabble', 'betrayal', 'angst', 'general audiences'}"
Haikyuu,18392414,"{'anal fingering', 'angst', 'jealousy', 'explicit'}"
Haikyuu,18392396,"{'drabble', 'established relationship', 'alternate universe - spies & secret agents', 'general audiences'}"
Haikyuu,17445956,"{'teen and up audiences', 'minor character death'}"
Haikyuu,18319097,"{'teen and up audiences', 'bokuroo week', 'light angst', 'pining', 'fluff', '5+1 things', 'bokuroo week 2019'}"
Haikyuu,18390317,"{'getting to know each other', 'pining', 'general audiences', 'denial of feelings', 'tsukishima kei is bad at feelings', 'pre-relationship'}"
Haikyuu,18389459,"{'kisses', 'teen and up audiences', 'getting together'}"
Haikyuu,18389075,"{'kisses', 'teen and up audiences'}"
Haikyuu,18388367,"{'post-canon', ""oikawa tooru's knee injury"", 'general audiences', 'iwaoi - freeform', 'established relationship', 'snow', 'fights', 'i wrote this instead of sleeping', 'university', 'sickfic', 'hurt/comfort', ""i'm sorry""}"
Haikyuu,18387941,"{'boyfriends', 'bokuroo week', 'canon compliant', 'volleyball', 'volleyball dorks in love', 'bokuroo week 2019', 'general audiences'}"
Haikyuu,18204917,{'general audiences'}
Haikyuu,18386888,"{'kissing', 'teen and up audiences'}"
Haikyuu,16810318,"{'implied/referenced suicide', 'sort of', 'general audiences'}"
Haikyuu,17282747,"{'alpha/beta/omega dynamics', 'falling in love', 'pining', 'single parents', 'explicit', 'fluff', 'explicit sexual content', 'mating cycles/in heat', 'slow burn', 'angst and hurt/comfort', 'happy ending', 'alternate universe - modern setting', 'slice of life', 'omega verse'}"
Haikyuu,18385433,"{'drabble', 'fluff', 'kissing', 'established relationship', 'alternate universe - canon divergence', 'confessions', 'general audiences'}"
Haikyuu,18385325,"{'teen and up audiences', 'fluff', 'volleyball dorks & nerds', 'fluff and humor', 'slow burn', 'pre-relationship', 'hinata shouyou is sunshine', 'oblivious hinata shouyou', 'university student oikawa tooru'}"
Haikyuu,18384272,"{'boyfriends', 'tattoos', 'bokuroo week', 'bokuroo week 2019', 'alternate universe', 'general audiences'}"
Haikyuu,16742299,"{'getting together', 'canon compliant', 'general audiences'}"
Haikyuu,16170971,"{'heavy angst', 'teen and up audiences', 'gay sex', 'secret relationship', 'one shot collection', 'friends with benefits', 'manga & anime', 'one-sided attraction', 'love triangles', 'break up', 'hurt no comfort', 'sexual content', 'unrequited love', 'angst and feels', 'emotional hurt', 'hurt/comfort', 'angst'}"
Haikyuu,17909885,"{'other additional tags to be added', 'teen and up audiences', 'self-esteem issues', 'pov alternating', 'slow burn', 'alternate universe - canon divergence'}"
Haikyuu,18383564,"{'drabble', 'alternate universe - soulmates', 'general audiences'}"
Haikyuu,7117882,"{'alternate universe - arranged marriage', 'anxiety', 'explicit', 'abuse', 'anxiety attacks', 'forbidden love', 'alternate universe - yakuza', 'alternate universe - vampire', 'angst and feels', 'smut', 'angst', 'crossdressing'}"
Haikyuu,18382232,"{'teen and up audiences', 'established relationship'}"
Haikyuu,18377555,"{'blow jobs', 'explicit'}"
Haikyuu,17901701,"{'unplanned pregnancy', 'break up', 'high school', 'teen romance', 'angst with a happy ending', 'first time', 'explicit'}"
Haikyuu,18365513,"{'childhood friends', 'general audiences'}"
Haikyuu,18377054,"{'not rated', 'knotting', 'anal fingering', 'alpha/beta/omega dynamics', 'anal sex', 'alpha kuroo tetsurou', 'omega tsukishima kei', 'mating cycles/in heat', 'volleyball', 'alpha/omega', 'omega verse'}"
Haikyuu,18382100,"{'established relationship', 'drabble', 'general audiences'}"
Haikyuu,18381920,"{'drabble', 'canon compliant', 'general audiences'}"
Haikyuu,18381581,"{'teen and up audiences', 'romance', 'first kiss', 'fluff', 'canon compliant', 'happy ending', 'volleyball dorks in love'}"
Haikyuu,14306655,"{'other additional tags to be added', 'alpha/beta/omega dynamics', 'alpha oikawa tooru', 'mature', 'sexual content', 'mating cycles/in heat', 'alpha iwaizumi hajime'}"
Haikyuu,17535236,"{'teen and up audiences', 'fluff'}"
Haikyuu,18380708,{'mature'}
Haikyuu,18380657,"{'cute', 'fluff', 'canon compliant', 'established relationship', 'general audiences'}"
Haikyuu,18380096,"{'anal sex', 'smut', 'explicit', 'porn with feelings', 'plot what plot/porn without plot'}"
Haikyuu,18378083,"{'teen and up audiences', 'domestic fluff', 'drinking', 'fluff', 'college', 'alternate universe - college/university', 'marriage proposal', 'swearing', 'mentioned sugawara koushi', 'volleyball dorks in love'}"
Haikyuu,18356726,"{'pov third person', 'internalized homophobia', 'pov alternating', 'intercrural sex', 'oral sex', 'explicit'}"
Haikyuu,11758251,"{'lots of fluff', 'mature', 'hurt/comfort', 'fluff', 'alternate universe', 'slow burn', 'aged-up character(s)', 'alternate universe - roommates/housemates'}"
Haikyuu,18375992,"{'hurt/comfort', 'alternate universe - soulmates', 'angst', 'general audiences'}"
Haikyuu,18375155,"{'drabble', 'oneshot', 'cute', 'smut', 'mature', 'fluff', 'angst', 'jealousy'}"
Haikyuu,14798895,"{'abuse', 'teen and up audiences', 'hurt hinata shouyou', 'training camp'}"
Haikyuu,13485156,"{'teen and up audiences', 'romance', 'slow burn', 'angst'}"
Haikyuu,15711618,"{'sequel', 'attempt at humor', 'general audiences'}"
Haikyuu,17710238,"{'getting together', 'pining', 'explicit sexual content', 'post-canon', 'angst', 'explicit'}"
Haikyuu,18370946,"{'teen and up audiences', 'romance', 'tooth-rotting fluff', 'first kiss', 'getting together', 'friendship', 'fluff', 'humor', 'jealousy'}"
Haikyuu,18370619,"{'unrequited love', 'first kiss', 'mutual pining', 'fluff', '5+1 things', 'general audiences'}"
Haikyuu,16854934,"{'teen and up audiences', 'developing relationship', 'emotional hurt', 'angst', 'slow burn'}"
Haikyuu,18368483,"{'teen and up audiences', 'romance', 'character study', 'pining', 'post-canon', 'canon compliant', 'future fic'}"
Haikyuu,17341259,"{'teen and up audiences', 'minor violence', 'slow burn', 'swearing', 'enemies to friends to lovers', 'alcohol'}"
Haikyuu,17024553,"{'heavy angst', 'anxiety attacks', 'emotional hurt/comfort', 'mature', 'hurt/comfort', 'angst', 'suicide', 'character death', 'alternate universe', 'triggers', 'depression', 'angst and tragedy', 'grief/mourning'}"
Haikyuu,18367343,"{'domestic', 'literal sleeping together', 'post-canon', 'moving in together', 'general audiences', 'iwaizumi hajime/oikawa tooru fluff', 'established relationship', 'cuddling & snuggling', 'tooth-rotting fluff', 'domestic fluff', 'fluff', 'oikawa week 2016', 'canon compliant'}"
Haikyuu,18365273,"{'teen and up audiences', 'established relationship', 'bokuroo week 2019'}"
Haikyuu,18364703,"{'romance', 'fights', 'cute', 'short one shot', 'one shot', 'canon compliant', 'pov first person', 'slice of life', 'general audiences'}"
Haikyuu,16394303,"{'mature', 'acceptance', 'depression', 'character death', 'major character injury', 'sex', 'angsty', 'pain', 'i wrote this instead of sleeping', 'emotional hurt/comfort', 'triggers', 'emotional hurt', 'healing', 'smut', 'angst'}"
Haikyuu,18363638,"{'married couple', 'fluff and angst', 'mature', 'hurt/comfort', 'smut', 'established relationship', 'angst with a happy ending', 'angst'}"
Haikyuu,18363590,"{'established relationship', 'general audiences'}"
Haikyuu,18292514,"{'not rated', 'light angst', 'dogs', 'emotional hurt/comfort', 'fluff and humor', 'alternate universe'}"
Haikyuu,18361457,"{'pre-slash', 'crushes', 'bokuaka day', 'possessive behavior', 'fluff', 'canon compliant', 'fluff and humor', 'pre-relationship', 'training camp', 'jealousy', 'general audiences'}"
Haikyuu,18360938,"{'haikyuu - freeform', 'bokuaka day', 'bokuaka - freeform', 'general audiences'}"
Haikyuu,18040439,"{'other additional tags to be added', 'implied/referenced rape/non-con', 'comedy', 'original character(s)', 'mature', 'alternate universe', 'drama', 'slice of life'}"
Haikyuu,18359930,{'not rated'}
Haikyuu,18359687,"{'romance', 'teasing', 'fluff', 'established relationship', 'canon compliant', 'making out', 'general audiences'}"
Haikyuu,18359378,"{'alternate universe - college/university', 'aged-up character(s)', 'general audiences', 'angsty', 'cheating', 'heartbreak', 'daisuga - freeform', 'angst', 'kagehina - freeform'}"
Haikyuu,18301238,"{'teen and up audiences', 'alternate universe - soulmates', 'first kiss', 'light angst', 'pov alternating', 'falling in love', 'fluff', 'alternate universe - canon divergence', 'volleyball dorks in love'}"
Haikyuu,18325202,"{'literal sleeping together', 'fluff', 'pre-relationship', 'general audiences'}"
Haikyuu,17732978,"{'texting', 'teen and up audiences', 'trans male character', 'emotional hurt/comfort', 'friends to lovers', 'humor', 'angst', 'enemies to friends to lovers'}"
Haikyuu,18351359,"{'not rated', 'alternate universe - soulmates', 'light angst', 'bokuaka day'}"
Haikyuu,15461652,"{'teen and up audiences', 'tsukkiyama - freeform', 'romance'}"
Haikyuu,11189340,"{'action', 'mature', 'blood', 'established relationship'}"
Haikyuu,18355670,"{'fluff', 'emotional hurt/comfort', 'general audiences'}"
Haikyuu,12774825,"{'teen and up audiences', 'alpha/beta/omega dynamics', 'omega akaashi keiji', 'omega oikawa tooru', 'alpha bokuto koutarou', 'alpha kuroo tetsurou', 'fluff and angst', 'omega tsukishima kei', 'alpha iwaizumi hajime'}"
Haikyuu,18355259,"{'alternate universe - future', 'married couple', 'aged-up character(s)', 'established relationship', 'pre-relationship', 'general audiences'}"
Haikyuu,18353348,"{'minor violence', 'mature', 'bokuroo week 2019', 'angst', 'sexual content'}"
Haikyuu,18352814,"{'anal sex', 'dead dove: do not eat', 'explicit sexual content', 'rough sex', 'oral sex', 'explicit'}"
Haikyuu,18352628,"{'teen and up audiences', 'domestic', 'trans male character', 'established relationship', 'trans character', 'domestic fluff', 'fluff', 'happy ending', 'team as family', 'family', 'fluff and humor'}"
Haikyuu,11551143,"{'porn with plot', 'friends with benefits', 'explicit'}"
Haikyuu,16168496,"{'fluff and humor', 'teen and up audiences'}"
Haikyuu,18350009,{'general audiences'}
Haikyuu,18091568,"{'action', 'violence', 'mature', 'getting together', 'angst with a happy ending', 'sexual tension', 'romance', 'fluff', 'hurt/comfort', 'sequel', 'angst'}"
Haikyuu,18349421,"{'mature', 'angst with a happy ending', 'alternate universe', 'angst', 'confessions'}"
Haikyuu,18349466,"{'implied mpreg', 'alpha/beta/omega dynamics', 'explicit'}"
Haikyuu,17781710,"{'other additional tags to be added', 'teen and up audiences', 'background relationships', 'getting together', 'implied sexual content', 'fluff', 'post-canon', 'alternate universe - college/university', 'feelings realization', 'pre-relationship', 'volleyball dorks in love'}"
Haikyuu,18319490,"{'teen and up audiences', 'alternate universe - vampire'}"
Haikyuu,18347357,{'teen and up audiences'}
Haikyuu,18191459,"{'teen and up audiences', 'pining', 'angst with a happy ending', 'angst'}"
Haikyuu,16333436,"{'teen and up audiences', 'romance', 'slow burn', 'volleyball'}"
Haikyuu,18345497,"{'teen and up audiences', 'cute'}"
Haikyuu,18343934,"{'teen and up audiences', 'flirting', 'magic', 'pre-relationship', 'alternate universe - magic'}"
Haikyuu,17859644,"{'teen and up audiences', 'alternate universe - soulmates', 'minor iwaizumi hajime/oikawa tooru', 'tsukishima kei & yamaguchi tadashi friendship', 'tsukishima kei is bad at feelings', 'minor character death'}"
Haikyuu,14851094,"{'other additional tags to be added', 'romance', 'friends to lovers', 'reader-insert', 'hurt/comfort', 'fluff', 'love confessions', 'alternate universe', 'angst', 'general audiences'}"
Haikyuu,12124671,"{'eating disorders', 'dark', 'implied/referenced self-harm', 'explicit', 'abuse', 'homophobia', 'drug use', 'self-harm', 'character death', 'alcohol abuse/alcoholism', 'polyamory', 'fluff', 'happy ending', 'alternate universe - fashion & models', 'suicide attempt', 'mental health issues', 'running away', 'smut', 'angst'}"
Haikyuu,18339758,"{'alternate universe - royalty', 'mature'}"
Haikyuu,11370675,{'teen and up audiences'}
Haikyuu,18339284,"{'getting back together', 'angst with a happy ending', 'happy ending', 'general audiences'}"
Haikyuu,18334577,"{'drug use', 'mature', 'angst with a happy ending'}"
Haikyuu,18337832,"{'tsukishima kei is bad at feelings', 'fluff', 'one shot', 'aged-up character(s)', 'general audiences'}"
Haikyuu,18332339,"{'domestic', 'tooth-rotting fluff', 'anal sex', 'smut', 'explicit sexual content', 'established relationship', 'humor', 'aged-up character(s)', 'explicit'}"
Haikyuu,16567220,"{'light angst', 'anxiety', 'emotional hurt/comfort', 'fluff', 'slow burn', 'general audiences'}"
Haikyuu,18320939,"{'character study', 'sort of', 'slow build', 'general audiences'}"
Haikyuu,18334826,"{'romance', 'reader-insert', 'fluff and humor', 'alternate universe - coffee shops & cafés', 'general audiences'}"
Haikyuu,18336566,"{'angst', 'general audiences'}"
Haikyuu,18013049,"{'teen and up audiences', 'original character(s)', 'fluff and angst', 'hurt/comfort', 'gen or pre-slash'}"
Haikyuu,18332927,"{'fluff', 'iwaizumi hajime/oikawa tooru fluff', 'general audiences'}"
Haikyuu,11300949,"{'homophobia', 'unrequited love', 'mature', 'future fic'}"
Haikyuu,18331496,"{'eventual smut', 'fluff', 'alternate universe', 'explicit'}"
Haikyuu,18330560,"{'5+1 things', 'general audiences'}"
Haikyuu,18330551,"{'teen and up audiences', 'senpai-kouhai relationship', 'friendship', 'post-canon', 'canon compliant', 'fluff and humor', 'developing friendships', 'oikawa week 2016'}"
Haikyuu,18329579,"{'teen and up audiences', 'light angst', 'nightmares', 'panic attacks', 'fluff and angst', 'hurt/comfort', 'established relationship', 'alternate universe - college/university', 'fluff'}"
Haikyuu,18329357,"{'other additional tags to be added', 'texting', 'teen and up audiences', 'friendship', 'fluff', 'volleyball dorks & nerds', 'humor'}"
Haikyuu,12898878,"{'teen and up audiences', 'alpha/beta/omega dynamics', 'omega oikawa tooru', 'omegaverse', 'alpha iwaizumi hajime', 'alpha/omega', 'omega verse'}"
Haikyuu,10736805,"{'not rated', 'group chat'}"
Haikyuu,18326387,"{'anal fingering', 'cuddling & snuggling', 'alpha/beta/omega dynamics', 'masturbation', 'anal sex', 'intercrural sex', 'alpha kuroo tetsurou', 'established relationship', 'first time', 'plot what plot/porn without plot', 'explicit'}"
Haikyuu,17417549,"{'teen and up audiences', 'getting to know each other', 'mutual pining', 'pining', 'strangers to lovers', 'denial of feelings', 'slow burn', 'alternate universe'}"
Haikyuu,18307715,"{'teen and up audiences', 'alternate universe'}"
Haikyuu,6589900,"{'dom/sub', 'post-canon', 'explicit', 'anal fingering', 'anal sex', 'pining', 'sexual tension', 'oral sex', 'rimming', 'friends with benefits', 'drinking', 'university', 'rough sex', 'unrequited love', 'smut', 'angst'}"
Haikyuu,17208695,"{'getting together', 'explicit'}"
Haikyuu,11426988,"{'other additional tags to be added', 'alpha/beta/omega dynamics', 'high school', 'getting together', 'single parents', 'volleyball', 'alpha/omega', 'general audiences'}"
Haikyuu,18320537,"{'fluff', 'marriage proposal', 'childhood friends', 'general audiences'}"
Haikyuu,18320699,"{'i wrote this instead of sleeping', 'character study', 'self-indulgent', 'general audiences'}"
Haikyuu,11626797,"{'not rated', 'attempt at humor', 'romance', 'alpha/beta/omega dynamics', 'flirting', 'getting together', 'friends to lovers', 'alpha/omega', 'scent marking'}"
Haikyuu,11693952,"{'alpha/beta/omega dynamics', 'alternate universe - college/university', 'omega kuroo tetsurou', 'alpha tsukishima kei', 'alpha/omega', 'general audiences'}"
Haikyuu,18323498,"{'other additional tags to be added', 'pining', 'alternate universe - college/university', 'general audiences'}"
Haikyuu,18320399,"{'fluff', 'alternate universe - hogwarts', 'general audiences'}"
Haikyuu,10677009,"{'drama & romance', 'violence', 'fluff', 'alternate universe - college/university', 'aged-up character(s)', 'angst', 'explicit'}"
Haikyuu,18318221,"{'long-distance relationship', 'light angst', 'angst', 'fluff and angst', 'reunions', 'kinda', ""oikawa tooru's knee injury"", 'general audiences'}"
Haikyuu,5563690,"{'teen and up audiences', 'mutual pining', 'suicidal thoughts', 'slow build', 'magic', 'aged-up character(s)'}"
Haikyuu,18317120,"{'first kiss', 'fluff', 'boys kissing', 'general audiences'}"
Haikyuu,18316865,"{'drabble', 'teen and up audiences', 'cute', 'short one shot', 'fluff', 'volleyball dorks & nerds', 'future fic'}"
Haikyuu,17671853,"{'how do i tag', 'angst', 'general audiences'}"
Haikyuu,15618687,"{'alpha/beta/omega dynamics', 'explicit'}"
Haikyuu,18315452,"{'fake/pretend relationship', 'light angst', 'general audiences', 'fluff'}"
Haikyuu,16612298,"{'teen and up audiences', 'kageyama tobio is bad at feelings', ""oikawa tooru's knee injury"", 'oblivious hinata shouyou', 'hinata shouyou is sunshine', 'memes', ""i can't believe i wrote this"", 'texting', 'team as family', 'team bonding'}"
Haikyuu,9664034,"{'arranged marriage', 'minor violence', 'mature', 'smut', 'slow burn', 'character death', 'magic', 'alternate universe - royalty'}"
Haikyuu,17407700,"{'teen and up audiences', 'protective kageyama tobio', 'protective tsukishima kei', 'panic attacks', 'fluff and angst', 'love confessions', 'hurt hinata shouyou'}"
Haikyuu,18307262,"{'domestic fluff', 'hurt/comfort', 'fluff', 'aged-up character(s)', 'slice of life', 'general audiences'}"
Haikyuu,17295554,"{'general audiences', 'growing up', 'slice of life', 'kageyama tobio-centric'}"
Haikyuu,9614684,"{'teen and up audiences', 'aliens'}"
Haikyuu,18310067,"{'blow jobs', 'plot what plot/porn without plot', 'praise kink', 'dirty talk', 'semi-public sex', 'alternate universe - college/university', 'explicit'}"
Haikyuu,18304310,"{'teasing', 'dirty talk', 'fluff', 'established relationship', 'fluff and smut', 'explicit'}"
Haikyuu,18382283,"{'omorashi', 'teen and up audiences', 'pee', 'desperation', 'wetting', 'awkwardness'}"
Haikyuu,18312875,{'general audiences'}
Haikyuu,18311864,"{'songfic', 'angst and feels', 'angst', 'jealousy', 'general audiences'}"
Haikyuu,18310712,"{'teen and up audiences', 'first kiss', 'friends to lovers', 'fluff', 'canon compliant', 'confessions'}"
Haikyuu,18310484,"{'light angst', 'flirting', 'hurt/comfort', 'fluff', 'pre-relationship', 'awkward kageyama tobio', 'general audiences'}"
Haikyuu,13761369,"{'teen and up audiences', 'break up', 'polyamory', 'getting together', 'emotional hurt/comfort', 'fluff', 'established relationship', 'aged-up character(s)', 'pre-relationship', 'angst'}"
Haikyuu,17586695,"{'teen and up audiences', 'high school', 'reader-insert', 'possessive behavior', 'jealousy'}"
Haikyuu,17435822,"{'not rated', 'alternate universe - college/university', 'anal fingering', 'anal sex', 'fluff'}"
Haikyuu,5211464,"{'friends to lovers', 'praise kink', 'porn with feelings', 'explicit'}"
Haikyuu,18291983,"{'teen and up audiences', 'i wrote this instead of sleeping', ""i can't believe i wrote this""}"
Haikyuu,18307286,"{'teen and up audiences', 'short one shot', 'birthday', 'long-distance relationship'}"
Haikyuu,18307424,"{'first kiss', 'pov kageyama tobio', 'kagehina - freeform', 'general audiences'}"
Haikyuu,16348694,"{'getting together', 'developing relationship', 'falling in love', 'mature', 'alternate universe - modern setting', 'aged-up character(s)', 'idiots in love'}"
Haikyuu,18305501,"{'not rated', 'songfic', 'fluff', 'canon compliant'}"
Haikyuu,18300500,"{'teen and up audiences', 'first kiss', 'getting together', 'fluff', 'canon compliant', 'feelings realization', 'future fic'}"
Haikyuu,17287742,"{'not rated', 'bisexual tanaka ryuunosuke', 'explicit sexual content', 'blowjobs', 'alcohol', 'anal fingering', 'homophobia', 'blood', 'implied sexual content', 'domestic abuse', 'angst with a happy ending', 'sex', 'past abuse', 'child abuse', 'frottage', 'underage drinking', 'internalized homophobia', 'domestic violence', 'implied/referenced child abuse'}"
Haikyuu,13461915,"{'not rated', 'other additional tags to be added', 'angst and feels', 'mystery', 'alternate universe - modern setting', 'aged-up character(s)', 'eventual happy ending'}"
Haikyuu,18302264,{'not rated'}
Haikyuu,18301649,"{'not rated', 'panic attacks'}"
Haikyuu,6351679,"{'fluff', 'explicit'}"
Haikyuu,18300908,"{'alternate universe - college/university', 'alternate universe', 'general audiences'}"
Haikyuu,18292376,"{'not rated', 'angst with a happy ending', 'angst'}"
Haikyuu,10163207,"{'teen and up audiences', 'crack', ""oikawa tooru's knee injury"", 'implied sexual content', 'self-indulgent'}"
Haikyuu,18295208,"{'teen and up audiences', 'rare pairings', 'fluff', 'protective iwaizumi hajime', 'alternate universe - college/university', 'denial of feelings', 'feelings realization', 'oblivious hinata shouyou'}"
