fandom,id,tags
JRR-TOLKIEN,18252560,"{'canon compliant', 'teen and up audiences', 'fluff', 'angst'}"
JRR-TOLKIEN,16377443,"{'canonical character death', 'general audiences', 'father-son relationship'}"
JRR-TOLKIEN,18435833,{'mature'}
JRR-TOLKIEN,16909188,"{'explicit', 'strangers to lovers', 'not lace compliant', 'falling in love', 'depression', 'alcohol abuse/alcoholism', 'hand jobs', 'cousin incest', 'alternate universe - canon divergence', 'mental health issues', 'marriage proposal', 'vaginal sex', 'dysfunctional family', 'redemption', 'alcohol withdrawal', 'marriage of convenience', 'unrequited love', 'oral sex', 'cunnilingus', 'vaginal fingering', 'marriage'}"
JRR-TOLKIEN,17991494,"{'slow burn', 'friends to lovers', 'dragon sickness', 'alternate universe - canon divergence', 'blue mountains | ered luin', 'rivendell | imladris', 'fluff and angst', 'teen and up audiences', 'stubborn dwarves'}"
JRR-TOLKIEN,17115593,"{'slow burn', 'alternate universe - canon divergence', 'female bilbo baggins', 'not rated'}"
JRR-TOLKIEN,15600786,{'mature'}
JRR-TOLKIEN,16864858,"{'torture', 'prophecy', 'teen and up audiences', 'kidnapping', 'unrequited love', 'flashbacks', 'one-sided attraction'}"
JRR-TOLKIEN,17088320,"{'explicit', 'barduil - freeform', 'hurt/comfort', 'father-son relationship', 'mother-son relationship', 'emotional hurt/comfort'}"
JRR-TOLKIEN,719557,{'teen and up audiences'}
JRR-TOLKIEN,11290182,"{'explicit', 'vaginal sex', 'other additional tags to be added', 'married couple', 'sex', 'vaginal fingering'}"
JRR-TOLKIEN,15711075,{'general audiences'}
JRR-TOLKIEN,15547557,"{'slowburn', 'romance', 'adventure', 'teen and up audiences', 'elves'}"
JRR-TOLKIEN,11352009,"{'spanking', 'bdsm', 'first time', 'sharing a bed', 'suicidal thoughts', 'abuse', 'public sex', 'porn with feelings', 'blow jobs', 'emotional hurt/comfort', 'loss of virginity', 'nightmares', 'slash', 'threesome - m/m/m', 'alternate universe - modern setting', 'unhealthy coping mechanisms', 'sibling incest', 'violence', 'slow burn', 'explicit', 'torture', 'anal sex', 'rimming', 'rough sex', 'protectiveness', 'fluff and angst', 'fluff and smut'}"
JRR-TOLKIEN,17808335,{'mature'}
JRR-TOLKIEN,12158631,"{'drama & romance', 'mature', 'falling in love', 'slow burn', 'unrequited love', 'betrayal', 'angst'}"
JRR-TOLKIEN,16737646,"{'thorin is an idiot', 'mutual pining', 'female bilbo baggins/thorin oakenshield', 'do not separate the heirs of durin', 'hobbit culture & customs', 'alternate universe - canon divergence', 'teen and up audiences', 'kind of', 'dwarf culture & customs', 'alternate universe - soulmates', 'protective thorin', 'sort of', 'slow burn', 'female bilbo baggins', 'dwarf & hobbit cultural differences'}"
JRR-TOLKIEN,18204788,{'teen and up audiences'}
JRR-TOLKIEN,18565216,"{'reincarnation', 'fluff and angst', 'romance', 'not rated'}"
JRR-TOLKIEN,16424585,{'teen and up audiences'}
JRR-TOLKIEN,18537283,"{'explicit', 'eventual happy ending', 'some angst', 'emotional hurt/comfort'}"
JRR-TOLKIEN,18564079,"{'general audiences', 'alternate universe - modern setting', 'romantic fluff', 'fluff'}"
JRR-TOLKIEN,18000500,"{'aftermath of violence', 'the noldor', 'hurt/comfort', 'emotional hurt/comfort', 'returning home', 'pov female character', 'trust issues', 'trauma', 'healing', 'coming of age', 'cultural differences', 'teen and up audiences', 'elves', 'third age', 'family', 'protectiveness', 'family feels', 'culture shock', 'father-son relationship', 'elf culture & customs', 'protective elrond', 'post-traumatic stress disorder - ptsd', 'rivendell | imladris', 'grief/mourning', 'mother-son relationship'}"
JRR-TOLKIEN,14060658,"{'tags may change', 'general audiences', 'rating may change', 'alternate universe'}"
JRR-TOLKIEN,14722817,"{'emotional/psychological abuse', 'angst and fluff and smut', 'mature', 'work in progress', 'alternate universe - modern setting', 'emotional hurt/comfort'}"
JRR-TOLKIEN,16264634,"{'thorin is an idiot', 'depression', 'hurt/comfort', 'mutual pining', 'emotional hurt/comfort', 'angst', 'alternate universe - canon divergence', 'everybody lives', 'smut', 'not beta read', 'suicidal thoughts', 'eventual happy ending', 'angst and fluff and smut', 'battle of five armies fix-it', 'other additional tags to be added', 'fluff', 'general audiences', 'slow burn'}"
JRR-TOLKIEN,18562318,"{'general audiences', 'fourth age'}"
JRR-TOLKIEN,15919671,"{'dysfunctional family', 'fluff and angst', 'romance', 'not rated'}"
JRR-TOLKIEN,18561931,{'general audiences'}
JRR-TOLKIEN,18479929,"{'tags may change', 'rating may change', 'teen and up audiences', 'oc'}"
JRR-TOLKIEN,18560344,"{'mature', 'mentions of torture', 'rape', 'crossover'}"
JRR-TOLKIEN,18559537,"{'general audiences', 'mirkwood', 'alternate universe - canon divergence', 'cultural differences'}"
JRR-TOLKIEN,13180602,{'general audiences'}
JRR-TOLKIEN,8185303,{'teen and up audiences'}
JRR-TOLKIEN,18502978,"{'explicit', 'established relationship', 'porn with feelings', 'mpreg'}"
JRR-TOLKIEN,17806742,"{'explicit', 'mentions of torture', 'alternate universe - canon divergence', 'hurt/comfort', 'bdsm', 'post-traumatic stress disorder - ptsd', 'redemption', 'angst'}"
JRR-TOLKIEN,18290774,"{'slow romance', 'pre-canon', 'royalty', 'parent-child relationship', 'mother-daughter relationship', 'teen and up audiences', 'eventual romance', 'culture shock', 'cousins', 'friends to lovers', 'uncle-nephew relationship', 'mother-son relationship', 'crossover', 'male-female friendship'}"
JRR-TOLKIEN,5043358,"{'hurt/comfort', 'post-traumatic stress disorder - ptsd', 'nightmares', 'teen and up audiences', 'emotional hurt/comfort'}"
JRR-TOLKIEN,17983409,"{'explicit', 'death', 'angst', 'caring thranduil'}"
JRR-TOLKIEN,16454222,"{'reader-insert', 'alternate universe - soulmates', 'alternate universe - modern setting', 'not rated'}"
JRR-TOLKIEN,17595596,"{'teen and up audiences', 'alternate universe - canon divergence'}"
JRR-TOLKIEN,18489136,"{'general audiences', 'humor', 'alternate universe - modern setting', 'fluff', 'bagginshield'}"
JRR-TOLKIEN,3502010,"{'family', 'friendship', 'teen and up audiences'}"
JRR-TOLKIEN,18555064,"{'general audiences', 'family fluff', 'fluff'}"
JRR-TOLKIEN,18541747,"{'canonical character death', 'teen and up audiences'}"
JRR-TOLKIEN,11581749,"{'alternate universe - modern setting', 'mutual pining', 'pining', 'teen and up audiences', 'other additional tags to be added', 'fluff', 'friendship', 'slow burn', 'domestic fluff', 'female friendship', 'crossover', 'male-female friendship', 'flirting'}"
JRR-TOLKIEN,18345662,"{'self-harm', 'suicide attempt', 'hurt/comfort', 'panic attacks', 'teen and up audiences', 'emotional hurt/comfort'}"
JRR-TOLKIEN,13742595,"{'action/adventure', 'friendship', 'war', 'eventual romance', 'slow burn', 'friends to lovers', 'rivendell | imladris', 'erebor', 'brother-sister relationships', 'teasing', 'teen and up audiences'}"
JRR-TOLKIEN,18550705,"{'everybody lives', 'alternate universe', 'crack treated seriously', 'teen and up audiences'}"
JRR-TOLKIEN,12830805,"{'alternate universe - modern setting', 'teen and up audiences'}"
JRR-TOLKIEN,18443708,"{'politics', 'cultural differences', 'not rated'}"
JRR-TOLKIEN,1182413,"{'slow burn', 'slow build', 'au', 'teen and up audiences', 'angst'}"
JRR-TOLKIEN,11559609,{'not rated'}
JRR-TOLKIEN,18374549,"{'mature', 'nori is a little shit', 'erebor reclaimed', 'smut', 'romance', 'dwarven politics', 'love'}"
JRR-TOLKIEN,18091565,"{'teen and up audiences', 'fluff', 'angst'}"
JRR-TOLKIEN,18488551,"{'alternate universe', 'teen and up audiences', 'domestic fluff'}"
JRR-TOLKIEN,17911136,{'teen and up audiences'}
JRR-TOLKIEN,18548503,"{'general audiences', 'alternate universe - canon divergence', 'mutual pining', 'fluff'}"
JRR-TOLKIEN,17909564,"{'explicit', 'alternate universe - bilbo remains in erebor', 'dwarf culture & customs', 'rebuilding erebor', 'hobbit culture & customs', 'female bilbo baggins', 'alternate universe - everyone lives/nobody dies'}"
JRR-TOLKIEN,15353598,{'teen and up audiences'}
JRR-TOLKIEN,5577535,{'general audiences'}
JRR-TOLKIEN,13616673,{'teen and up audiences'}
JRR-TOLKIEN,17562296,"{'canon-typical violence', 'alternate universe - canon divergence', 'alternate universe', 'crossover', 'teen and up audiences'}"
JRR-TOLKIEN,17132918,"{'teen and up audiences', 'fix-it', 'sort of'}"
JRR-TOLKIEN,1175282,{'teen and up audiences'}
JRR-TOLKIEN,18455342,"{'explicit', 'past torture', 'past rape/non-con', 'sharing a bed', 'blow jobs', 'anal sex', 'anal fingering', 'teasing'}"
JRR-TOLKIEN,17272553,"{'family', 'action/adventure', 'mature', 'secrets', 'romance', 'drama', 'love'}"
JRR-TOLKIEN,8096638,"{'family', 'action/adventure', 'established relationship', 'fourth age', 'uncle-nephew relationship', 'valinor', 'cousins', 'mother-son relationship', 'teen and up audiences'}"
JRR-TOLKIEN,18206177,"{'tags may change', 'timeline what timeline', 'general audiences', 'out of character'}"
JRR-TOLKIEN,18543508,"{'angst with a happy ending', 'mpreg', 'not rated', 'angst'}"
JRR-TOLKIEN,18542935,"{'brothers', 'general audiences', 'humor'}"
JRR-TOLKIEN,17905268,"{'mature', 'family issues', 'blood and violence'}"
JRR-TOLKIEN,18540202,"{'emotional hurt/comfort', 'general audiences'}"
JRR-TOLKIEN,16737439,"{'depression', 'time travel fix-it', 'angst', 'female bilbo baggins/thorin oakenshield', 'angst with a happy ending', 'do not separate the heirs of durin', 'alternate universe - time travel', ""i'm bad at tagging"", 'time travel', 'alternate universe - everyone lives/nobody dies', 'teen and up audiences', 'kind of', 'sort of', 'female bilbo baggins'}"
JRR-TOLKIEN,17312186,"{'not rated', 'fluff and angst', 'action/adventure', 'friendship', 'magic'}"
JRR-TOLKIEN,18160463,"{'middle earth', 'comedy', 'secrets', 'modern girl in middle earth', 'angst', 'alternate universe - canon divergence', 'i wrote this instead of sleeping', 'smut', 'suicidal thoughts', 'teen and up audiences', 'caring thranduil', 'love', 'dark', 'violence', 'fluff and smut', 'humor', 'slow burn', 'asshole thranduil', 'family issues', 'pov thranduil'}"
JRR-TOLKIEN,16609427,"{'past rape/non-con', 'not rated'}"
JRR-TOLKIEN,18538999,"{'canonical character death', 'teen and up audiences'}"
JRR-TOLKIEN,18412769,"{'explicit', 'crossover', 'mpreg', 'lgbtq themes'}"
JRR-TOLKIEN,17552531,"{'explicit', 'eventual romance', 'oral sex', 'smut', 'elf/human relationship(s)'}"
JRR-TOLKIEN,8283322,"{'teen and up audiences', 'humor'}"
JRR-TOLKIEN,14320629,"{'first age', 'secrets', 'elf/human relationship(s)', 'royalty', 'prophecy', 'forbidden love', 'orcs', 'teen and up audiences', 'elves', 'father-daughter relationship', 'family', 'fourth age', 'father-son relationship', 'adventure', 'friendship', 'slash', 'kidnapping', 'brotherly love', 'slow burn', 'magic'}"
JRR-TOLKIEN,18488149,"{'implied/referenced torture', 'racism', 'panic attacks', 'teen and up audiences', 'blood and violence', 'angst'}"
JRR-TOLKIEN,18134867,{'explicit'}
JRR-TOLKIEN,17908463,{'general audiences'}
JRR-TOLKIEN,11559231,"{'work in progress', 'not rated'}"
JRR-TOLKIEN,17636924,"{'alternate universe - modern setting', 'teen and up audiences'}"
JRR-TOLKIEN,4977493,"{'work in progress', 'mentions of torture', 'blood', 'au', 'teen and up audiences', 'character death'}"
JRR-TOLKIEN,16971702,"{'explicit', 'slow burn'}"
JRR-TOLKIEN,13451460,"{'crossover', 'general audiences'}"
JRR-TOLKIEN,18145868,"{'teen and up audiences', 'alternate universe - everyone lives/nobody dies'}"
JRR-TOLKIEN,14545425,"{'time travel', 'teen and up audiences', 'third age', 'fourth age'}"
JRR-TOLKIEN,18265289,"{'mature', 'alternate universe - everyone lives/nobody dies', 'hurt bilbo baggins'}"
JRR-TOLKIEN,14912811,"{'politics', 'miscommunication', 'mutual pining', 'time travel fix-it', 'angst', 'time travel', 'fairy tale elements', 'teen and up audiences', 'family', 'eventual happy ending', 'blue mountains | ered luin', 'post-canon', 'elf culture & customs', 'dwarf culture & customs', 'canon-typical violence', 'slow burn', 'friends to lovers', 'magic'}"
JRR-TOLKIEN,18310601,"{'first age', 'general audiences', 'other additional tags to be added', 'time travel', 'fluff and angst', 'time travel fix-it', 'alternate universe - time travel'}"
JRR-TOLKIEN,11498298,{'general audiences'}
JRR-TOLKIEN,18529249,"{'explicit', 'established relationship', 'spanking', 'oral sex', 'blow jobs', 'anal sex', 'anal fingering', 'threesome - m/m/m'}"
JRR-TOLKIEN,18116030,"{'angst', 'drama & romance', 'friendship', 'mature', 'slow burn', 'hurt/comfort', 'alternate universe - everyone lives/nobody dies', 'post-battle of five armies', 'modern girl in middle earth', 'drama', 'fluff', 'love'}"
JRR-TOLKIEN,11739474,"{'fourth age', 'teen and up audiences'}"
JRR-TOLKIEN,18036845,"{'blood and violence', 'pov multiple', 'timeline what timeline', 'bamf bilbo baggins', 'mirkwood', 'soulmates', 'kind of', 'not rated'}"
JRR-TOLKIEN,7588765,{'mature'}
JRR-TOLKIEN,18527548,{'teen and up audiences'}
JRR-TOLKIEN,17611046,"{'doriath', 'injuries', 'teen and up audiences', 'angst'}"
JRR-TOLKIEN,17352500,"{'teen and up audiences', 'fluff'}"
JRR-TOLKIEN,8032723,"{'bilbo is so done', 'teen and up audiences', 'thranduil not being an asshole'}"
JRR-TOLKIEN,17581274,"{'explicit', 'aftermath of violence', 'hurt/comfort', 'family fluff', 'hand jobs', 'explicit language', 'original character(s)', 'hurt bilbo baggins', 'implied/referenced torture', 'soulmates', 'other additional tags to be added', 'soul bond', 'king thorin', 'protective thorin', 'slow burn'}"
JRR-TOLKIEN,16056263,"{'explicit', 'drama & romance', 'lemon', 'pov first person', 'out of character', 'pov female character'}"
JRR-TOLKIEN,15241635,"{'minor character death', 'pre-canon', 'hurt/comfort', 'injuries', 'angst', 'young legolas greenleaf', 'orcs', 'teen and up audiences', 'elves', 'caring thranduil', 'fighting', 'parent thranduil', 'thranduil not being an asshole', 'protective thranduil'}"
JRR-TOLKIEN,18281177,"{'misunderstandings', 'guilt', 'teen and up audiences', 'angst and hurt/comfort'}"
JRR-TOLKIEN,6594532,"{'romance', 'fluff', 'not rated'}"
JRR-TOLKIEN,18108245,"{'modern girl in middle earth', 'teen and up audiences'}"
JRR-TOLKIEN,6066076,{'teen and up audiences'}
JRR-TOLKIEN,17544122,"{'explicit', 'protective elrond', 'explicit sexual content', 'hurt/comfort', 'healing', 'romance', 'slow build', 'flirting'}"
JRR-TOLKIEN,15875814,"{'slow burn', 'mature', 'crossover'}"
JRR-TOLKIEN,1743620,"{'alternate universe - modern setting', 'misunderstandings', 'thilbo', 'rule 63', 'bagginshield', 'female bilbo', 'female bilbo baggins/thorin oakenshield', 'fairy tale elements', 'teen and up audiences', 'family', 'arranged marriage', 'alternate universe - erebor never fell', 'female bilbo baggins', 'romance', 'happy ending'}"
JRR-TOLKIEN,11790954,"{'eventual happy ending', 'mature', 'explicit sexual content', 'slavery', 'alternate universe - canon divergence', 'bdsm', 'true love', 'redemption', 'angst'}"
JRR-TOLKIEN,17521295,"{'minor character death', 'suicide attempt', 'i wrote this instead of sleeping', ""i'm bad at tagging"", 'time travel', 'loss of virginity', 'mpreg', 'crack treated seriously', 'teen and up audiences'}"
JRR-TOLKIEN,15848277,"{'mature', 'identity issues', 'brotherly love', 'alternate universe - canon divergence', 'angst and hurt/comfort'}"
JRR-TOLKIEN,18520942,{'teen and up audiences'}
JRR-TOLKIEN,18048848,{'mature'}
JRR-TOLKIEN,18498007,"{'alternate universe - modern setting', 'alternate universe - reincarnation', 'teen and up audiences'}"
JRR-TOLKIEN,15875295,"{'friendship', 'romance', 'modern girl in middle earth', 'teen and up audiences', 'love'}"
JRR-TOLKIEN,18186989,"{'implied/referenced character death', 'general audiences', 'post-battle of five armies', 'angst and hurt/comfort'}"
JRR-TOLKIEN,18465013,"{'time travel', 'time travel fix-it', 'not rated'}"
JRR-TOLKIEN,18519091,"{'teen and up audiences', 'angst'}"
JRR-TOLKIEN,17088053,"{'family', 'friendship', 'mirkwood', 'found family', 'good parent thranduil', 'hurt/comfort', 'emotional hurt/comfort', 'fluff and angst', 'teen and up audiences', 'fluff', 'parent thranduil', 'angst'}"
JRR-TOLKIEN,18354188,"{'torture', 'emotional/psychological abuse', 'teen and up audiences', 'canon compliant', 'second age'}"
JRR-TOLKIEN,15789132,"{'action/adventure', 'mature', 'humor', 'female harry potter', 'unrequited love', 'alternate universe', 'romance', 'war', 'redemption', 'friendship/love', 'angst'}"
JRR-TOLKIEN,16186472,"{'explicit', 'protective elrond', 'sexual tension', 'post-traumatic stress disorder - ptsd', 'first time', 'loss of virginity', 'slow build', 'emotional hurt/comfort'}"
JRR-TOLKIEN,12292116,"{'other additional tags to be added', 'teen and up audiences', 'reader-insert'}"
JRR-TOLKIEN,18144854,{'mature'}
JRR-TOLKIEN,1784845,"{'explicit', 'slash', 'romance'}"
JRR-TOLKIEN,1773892,{'teen and up audiences'}
JRR-TOLKIEN,16477112,"{'work in progress', 'mature'}"
JRR-TOLKIEN,18512695,"{'general audiences', 'alternate universe - modern setting', 'romance', 'thorin is a softie', 'flirting'}"
JRR-TOLKIEN,14631693,"{'action/adventure', 'teen and up audiences', 'angst'}"
JRR-TOLKIEN,15456594,"{'alternate universe', 'crossover', 'teen and up audiences'}"
JRR-TOLKIEN,18512239,"{'alternate universe - everyone lives/nobody dies', 'teen and up audiences'}"
JRR-TOLKIEN,14837327,"{'dysfunctional family', 'brotherly love', 'adventure & romance', 'original character(s)', 'teen and up audiences', 'brother-sister relationships'}"
JRR-TOLKIEN,18510196,"{'friendship', 'young legolas greenleaf', 'humor', 'good parent thranduil', 'hurt/comfort', 'teen and up audiences'}"
JRR-TOLKIEN,17314421,{'mature'}
JRR-TOLKIEN,18387446,"{'explicit', 'first kiss', 'eventual smut', 'eventual romance', 'friends to lovers', 'attempted rape/non-con', 'post-lord of the rings', 'first meetings', 'romance', 'crossover', 'friendship/love'}"
JRR-TOLKIEN,1506062,"{'explicit', 'vaginal sex', 'middle earth', 'explicit sexual content', 'public sex', 'orcs', 'oral sex', 'blow jobs', 'cunnilingus', 'rough sex', 'war', 'elves'}"
JRR-TOLKIEN,16486346,{'teen and up audiences'}
JRR-TOLKIEN,14016291,"{'mature', 'implied/referenced character death', 'canon-typical violence', 'alternate universe - canon divergence', 'second age', 'angst and feels', 'third age'}"
JRR-TOLKIEN,13663047,"{'family', 'politics', 'teen and up audiences'}"
JRR-TOLKIEN,18453485,"{'explicit', 'threesome - m/m/m', 'shameless smut', 'anal sex', 'teasing', 'anal fingering', 'fluff and smut', 'tags may change', 'oral sex', 'light bondage', 'kissing', 'flirting'}"
JRR-TOLKIEN,8840857,"{'mature', 'falling in love', 'alternate universe - soulmates', 'soulmates', 'soul bond', 'hurt/comfort', 'fluff and angst', 'emotional hurt/comfort', 'fluff'}"
JRR-TOLKIEN,18087554,"{'general audiences', 'mutual pining', 'alternate universe - everyone lives/nobody dies'}"
JRR-TOLKIEN,13515609,{'mature'}
JRR-TOLKIEN,15125048,"{'general audiences', 'time travel', 'quest of erebor'}"
JRR-TOLKIEN,16775065,"{'tags may change', 'work in progress', 'rating may change', 'not rated'}"
JRR-TOLKIEN,18503617,{'teen and up audiences'}
JRR-TOLKIEN,18060551,"{'mature', 'domestic fluff', 'fluff and smut', 'fluff and humor'}"
JRR-TOLKIEN,14318079,"{'first age', 'the noldor', 'minor character death', 'family drama', 'drama', 'mature', 'family', 'doriath', 'eventual romance', 'other additional tags to be added', 'father-son relationship', 'cousins', 'romance', 'friendship/love'}"
JRR-TOLKIEN,16643630,"{'dwarf culture & customs', 'mature', 'elf culture & customs'}"
JRR-TOLKIEN,18127832,"{'alternate universe - canon divergence', 'alternate universe - everyone lives/nobody dies', 'not rated'}"
JRR-TOLKIEN,16878714,"{'not lace compliant', 'mature', 'humor', 'family drama', 'crack', 'angst'}"
JRR-TOLKIEN,5030122,"{'mature', 'rape/non-con elements', 'smut', 'fluff'}"
JRR-TOLKIEN,18505300,{'explicit'}
JRR-TOLKIEN,13143906,"{'mature', 'sexual content', 'romance', 'heartbreak', 'angst'}"
JRR-TOLKIEN,18334988,"{'explicit', 'angst with a happy ending', 'angst and fluff and smut', 'alternate universe - everyone lives/nobody dies', 'arranged marriage', 'marriage of convenience', 'alternate universe - canon divergence', 'romance', 'adventure & romance', 'angst and feels', 'dwarven politics', 'angst'}"
JRR-TOLKIEN,18149699,"{'alternate universe - modern setting', 'alternate universe', 'alternate universe - everyone lives/nobody dies', 'teen and up audiences', 'bagginshield'}"
JRR-TOLKIEN,8416513,"{'unresolved sexual tension', 'mature', 'explicit sexual content'}"
JRR-TOLKIEN,18476149,"{'mature', 'slow burn', 'hurt/comfort', 'injury', 'healing', 'elf culture & customs'}"
JRR-TOLKIEN,18239255,"{'mature', 'dwarves', 'oc', 'smut', 'romance', 'love'}"
JRR-TOLKIEN,18269960,{'teen and up audiences'}
JRR-TOLKIEN,18502126,{'general audiences'}
JRR-TOLKIEN,17933567,"{'humor', 'mirkwood', 'eventual romance', 'slow burn', 'other additional tags to be added', 'romance', 'teen and up audiences', 'elves', 'angst'}"
JRR-TOLKIEN,17310236,"{'friendship', 'angst and feels', 'humor', 'falling in love', 'slow romance', 'slow burn', 'soul bond', 'friendship/love', 'romance', 'fluff and angst', 'adventure', 'post-canon', 'feelings', 'teen and up audiences', 'emotional hurt/comfort', 'light angst'}"
JRR-TOLKIEN,4179816,{'not rated'}
JRR-TOLKIEN,16366244,"{'family', 'drabble collection', 'general audiences', 'original character(s)', 'good parent thranduil', 'hurt/comfort', 'family fluff', 'emotional hurt/comfort', 'fluff', 'angst'}"
JRR-TOLKIEN,1370944,"{'middle earth', 'general audiences', 'adventure', 'fluff'}"
JRR-TOLKIEN,11917494,{'teen and up audiences'}
JRR-TOLKIEN,18493111,"{'teen and up audiences', 'canon compliant', 'post-war of the ring'}"
JRR-TOLKIEN,18011273,"{'angst', 'pain', 'mature', 'quest of erebor', 'adventure & romance', 'blood and violence', 'slow build', 'humor'}"
JRR-TOLKIEN,17689715,"{'mature', 'modern character in middle earth', 'modern girl in middle earth'}"
JRR-TOLKIEN,18163703,"{'explicit', 'timeline what timeline', 'i wrote this instead of sleeping', 'the author regrets nothing', 'fluff and humor', 'not beta read'}"
JRR-TOLKIEN,7899862,"{'mature', 'elves'}"
JRR-TOLKIEN,15308790,"{'dwalin is a softie', 'original character(s)', 'mature', 'reader-insert'}"
JRR-TOLKIEN,16075655,"{'general audiences', 'slow burn', 'soulmates'}"
JRR-TOLKIEN,17957267,{'general audiences'}
JRR-TOLKIEN,8916439,"{'explicit', 'elf/human relationship(s)', 'bondage', 'plot what plot/porn without plot'}"
JRR-TOLKIEN,16639604,"{'mature', 'protectiveness', 'alternate universe - modern setting', 'marriage of convenience', 'hurt/comfort', 'light angst'}"
JRR-TOLKIEN,18092399,"{'general audiences', 'other additional tags to be added', 'alternate universe - canon divergence', 'alternate universe'}"
JRR-TOLKIEN,18489838,"{'teen and up audiences', 'healing'}"
JRR-TOLKIEN,18333704,{'teen and up audiences'}
JRR-TOLKIEN,18487933,"{'established relationship', 'hurt/comfort', 'nightmares', 'fluff and angst', 'teen and up audiences', 'character death', 'angst'}"
JRR-TOLKIEN,18483937,"{'canonical character death', 'grief/mourning', 'teen and up audiences'}"
JRR-TOLKIEN,17975948,{'general audiences'}
JRR-TOLKIEN,18148259,"{'explicit', 'friendship', 'action/adventure', 'humor', 'romance'}"
JRR-TOLKIEN,12704937,"{'mature', 'family', 'barduil - freeform', 'au', 'violence'}"
JRR-TOLKIEN,7444498,"{'mature', 'alternate universe - modern setting', 'misunderstandings', 'oral sex', 'the author regrets nothing', 'romance', 'sex', 'blow jobs', 'cultural differences', 'happy ending', 'hand jobs'}"
JRR-TOLKIEN,18105068,"{'general audiences', 'female harry potter'}"
JRR-TOLKIEN,18481357,"{'general audiences', 'one shot'}"
JRR-TOLKIEN,17932463,"{'action/adventure', 'romantic soulmates', 'modern character in middle earth', 'soulmates', 'alternate universe - canon divergence', 'romantic fluff', 'teen and up audiences', 'out of character'}"
JRR-TOLKIEN,16913499,"{'canonical character death', 'canon compliant', 'mature', 'angst and fluff and smut', 'arranged marriage', 'pre-the hobbit', 'eventual smut', 'slow burn', 'sexual tension', 'forbidden love', 'alternate universe - canon divergence', 'alcohol abuse/alcoholism', 'pregnancy', 'secret relationship'}"
JRR-TOLKIEN,18442694,"{'mature', 'implied/referenced torture', 'public sex', 'gay sex'}"
JRR-TOLKIEN,14511570,"{'explicit', 'public sex', 'slavery', 'attempted rape/non-con', 'mpreg', 'hurt/comfort', 'cultural differences', 'fluff and smut'}"
JRR-TOLKIEN,18169565,"{'explicit', 'protective thranduil', 'other additional tags to be added', 'oral sex', 'blow jobs', 'kissing'}"
JRR-TOLKIEN,17611172,"{'dwarf culture & customs', 'general audiences', 'misunderstandings', 'mutual pining', 'cultural differences', 'fluff', 'elf culture & customs'}"
JRR-TOLKIEN,14262672,"{'mature', 'rating may change'}"
JRR-TOLKIEN,18088859,"{'canonical character death', 'reincarnation', 'bamf bilbo baggins', 'female harry potter', 'alternate universe - canon divergence', 'female bilbo baggins', 'past torture', 'aftermath of torture', 'not rated'}"
JRR-TOLKIEN,16434599,"{'teen and up audiences', 'slow burn', 'depression', 'references to depression', 'alternate universe - canon divergence', 'slow build', 'angst'}"
JRR-TOLKIEN,9711890,{'not rated'}
JRR-TOLKIEN,15490449,"{'explicit', 'death', 'love triangle'}"
JRR-TOLKIEN,18472576,"{'general audiences', 'rebuilding erebor', 'erebor reclaimed', 'fluff'}"
JRR-TOLKIEN,18471112,{'teen and up audiences'}
JRR-TOLKIEN,13566576,"{'mature', 'slow burn', 'alternate universe'}"
JRR-TOLKIEN,16184066,{'general audiences'}
JRR-TOLKIEN,17856578,"{'mature', 'other additional tags to be added', 'rape', 'dark', 'anal sex', 'rape/non-con elements', 'angst'}"
JRR-TOLKIEN,18364535,"{'mature', 'hobbits', 'elves'}"
JRR-TOLKIEN,18147479,{'teen and up audiences'}
JRR-TOLKIEN,6116740,"{'general audiences', 'humor', 'fluff', 'dwarves', 'hobbits', 'hurt/comfort', 'mpreg', 'rivendell | imladris', 'grey havens', 'marriage', 'elves', 'angst'}"
JRR-TOLKIEN,17596709,"{'explicit', 'alpha/beta/omega dynamics'}"
JRR-TOLKIEN,14280996,"{'explicit', 'spanking', 'jealousy', 'alpha/beta/omega dynamics', 'one shot', 'blow jobs', 'angst', 'anal sex', 'rimming', 'rough sex', 'love', 'vampires', 'bondage', 'anal fingering', 'fluff and smut', 'oral sex', 'plot what plot/porn without plot', 'magic'}"
JRR-TOLKIEN,12512432,"{'explicit', 'angst with a happy ending', 'explicit sexual content', 'protective thorin', 'thilbo', 'dragon sickness', 'mpreg', 'magic', 'cultural differences', 'hurt bilbo baggins', 'emotional hurt/comfort', 'bagginshield'}"
JRR-TOLKIEN,18400670,"{'eventual happy ending', 'general audiences', 'miscommunication', 'asshole thranduil', 'orcs', 'idiots in love', 'mutual pining', 'fluff and angst', 'angst'}"
JRR-TOLKIEN,18464311,"{'established relationship', 'fluff', 'teen and up audiences', 'secret relationship', 'light angst'}"
JRR-TOLKIEN,18167066,"{'drama & romance', 'mature', 'dysfunctional family', 'alternate universe - modern setting', 'rating may change', 'other additional tags to be added', 'hurt/comfort', 'fluff and angst', 'implied sexual content'}"
JRR-TOLKIEN,2621348,"{'rebuilding erebor', 'teen and up audiences'}"
JRR-TOLKIEN,16763557,"{'mature', 'battle of five armies fix-it', 'fluff'}"
JRR-TOLKIEN,18460214,"{'torture', 'pain', 'horror', 'hurt/comfort', 'nightmares', 'aftermath of torture', 'teen and up audiences'}"
JRR-TOLKIEN,15710640,"{'ptsd', 'eventual smut', 'gay sex', 'torture', 'mature', 'smut', 'vampires', 'horror', 'violence', 'fluff and smut', 'fluff', 'kidnapping', 'light bondage', 'abuse'}"
JRR-TOLKIEN,17693948,"{'explicit', 'angst with a happy ending', 'eventual happy ending', 'eventual smut', 'eventual romance', 'sharing a bed', 'trauma', 'anal sex'}"
JRR-TOLKIEN,16096565,"{'explicit', 'gay sex', 'secrets', 'alcohol abuse/alcoholism', 'alcohol withdrawal', 'self-harm'}"
JRR-TOLKIEN,16256666,"{'mature', 'fluff', 'action', 'sexual content', 'sex', 'romance', 'fantasy', 'angst'}"
JRR-TOLKIEN,17594642,{'general audiences'}
JRR-TOLKIEN,16894281,"{'middle earth', 'barduil - freeform', 'depression', 'injuries', 'modern au', 'fluff', 'general audiences', 'alternate universe'}"
JRR-TOLKIEN,12610884,"{'mother-daughter relationship', 'teen and up audiences', 'canon compliant', 'fourth age', 'major character injury', 'father-son relationship', 'post-lord of the rings', 'post-canon'}"
JRR-TOLKIEN,17265320,"{'angst with a happy ending', 'implied/referenced torture', 'dragon sickness', 'fix-it of sorts', 'slowburn', 'teen and up audiences', 'why did i write this?', 'angst and hurt/comfort'}"
JRR-TOLKIEN,13146633,"{'explicit', 'angst'}"
JRR-TOLKIEN,17843342,"{'teen and up audiences', 'fluff', 'hurt/comfort', 'angst'}"
JRR-TOLKIEN,16510832,"{'action/adventure', 'drama & romance', 'slow romance', 'slow burn', 'teen and up audiences', 'fantasy'}"
JRR-TOLKIEN,18454355,"{'suicidal thoughts', 'teen and up audiences'}"
JRR-TOLKIEN,1090372,"{'mature', 'alternate universe - canon divergence', 'female bilbo'}"
JRR-TOLKIEN,7628065,"{'minor character death', 'teen and up audiences', 'female bilbo'}"
JRR-TOLKIEN,18145367,{'teen and up audiences'}
JRR-TOLKIEN,18191570,"{'first age', 'drama & romance', 'mature', 'doriath', 'angst'}"
JRR-TOLKIEN,16179464,"{'female bilbo baggins/thorin oakenshield', 'mature', 'bamf bilbo baggins', 'gandalf meddles', 'thorin is an idiot', 'slow burn', 'battle of five armies fix-it', 'alternate universe - canon divergence', 'quest of erebor', 'rule 63', 'alternate universe - everyone lives/nobody dies', 'thorin is a softie'}"
JRR-TOLKIEN,16165274,{'general audiences'}
JRR-TOLKIEN,17058479,"{'middle earth', 'the noldor', 'modern character in middle earth', 'racism', 'depression', 'hurt/comfort', 'hobbits', 'modern girl in middle earth', 'emotional hurt/comfort', 'female friendship', 'angst', 'angst with a happy ending', ""i'm bad at tagging"", 'male-female friendship', 'grey havens', 'not beta read', 'adventure & romance', 'teen and up audiences', 'canon compliant', 'identity issues', 'eventual romance', 'slow build', 'angst and hurt/comfort', 'lgbtq themes', 'friendship', 'slow burn', 'rivendell | imladris', 'angst and feels', 'friendship/love'}"
JRR-TOLKIEN,5404094,"{'mature', 'slow burn', 'pining', 'friends to lovers', 'alternate universe - canon divergence', 'fluff', 'angst'}"
JRR-TOLKIEN,18170297,"{'mature', 'kidnapping', 'oral sex'}"
JRR-TOLKIEN,18447587,"{'vignette', 'teen and up audiences'}"
JRR-TOLKIEN,15082544,"{'general audiences', 'modern character in middle earth', 'culture shock', 'alternate universe'}"
JRR-TOLKIEN,18063542,"{'reincarnation', 'bamf bilbo baggins', 'miscommunication', 'misunderstandings', 'hurt kíli', 'angst', 'mature', 'mother-daughter relationship', 'kili angst', 'angst muffins', 'hurt bilbo baggins', 'father-daughter relationship', 'female nori (tolkien)', 'kind of', 'fluff', 'kíli feels', 'fíli angst', 'fíli feels', 'female bilbo baggins', 'protective fíli', 'protective kíli', 'sassy bilbo baggins'}"
JRR-TOLKIEN,3978964,"{'general audiences', 'mirkwood', 'falling in love', 'erebor', 'dwarves', 'blue mountains | ered luin', 'rivendell | imladris', 'grey havens', 'dwarf/elf relationship(s)', 'elves', 'character death'}"
JRR-TOLKIEN,13180788,"{'barduil - freeform', 'mature', 'hurt/comfort'}"
JRR-TOLKIEN,9147355,"{'dragons', 'post-war of the ring', 'teen and up audiences'}"
JRR-TOLKIEN,15138578,"{'general audiences', 'post-traumatic stress disorder - ptsd', 'magic'}"
JRR-TOLKIEN,14723102,"{'work in progress', 'mature', 'alternate universe - modern setting', 'romantic fluff', 'angst and hurt/comfort'}"
JRR-TOLKIEN,17597780,"{'racism', 'family drama', 'teen and up audiences', 'family feels', 'parent thranduil', 'action/adventure', 'slow burn', 'asshole thranduil', 'brother-sister relationships', 'friendship/love'}"
JRR-TOLKIEN,15026981,"{'love confessions', 'slow romance', 'found family', 'hurt/comfort', 'hobbits', 'mature', 'pining', 'hobbit culture & customs', 'anal sex', 'sexual content', 'mystery', 'elves', 'family', 'canon compliant', 'work in progress', 'horror', 'family feels', 'friendship/love', 'anal fingering', 'slow build', 'lgbtq themes', 'action/adventure', 'friendship', 'canon-typical violence', 'slow burn', 'friends to lovers', 'oral sex', 'light angst'}"
JRR-TOLKIEN,18272762,"{'canonical character death', 'reincarnation', 'general audiences', 'prophecy', 'hurt/comfort', 'valinor', 'family fluff'}"
JRR-TOLKIEN,18052367,"{'mature', 'crack'}"
JRR-TOLKIEN,15558072,"{'attempted rape/non-con', 'teen and up audiences'}"
JRR-TOLKIEN,5120858,"{'explicit', 'other additional tags to be added', 'kissing', 'rough sex'}"
JRR-TOLKIEN,13175250,"{'torture', 'friendship', 'mature', 'major character injury', 'blood', 'mutual pining', 'suicidal thoughts', 'fluff', 'character death'}"
JRR-TOLKIEN,16869907,"{'explicit', 'torture', 'ptsd', 'rape', 'smut'}"
JRR-TOLKIEN,18076646,{'teen and up audiences'}
JRR-TOLKIEN,18155786,{'not rated'}
JRR-TOLKIEN,16949571,"{'mature', 'romance'}"
JRR-TOLKIEN,14788151,"{'modern girl in middle earth', 'teen and up audiences'}"
JRR-TOLKIEN,14267202,"{'mature', 'fantasy', 'adventure'}"
JRR-TOLKIEN,12450750,"{'explicit', 'jealousy', 'depression', 'hurt/comfort', 'durincest', 'angst', 'lemon', 'everybody lives', 'anal sex', 'smut', 'rimming', 'rough sex', 'love', 'battle of five armies fix-it', 'soul bond', 'fluff and smut', 'dwarf & hobbit cultural differences', 'threesome - m/m/m'}"
JRR-TOLKIEN,16946790,"{'alternate universe - bilbo remains in erebor', 'bamf bilbo baggins', 'thorin is an idiot', 'thilbo', 'bagginshield', 'angst', 'nori is a little shit', 'bilbo is so done', 'thorin is a softie', 'teen and up audiences', 'battle of five armies fix-it', 'battle of five armies - everyone lives/nobody dies', 'fluff', 'dwarven politics', 'dwarven ones | soulmates', 'marriage'}"
JRR-TOLKIEN,9611645,"{'first age', 'teen and up audiences'}"
JRR-TOLKIEN,17161199,"{'rating may change', 'sex', 'psychological trauma', 'mature', 'trauma', 'fairy tale elements', 'adventure & romance', 'father-daughter relationship', 'drama & romance', 'dragons', 'father-son relationship', 'gandalf meddles', 'canon-typical violence', 'post-traumatic stress disorder - ptsd', 'mother-son relationship'}"
JRR-TOLKIEN,18418691,"{'mature', 'developing relationship', 'soulmates', 'quest of erebor'}"
JRR-TOLKIEN,3372152,{'not rated'}
JRR-TOLKIEN,18418859,{'explicit'}
JRR-TOLKIEN,18418748,{'explicit'}
JRR-TOLKIEN,17645822,"{'past relationship(s)', 'valinor', 'returning home', 'royalty', 'healing', 'teen and up audiences', 'true love', 'married couple', 'pregnancy', 'established relationship'}"
JRR-TOLKIEN,18069707,"{'alternate universe - soulmates', 'slow burn', 'soulmates', 'alternate universe', 'teen and up audiences'}"
JRR-TOLKIEN,18344537,{'teen and up audiences'}
JRR-TOLKIEN,17117117,"{'alternate universe', 'not rated'}"
JRR-TOLKIEN,17882561,"{'middle earth', 'death', 'dwarves', 'orcs', 'modern girl in middle earth', 'teen and up audiences'}"
JRR-TOLKIEN,17184332,"{'depression', 'other additional tags to be added', 'time travel fix-it', 'teen and up audiences', 'alternate universe - time travel'}"
JRR-TOLKIEN,17422862,"{'slow burn', 'other additional tags to be added', 'fairy tale elements', 'teen and up audiences'}"
JRR-TOLKIEN,9790883,"{'canon compliant', 'teen and up audiences'}"
JRR-TOLKIEN,18410951,"{'other additional tags to be added', 'mental health issues', 'teen and up audiences'}"
JRR-TOLKIEN,3595008,"{'durin family feels', 'why did i write this?', 'not rated'}"
JRR-TOLKIEN,18410450,{'explicit'}
JRR-TOLKIEN,18410405,{'explicit'}
JRR-TOLKIEN,18409772,{'explicit'}
JRR-TOLKIEN,18409646,{'explicit'}
JRR-TOLKIEN,18409511,{'explicit'}
JRR-TOLKIEN,18242666,"{'family drama', 'teen and up audiences'}"
JRR-TOLKIEN,18409484,{'explicit'}
JRR-TOLKIEN,18408971,"{'hurt/comfort', 'gold rush au', 'injury', 'teen and up audiences'}"
JRR-TOLKIEN,18408971,"{'hurt/comfort', 'gold rush au', 'injury', 'teen and up audiences'}"
JRR-TOLKIEN,18408842,{'explicit'}
JRR-TOLKIEN,18408782,{'explicit'}
JRR-TOLKIEN,18408578,{'general audiences'}
JRR-TOLKIEN,18408518,"{'mature', 'fluff', 'friends to lovers'}"
JRR-TOLKIEN,18408335,"{'alternate universe - canon divergence', 'alternate universe - everyone lives/nobody dies', 'post-battle of five armies', 'adventure', 'not rated'}"
JRR-TOLKIEN,18408143,{'explicit'}
JRR-TOLKIEN,16868209,"{'young legolas greenleaf', 'not rated'}"
JRR-TOLKIEN,13706544,"{'explicit', 'established relationship', 'explicit sexual content', 'post-war of the ring', 'emotional hurt/comfort'}"
JRR-TOLKIEN,18415673,"{'character death', 'not rated'}"
JRR-TOLKIEN,18406250,"{'mature', 'abuse', 'character study', 'kind of'}"
JRR-TOLKIEN,15374730,"{'general audiences', 'miscommunication', 'culture shock', 'the author regrets nothing', 'crack treated seriously', 'crossover', 'fluff and humor'}"
JRR-TOLKIEN,16636574,"{'explicit', 'angst and fluff and smut', 'shameless smut', 'implied/referenced torture', 'alternate universe - canon divergence'}"
JRR-TOLKIEN,18405533,"{'vignette', 'general audiences'}"
JRR-TOLKIEN,18404390,{'teen and up audiences'}
JRR-TOLKIEN,16581986,"{'action/adventure', 'mature', 'canon-typical violence', 'slow burn', 'dragons', 'i wrote this instead of sleeping', 'dark', 'coming of age'}"
JRR-TOLKIEN,18010298,"{'explicit', 'explicit language', 'slow burn', 'friends to lovers', 'mutual pining', 'fluff and angst', 'alternate universe', 'war', 'slow build'}"
JRR-TOLKIEN,14863824,"{'mature', 'fluff and angst', 'post-battle of five armies', 'returning home'}"
JRR-TOLKIEN,6776101,{'mature'}
JRR-TOLKIEN,18399995,{'explicit'}
JRR-TOLKIEN,18399347,{'explicit'}
JRR-TOLKIEN,18399125,{'explicit'}
JRR-TOLKIEN,18028115,{'general audiences'}
JRR-TOLKIEN,7729687,"{'explicit', 'spanking', 'near death experiences', 'rape', 'bdsm', 'secrets', 'heartbreak', 'angst', 'explicit language', 'explicit sexual content', 'fluff and smut', 'fluff', 'unrequited love', 'light bondage', 'romance', 'dwarf/elf relationship(s)'}"
JRR-TOLKIEN,17408207,"{'slow burn', 'teen and up audiences'}"
JRR-TOLKIEN,18397916,{'explicit'}
JRR-TOLKIEN,16762156,{'general audiences'}
JRR-TOLKIEN,18372740,{'general audiences'}
JRR-TOLKIEN,10184531,"{'revenge', 'unrequited love', 'nightmares', 'romance', 'redemption', 'teen and up audiences', 'angst'}"
JRR-TOLKIEN,16503779,"{'established relationship', 'general audiences', 'found family', 'elves', 'adoption'}"
JRR-TOLKIEN,17939465,"{'idiots in love', 'post-war of the ring', 'romance', 'first kiss', 'teen and up audiences'}"
JRR-TOLKIEN,6636910,"{'mature', 'rough sex', 'bondage'}"
JRR-TOLKIEN,18084455,"{'love confessions', 'falling in love', 'romantic fluff', 'emotional hurt/comfort', 'trust issues', 'original character(s)', 'teen and up audiences', 'pov multiple', 'eventual happy ending', 'major character injury', 'post-lord of the rings', 'asshole thranduil', 'secret relationship', 'friendship/love'}"
JRR-TOLKIEN,9629828,"{'explicit language', 'kíli feels', 'alternate universe - modern setting', 'fíli angst', 'fíli feels', 'kili angst', 'durincest', 'protective fíli', 'teen and up audiences'}"
JRR-TOLKIEN,8726020,"{'friendship', 'fluff', 'mpreg', 'hurt/comfort', 'teen and up audiences'}"
JRR-TOLKIEN,17732309,"{'alternate universe - soulmates', 'teen and up audiences', 'alternate universe - everyone lives/nobody dies'}"
JRR-TOLKIEN,17969810,"{'explicit', 'royalty', 'cousin incest', 'family drama', 'coming of age'}"
JRR-TOLKIEN,18387275,"{'general audiences', 'alternate universe - canon divergence', 'alternate universe - reincarnation', 'romance', 'fluff'}"
JRR-TOLKIEN,18292808,"{'bamf bilbo baggins', 'misunderstandings', 'angst', 'angst muffins', 'hurt bilbo baggins', 'teen and up audiences', 'eventual happy ending', 'slavery', 'young bilbo baggins', 'dragons', 'alternate universe - erebor never fell', 'female bilbo baggins', 'fíli feels', 'protective fíli'}"
JRR-TOLKIEN,17578871,"{'general audiences', 'angst'}"
JRR-TOLKIEN,14638137,"{'mature', 'explicit language', 'mental health issues', 'suicidal thoughts', 'fluff and angst', 'fluff', 'fluff and humor', 'friendship', 'male-female friendship'}"
JRR-TOLKIEN,18385406,"{'explicit', 'porn with feelings', 'post-traumatic stress disorder - ptsd', 'plot what plot/porn without plot', 'anal sex', 'second age'}"
JRR-TOLKIEN,16980996,"{'bamf bilbo baggins', 'miscommunication', 'near death experiences', 'thorin is an idiot', 'references to depression', 'angst', 'female bilbo baggins/thorin oakenshield', 'bilbo is so done', 'trust issues', 'hurt bilbo baggins', 'teen and up audiences', 'mild sexual content', 'dwarves and hobbits have the same lifespan', 'gandalf meddles', 'protective thorin', 'female bilbo baggins', 'mother-son relationship', 'protective kíli'}"
JRR-TOLKIEN,18376838,"{'canon-typical violence', 'friends to lovers', 'slowburn', 'teen and up audiences'}"
JRR-TOLKIEN,18103220,"{'crack', 'crossover', 'teen and up audiences'}"
JRR-TOLKIEN,14771621,"{'reincarnation', 'alternate universe - modern setting', 'past relationship(s)', 'family drama', 'secrets', 'emotional hurt/comfort', 'family bonding', 'alternate universe - everyone lives/nobody dies', 'adventure & romance', 'teen and up audiences', 'elves', 'love', 'family', 'family feels', 'dysfunctional family', 'dwarves', 'true love', 'protective kíli', 'brothers', 'action/adventure', 'romantic soulmates', 'alternate universe - soulmates', 'family issues', 'alternate universe', 'alternate universe - reincarnation', 'protective fíli', 'art', 'dwarf/elf relationship(s)'}"
JRR-TOLKIEN,17548280,"{'canon compliant', 'general audiences', 'pre-canon'}"
JRR-TOLKIEN,18367949,{'not rated'}
JRR-TOLKIEN,1415617,"{'explicit', 'alternate universe - modern setting'}"
JRR-TOLKIEN,18378518,"{'angst', 'romantic fluff', 'drama', 'family', 'comedy', 'dwarven ones | soulmates', 'forbidden love', 'soulmates', 'hurt/comfort', 'family drama', 'romance', 'pregnancy', 'teen and up audiences', 'reader-insert', 'love'}"
JRR-TOLKIEN,18378452,"{'mature', 'comedy', 'fluff', 'forbidden love', 'sexual content', 'romance', 'implied sexual content', 'reader-insert', 'love'}"
JRR-TOLKIEN,18378428,"{'drama', 'friendship', 'comedy', 'fluff', 'sexual tension', 'love', 'romance', 'unresolved sexual tension', 'teen and up audiences', 'implied sexual content', 'angst'}"
JRR-TOLKIEN,18378386,"{'family', 'general audiences', 'love', 'romance', 'war', 'marriage', 'drama', 'fluff', 'reader-insert', 'angst'}"
JRR-TOLKIEN,18378344,"{'drama', 'friendship', 'love confessions', 'comedy', 'war', 'friends to lovers', 'love', 'romance', 'teen and up audiences', 'reader-insert', 'angst'}"
JRR-TOLKIEN,18378302,"{'drama', 'friendship', 'drama & romance', 'angst', 'comedy', 'near death experiences', 'eventual romance', 'friends to lovers', 'tragedy', 'fluff and angst', 'romance', 'teen and up audiences', 'fluff', 'love'}"
JRR-TOLKIEN,18378245,"{'mature', 'pining', 'sexual tension', 'mild sexual content', 'unresolved sexual tension', 'reader-insert'}"
JRR-TOLKIEN,18378179,"{'explicit', 'strangers to lovers', 'comedy', 'falling in love', 'family drama', 'first time', 'sex', 'drama', 'angst', 'forbidden love', 'lemon', 'smut', 'marriage proposal', 'love', 'family', 'angst and fluff and smut', 'explicit sexual content', 'soulmates', 'fluff and angst', 'fluff and smut', 'fluff', 'dwarven ones | soulmates', 'friendship', 'oral sex', 'romance', 'marriage'}"
JRR-TOLKIEN,17634455,"{'friends to lovers', 'kissing', 'teen and up audiences', 'fluff'}"
JRR-TOLKIEN,18378050,"{'love confessions', 'friendship', 'general audiences', 'comedy', 'first kiss', 'near death experiences', 'friends to lovers', 'love', 'romance', 'drama', 'reader-insert', 'angst'}"
JRR-TOLKIEN,18377639,"{'love confessions', 'friendship', 'drama', 'romantic fluff', 'comedy', 'falling in love', 'soulmates', 'love', 'true love', 'friends to lovers', 'romance', 'first kiss', 'teen and up audiences', 'fluff', 'angst'}"
JRR-TOLKIEN,16194572,"{'mature', 'hobbit courting', 'dwarf courting', 'some angst', 'dwalin is a softie', 'everybody lives', 'king thorin', 'battle of five armies - everyone lives/nobody dies', 'post-battle of five armies', 'thorin is a softie', 'sassy bilbo baggins'}"
JRR-TOLKIEN,18376922,"{'friendship', 'general audiences', 'one-sided attraction', 'pining', 'romance', 'drama', 'fluff', 'angst'}"
JRR-TOLKIEN,18376865,"{'explicit', 'humor', 'oral sex', 'cunnilingus', 'domestic fluff', 'rough sex', 'fluff and smut', 'thranduil not being an asshole', 'caring thranduil'}"
JRR-TOLKIEN,16547237,"{'drama & romance', 'genderswap', 'eventual happy ending', 'time travel', 'slow build', 'alternate universe', 'female bilbo baggins', 'character study', 'time travel fix-it', 'teen and up audiences'}"
JRR-TOLKIEN,18375878,{'explicit'}
JRR-TOLKIEN,15661332,"{'friendship', 'mature', 'angst and fluff and smut', 'slow burn', 'adventure'}"
JRR-TOLKIEN,18373889,"{'mature', 'alternate universe', 'light angst'}"
JRR-TOLKIEN,11943930,"{'eventual romance', 'adventure', 'angst and feels', 'stubborn dwarves', 'not rated'}"
JRR-TOLKIEN,18372533,"{'royalty', 'general audiences', 'married couple'}"
JRR-TOLKIEN,17487635,"{'explicit', 'falling in love', 'tragedy', 'betrayal', 'angst', 'alternate universe - canon divergence', 'rape/non-con elements', 'character death', 'pov multiple', 'implied/referenced torture', 'eventual romance', 'mpreg', 'dark', 'slow build', 'slash', 'one-sided attraction', 'unrequited love', 'slow burn', 'asshole thranduil', 'alternate universe', 'romance'}"
JRR-TOLKIEN,18369902,"{'general audiences', 'mirkwood', 'caring thranduil'}"
JRR-TOLKIEN,18367829,"{'mature', 'developing relationship', 'family bonding', 'fluff and angst', 'king thorin'}"
JRR-TOLKIEN,9797972,"{'kíli feels', 'pining', 'fíli angst', 'alternate universe - canon divergence', 'fíli feels', 'mutual pining', 'teen and up audiences', 'hurt kíli', 'dwarven ones | soulmates', 'angst'}"
JRR-TOLKIEN,15712494,"{'mature', 'genderswap', 'protectiveness', 'first meetings', 'adoption', 'returning home'}"
JRR-TOLKIEN,18239663,"{'family', 'pain', 'married couple', 'sex', 'not rated'}"
JRR-TOLKIEN,18364139,"{'emotional hurt/comfort', 'general audiences', 'panic attacks'}"
JRR-TOLKIEN,17946881,{'general audiences'}
JRR-TOLKIEN,18269240,"{'alternate universe', 'teen and up audiences', 'domestic fluff'}"
JRR-TOLKIEN,18360911,"{'general audiences', 'humor', 'crack treated seriously', 'original character(s)', 'fluff and humor'}"
JRR-TOLKIEN,15466422,"{'implied/referenced character death', 'hurt/comfort', 'family drama', 'unhealthy coping mechanisms', 'mature', 'mental health issues', 'family', 'self-harm', 'post-traumatic stress disorder - ptsd'}"
JRR-TOLKIEN,17905478,"{'friendship', 'not rated', 'feelings', 'fluff', 'love'}"
JRR-TOLKIEN,18212201,"{'family fluff', 'uncle thorin', 'thorin is a softie', 'not rated'}"
JRR-TOLKIEN,18358331,"{'general audiences', 'emotional hurt/comfort'}"
JRR-TOLKIEN,17876978,"{'durin family feels', 'family fluff', 'protective thorin', 'durin family', 'battle of five armies fix-it', 'hurt/comfort', 'uncle-nephew relationship', 'nightmares', 'uncle thorin', 'alternate universe - everyone lives/nobody dies', 'post-battle of five armies', 'thorin is a softie', 'teen and up audiences', 'emotional hurt/comfort'}"
JRR-TOLKIEN,17363912,"{'angst with a happy ending', 'teen and up audiences', 'heartbreak'}"
JRR-TOLKIEN,18354404,"{'angst', 'alternate universe - bilbo remains in erebor', 'general audiences', 'alternate universe - canon divergence', 'post-battle of five armies'}"
JRR-TOLKIEN,17867363,"{'royalty', 'general audiences', 'protectiveness', 'alternate universe - everyone lives/nobody dies', 'fluff'}"
JRR-TOLKIEN,18353159,"{'mature', 'panic attacks', 'angst'}"
JRR-TOLKIEN,18352856,"{'flashbacks', 'father-son relationship', 'teen and up audiences'}"
JRR-TOLKIEN,18352535,"{'general audiences', 'humor', 'crack', 'art'}"
JRR-TOLKIEN,15661404,"{'explicit', 'alternate universe - modern setting', 'jealousy', 'bagginshield', 'angst', 'oral sex'}"
JRR-TOLKIEN,18239366,"{'betrayal', 'au', 'violence', 'heartbreak', 'teen and up audiences', 'fluff', 'fighting'}"
JRR-TOLKIEN,18351458,"{'mature', 'sibling incest', 'cousin incest', 'dark'}"
JRR-TOLKIEN,17168462,"{'hurt kíli', 'angst', 'mature', 'sexual content', 'sexual tension', 'guilt', 'violence', 'fíli angst', 'blood'}"
JRR-TOLKIEN,14125938,{'mature'}
JRR-TOLKIEN,18215237,{'general audiences'}
JRR-TOLKIEN,18345491,"{'flashbacks', 'teen and up audiences'}"
JRR-TOLKIEN,18344867,"{'idiots in love', 'durincest', 'teen and up audiences', 'dwarven ones | soulmates', 'angst'}"
JRR-TOLKIEN,18344771,"{'elf/human relationship(s)', 'fluff', 'general audiences'}"
JRR-TOLKIEN,16752376,"{'female bilbo baggins', 'trauma', 'teen and up audiences', 'character death'}"
JRR-TOLKIEN,18179060,"{'female bilbo baggins/thorin oakenshield', 'politics', 'genderswap', 'general audiences', 'fix-it of sorts', 'rule 63', 'grief/mourning', 'post-battle of five armies', 'female bilbo'}"
JRR-TOLKIEN,18341852,"{'general audiences', 'alternate universe - canon divergence', 'romance', 'fluff'}"
JRR-TOLKIEN,12338352,"{'explicit', 'dwarf culture & customs', 'dwarf courting', 'alternate universe - canon divergence', 'alternate universe - everyone lives/nobody dies'}"
JRR-TOLKIEN,1068799,"{'slash', 'mature'}"
JRR-TOLKIEN,4629822,"{'slavery', 'brotherly love', 'past torture', 'aftermath of torture', 'not rated'}"
JRR-TOLKIEN,18338675,{'mature'}
JRR-TOLKIEN,18334055,"{'dysfunctional family', 'gold rush au', 'implied/referenced sex', 'teen and up audiences', 'angst'}"
JRR-TOLKIEN,17942204,"{'bamf bilbo baggins', 'psychological trauma', 'do not separate the heirs of durin', 'mature', 'past rape/non-con', 'mother-daughter relationship', 'healing', 'mental health issues', 'hurt bilbo baggins', 'young bilbo baggins', 'dwarves and hobbits have the same lifespan', 'post-traumatic stress disorder - ptsd', 'female bilbo baggins', 'durin family'}"
JRR-TOLKIEN,14126163,"{'alternate universe - bilbo remains in erebor', 'bamf bilbo baggins', 'rule 63', 'drama', 'nori is a little shit', 'mature', 'hobbit culture & customs', 'alternate universe - canon divergence', 'alternate universe - everyone lives/nobody dies', 'genderswap', 'arranged marriage', 'dwarf courting', 'eventual romance', 'battle of five armies fix-it', 'dwarven politics', 'dwarven ones | soulmates', 'dwarf culture & customs', 'action/adventure', 'hobbit courting', 'slow burn', 'dwarf & hobbit cultural differences', 'romance', 'sassy bilbo baggins'}"
JRR-TOLKIEN,18026630,"{'general audiences', 'slow burn'}"
JRR-TOLKIEN,18335069,"{'teen and up audiences', 'alternate universe - modern setting'}"
JRR-TOLKIEN,4877980,"{'dwarf culture & customs', 'mature', 'hobbit courting', 'dwarf courting', 'aftermath of violence', 'arranged marriage', 'minor character death', 'marriage of convenience', 'racism', 'hurt/comfort', 'alternate universe - erebor never fell', 'fluff and angst', 'grief/mourning', 'slow build', 'dwarven politics'}"
JRR-TOLKIEN,18327590,"{'pining', 'second age', 'teen and up audiences', 'friendship/love'}"
JRR-TOLKIEN,14502897,"{'mature', 'romance', 'alternate universe - everyone lives/nobody dies'}"
JRR-TOLKIEN,18326936,"{'explicit', 'canonical character death', 'drabble collection', 'oral sex', 'teasing', 'fluff'}"
JRR-TOLKIEN,18321566,"{'brotherly love', 'hurt/comfort', 'father-son relationship', 'pov first person', 'implied/referenced sex', 'teen and up audiences', 'angst'}"
JRR-TOLKIEN,18321245,"{'crossover', 'general audiences'}"
JRR-TOLKIEN,16630604,"{'middle earth', 'eventual smut', 'erebor', 'gay sex', 'hurt/comfort', 'elf/human relationship(s)', 'emotional hurt/comfort', 'mature', 'forbidden love', 'adventure & romance', 'caring thranduil', 'mirkwood', 'eventual romance', 'fluff and angst', 'post-canon', 'post-battle of five armies', 'fluff and smut', 'thranduil not being an asshole', 'protective thranduil', 'slow burn', 'asshole thranduil', 'rivendell | imladris'}"
JRR-TOLKIEN,18295637,"{'explicit', 'vaginal sex', 'emotional/psychological abuse', 'sibling incest', 'depression', 'suicide attempt', 'oral sex', 'rape/non-con elements', 'smut', 'vaginal fingering', 'rough sex'}"
JRR-TOLKIEN,5676364,"{'implied/referenced torture', 'violence', 'mild sexual content', 'teen and up audiences'}"
JRR-TOLKIEN,18320165,"{'implied/referenced character death', 'general audiences'}"
JRR-TOLKIEN,18318800,{'general audiences'}
JRR-TOLKIEN,18318803,{'general audiences'}
JRR-TOLKIEN,18318482,"{'bamf bilbo baggins', 'general audiences', 'humor', 'hobbit culture & customs', 'bilbo is so done', 'crack'}"
JRR-TOLKIEN,13116312,"{'explicit', 'middle earth', 'shameless smut', 'blood and violence', 'vaginal sex', 'mirkwood', 'oral sex', 'kissing', 'romance', 'pov thranduil'}"
JRR-TOLKIEN,18316763,{'general audiences'}
JRR-TOLKIEN,6033072,"{'friendship', 'drabble collection', 'humor', 'dwarves', 'hurt/comfort', 'mpreg', 'hobbits', 'elves', 'teen and up audiences', 'fluff', 'angst'}"
JRR-TOLKIEN,13921119,"{'not rated', 'modern au'}"
JRR-TOLKIEN,18271727,"{'thorin is a softie', 'teen and up audiences'}"
JRR-TOLKIEN,18313511,{'general audiences'}
JRR-TOLKIEN,18244142,"{'teen and up audiences', 'drabble', 'humor'}"
JRR-TOLKIEN,18220655,"{'family', 'first age', 'general audiences', 'hurt/comfort', 'injury', 'teasing', 'drabble'}"
JRR-TOLKIEN,18258890,"{'sharing a bed', 'teen and up audiences', 'drabble'}"
JRR-TOLKIEN,18292091,"{'battle of five armies - everyone lives/nobody dies', 'triple drabble', 'general audiences', 'hurt/comfort'}"
JRR-TOLKIEN,17243336,"{'alternate universe - modern setting', 'female bilbo baggins', 'alternate universe - reincarnation', 'alternate universe - everyone lives/nobody dies', 'teen and up audiences'}"
JRR-TOLKIEN,16903635,"{'explicit', 'politics', 'strangers to lovers', 'not lace compliant', 'falling in love', 'references to depression', 'blow jobs', 'alcohol abuse/alcoholism', 'emotional hurt/comfort', 'hand jobs', 'alternate universe - canon divergence', 'healing', 'mental health issues', 'marriage proposal', 'cultural differences', 'vaginal sex', 'arranged marriage', 'identity issues', 'dysfunctional family', 'fluff and angst', 'redemption', 'alcohol withdrawal', 'marriage of convenience', 'friends to lovers', 'oral sex', 'cunnilingus', 'vaginal fingering', 'male-female friendship'}"
JRR-TOLKIEN,18171095,"{'teen and up audiences', 'triple drabble'}"
JRR-TOLKIEN,18255395,"{'general audiences', 'erebor reclaimed', 'alternate universe - everyone lives/nobody dies', 'drabble'}"
JRR-TOLKIEN,17997269,"{'friendship', 'drabble collection', 'general audiences', 'uncle-nephew relationship', 'family fluff', 'fluff', 'love'}"
JRR-TOLKIEN,18293504,"{'battle of five armies - everyone lives/nobody dies', 'magic', 'general audiences', 'triple drabble'}"
JRR-TOLKIEN,18036782,"{'dwarf culture & customs', 'alternate universe - everyone lives/nobody dies', 'durin family feels', 'thorin is a softie', 'family bonding', 'durin family', 'battle of five armies fix-it', 'alternate universe - canon divergence', 'battle of five armies - everyone lives/nobody dies', 'post-battle of five armies', 'teen and up audiences'}"
JRR-TOLKIEN,18310589,"{'drabble', 'general audiences'}"
JRR-TOLKIEN,7930747,"{'first age', 'friendship', 'slavery', 'male-female friendship', 'tragedy', 'alternate universe', 'mystery', 'healing', 'teen and up audiences'}"
JRR-TOLKIEN,16939161,"{'war', 'drama', 'mature', 'alternate universe - canon divergence', 'mystery', 'love', 'dark', 'adventure', 'fantasy', 'action/adventure', 'humor', 'revenge', 'action', 'romance', 'crossover'}"
JRR-TOLKIEN,17962685,"{'fix-it', 'alternate universe - canon divergence', 'time travel', 'teen and up audiences', 'angst'}"
JRR-TOLKIEN,18307358,"{'general audiences', 'art'}"
JRR-TOLKIEN,18307319,"{'mature', 'pov first person'}"
JRR-TOLKIEN,15322992,"{'explicit', 'canon-typical violence', 'fix-it'}"
JRR-TOLKIEN,14141118,"{'slowburn', 'ptsd', 'mature'}"
JRR-TOLKIEN,15219167,"{'action', 'adventure', 'teen and up audiences'}"
JRR-TOLKIEN,12231426,"{'angst with a happy ending', 'timeline what timeline', 'general audiences', 'canon-typical violence', 'alternate universe - canon divergence', 'alternate universe - everyone lives/nobody dies', 'slow build', 'angst'}"
JRR-TOLKIEN,18306401,{'teen and up audiences'}
JRR-TOLKIEN,17051732,"{'action/adventure', 'family drama', 'teen and up audiences', 'angst and hurt/comfort'}"
JRR-TOLKIEN,18063983,{'teen and up audiences'}
JRR-TOLKIEN,730903,"{'teen and up audiences', 'dysfunctional family', 'modern au'}"
JRR-TOLKIEN,17409374,"{'fourth age', 'post-war of the ring', 'teen and up audiences'}"
JRR-TOLKIEN,18302540,"{'parent-child relationship', 'general audiences'}"
JRR-TOLKIEN,18302138,"{'teen and up audiences', 'drabble'}"
JRR-TOLKIEN,16121054,"{'family', 'canonical character death', 'friendship', 'protective thranduil', 'drama', 'general audiences', 'humor', 'canon-typical violence', 'tragedy', 'hurt/comfort', 'father-son relationship', 'grief/mourning', 'angst and feels', 'caring thranduil'}"
JRR-TOLKIEN,14921045,"{'alternate universe - soulmates', 'soulmates', 'alternate universe - everyone lives/nobody dies', 'teen and up audiences', 'female bilbo'}"
JRR-TOLKIEN,16985613,"{'slow burn', 'mutual pining', 'post-lord of the rings', 'healing', 'teen and up audiences'}"
JRR-TOLKIEN,18299744,"{'general audiences', 'humor', 'slavery', 'magic'}"
JRR-TOLKIEN,17548460,"{'mature', 'alternate universe - canon divergence', 'why did i write this?', 'fix-it of sorts', 'the author regrets nothing'}"
JRR-TOLKIEN,18296447,{'general audiences'}
JRR-TOLKIEN,18093116,{'teen and up audiences'}
JRR-TOLKIEN,18295325,"{'brothers', 'first age', 'angst with a happy ending', 'hurt/comfort', 'family issues', 'father-son relationship', 'alternate universe - canon divergence', 'psychological trauma', 'teen and up audiences'}"
JRR-TOLKIEN,17394458,"{'parent-child relationship', 'happy ending', 'misunderstandings', 'dwarf & hobbit cultural differences', 'magic', 'teen and up audiences'}"
JRR-TOLKIEN,17829338,"{'explicit', 'explicit sexual content', 'protective fíli'}"
JRR-TOLKIEN,17954225,"{'falling in love', 'teen and up audiences', 'caring thranduil'}"
JRR-TOLKIEN,18292313,"{'mature', 'slow burn', 'quest of erebor', 'character study'}"
JRR-TOLKIEN,18225785,"{'general audiences', 'family fluff'}"
JRR-TOLKIEN,18291095,{'general audiences'}
JRR-TOLKIEN,18290249,"{'general audiences', 'angst'}"
JRR-TOLKIEN,5491697,"{'action/adventure', 'romantic soulmates', 'past relationship(s)', 'soulmates', 'adventure', 'teen and up audiences'}"
JRR-TOLKIEN,18264392,"{'suicidal thoughts', 'implied/referenced sex', 'teen and up audiences', 'unhealthy coping mechanisms'}"
JRR-TOLKIEN,17009880,"{'love confessions', 'falling in love', 'eventual smut', 'erebor', 'emotional hurt/comfort', 'pov female character', 'mature', 'orcs', 'elves', 'love', 'angst and fluff and smut', 'arranged marriage', 'dwarf courting', 'guilt', 'elf culture & customs', 'dwarf culture & customs', 'rivendell | imladris'}"
JRR-TOLKIEN,18206081,"{'dwarf culture & customs', 'eventual happy ending', 'alternate universe - bilbo remains in erebor', 'general audiences', 'dwarf courting', 'cultural differences', 'jealousy', 'mutual pining', 'alternate universe - everyone lives/nobody dies'}"
JRR-TOLKIEN,17590565,"{'pre-the hobbit', 'thorin is an idiot', 'angst', 'do not separate the heirs of durin', 'kili angst', 'angst muffins', 'teen and up audiences', 'dwarf courting', 'female nori (tolkien)', 'young bilbo baggins', 'love triangle', 'durin family feels', 'dwarven politics', 'dwarves and hobbits have the same lifespan', 'kíli feels', 'fíli angst', 'fíli feels', 'female bilbo baggins', 'durin family', 'female friendship', 'stubborn dwarves'}"
JRR-TOLKIEN,17019603,"{'mutual pining', 'angst', 'do not separate the heirs of durin', 'prophecy', 'mother-daughter relationship', 'teen and up audiences', 'father-daughter relationship', 'female nori (tolkien)', 'some angst', 'love triangle', 'durin family feels', 'fluff', 'dwarves and hobbits have the same lifespan', 'dwalin is a softie', 'female bilbo baggins', 'durin family', 'adoption'}"
JRR-TOLKIEN,18287021,{'general audiences'}
JRR-TOLKIEN,18286805,"{'general audiences', 'hurt/comfort', 'angst'}"
JRR-TOLKIEN,18286970,{'general audiences'}
JRR-TOLKIEN,16999656,{'explicit'}
JRR-TOLKIEN,18285143,"{'established relationship', 'general audiences', 'cousin incest', 'vignette'}"
JRR-TOLKIEN,18284720,{'general audiences'}
JRR-TOLKIEN,18284657,{'general audiences'}
JRR-TOLKIEN,18284459,{'general audiences'}
JRR-TOLKIEN,17497988,"{'explicit', 'coming of age', 'crossover'}"
JRR-TOLKIEN,18284183,{'general audiences'}
JRR-TOLKIEN,18283949,{'general audiences'}
JRR-TOLKIEN,16525664,"{'explicit', 'post-traumatic stress disorder - ptsd', 'mental health issues'}"
JRR-TOLKIEN,18282077,"{'explicit', 'developing relationship', 'idiots in love', 'blow jobs', 'fluff and angst', 'hand jobs'}"
JRR-TOLKIEN,1474009,"{'general audiences', 'death', 'au', 'oc'}"
JRR-TOLKIEN,18281378,"{'pining', 'sexual tension', 'teen and up audiences'}"
JRR-TOLKIEN,18138179,{'general audiences'}
JRR-TOLKIEN,4756100,"{'dwarf culture & customs', 'mature', 'politics', 'alternate universe - bilbo remains in erebor', 'alternate universe - everyone lives/nobody dies', 'pregnancy', 'angst'}"
JRR-TOLKIEN,18273920,"{'alternate universe - modern setting', 'uncle thorin', 'teen and up audiences', 'emotional hurt/comfort'}"
JRR-TOLKIEN,18274730,"{'general audiences', 'crossover', 'fluff'}"
JRR-TOLKIEN,18096632,{'teen and up audiences'}
JRR-TOLKIEN,18267632,"{'angst and fluff and smut', 'mature', 'family bonding', 'drama'}"
JRR-TOLKIEN,15498501,"{'magic', 'fighting', 'not rated'}"
JRR-TOLKIEN,17691647,"{'bamf bilbo baggins', 'dragons', 'thorin is a softie', 'teen and up audiences'}"
JRR-TOLKIEN,18271520,"{'explicit', 'established relationship'}"
JRR-TOLKIEN,18269129,{'teen and up audiences'}
JRR-TOLKIEN,18227960,"{'explicit', 'alpha/beta/omega dynamics', 'violence', 'humor', 'slow burn'}"
JRR-TOLKIEN,650733,"{'blood', 'not rated'}"
JRR-TOLKIEN,6501505,"{'middle earth', 'hurt/comfort', 'one shot', 'feelings', 'drama', 'reader-insert', 'not rated', 'first meetings', 'adventure & romance', 'elves', 'vampires', 'drama & romance', 'eventual romance', 'fluff and angst', 'adventure', 'fluff', 'romance'}"
JRR-TOLKIEN,18208613,"{'pre-the hobbit', 'general audiences', 'slavery'}"
JRR-TOLKIEN,9094474,"{'middle earth', 'slow romance', 'falling in love', 'mutual pining', 'emotional hurt/comfort', 'drama', 'not rated', 'angst', 'pining', 'elves', 'caring thranduil', 'love', 'blood and violence', 'mirkwood', 'dragons', 'fluff and angst', 'adventure', 'canon-typical violence', 'slow burn', 'romance', 'pov thranduil'}"
JRR-TOLKIEN,16156598,"{'family', 'friendship', 'mature', 'revenge', 'depression', 'grief/mourning', 'love'}"
JRR-TOLKIEN,14687946,"{'humor', 'hurt/comfort', 'romance', 'teen and up audiences', 'fluff', 'angst'}"
JRR-TOLKIEN,5091461,{'explicit'}
