fandom,id,tags
Once Upon a Time,15656337,"{'alternate universe - canon divergence', 'teen and up audiences', 'crossover pairings'}"
Once Upon a Time,14466969,{'mature'}
Once Upon a Time,18281975,"{'drama & romance', 'marriage of convenience', 'romantic fluff', 'teen and up audiences', 'emotional hurt/comfort'}"
Once Upon a Time,16398176,{'not rated'}
Once Upon a Time,16653013,"{'royalty', 'sexual content', 'mature', 'dysfunctional family', 'violence'}"
Once Upon a Time,5938420,{'mature'}
Once Upon a Time,13724436,"{'teen and up audiences', 'family'}"
Once Upon a Time,18064331,"{'explicit', 'eventual smut', 'alternate universe'}"
Once Upon a Time,12788631,"{'drabble', 'teen and up audiences', 'canon compliant'}"
Once Upon a Time,18144107,"{'mature', 'alternate universe - non-magical', 'slow burn'}"
Once Upon a Time,18235223,{'not rated'}
Once Upon a Time,16327724,"{'mature', 'fluff', 'angst'}"
Once Upon a Time,13442253,"{'mature', 'hurt/comfort', 'angst'}"
Once Upon a Time,18298250,"{'emma g!p', 'dirty talk', 'consensual sex', 'explicit', 'girl penis emma swan'}"
Once Upon a Time,18399560,"{'general audiences', 'alternate universe - modern setting', 'swan-mills family', 'swan queen - freeform', 'fluff', 'alternate universe - modern: no powers', 'angst'}"
Once Upon a Time,9553631,{'mature'}
Once Upon a Time,18060881,"{'slowburn', 'romance', 'teen and up audiences', 'swanqueen - freeform', 'angst'}"
Once Upon a Time,18432224,{'teen and up audiences'}
Once Upon a Time,18624769,"{'threesome - f/f/f', 'girl penis evil queen | regina mills', 'bdsm', 'spanking', 'explicit', 'girl penis'}"
Once Upon a Time,18146759,{'teen and up audiences'}
Once Upon a Time,10609272,"{'mature', 'alternate universe - canon divergence'}"
Once Upon a Time,18365900,{'explicit'}
Once Upon a Time,17813561,"{'minor character death', 'alternate universe', 'werewolves', 'vampires', 'swanqueen - freeform', 'explicit', 'au', 'explicit sexual content'}"
Once Upon a Time,18623011,{'general audiences'}
Once Upon a Time,18622618,{'not rated'}
Once Upon a Time,710686,"{'mature', 'pregnancy', 'femslash'}"
Once Upon a Time,4637580,{'explicit'}
Once Upon a Time,17821445,"{'minor character death', 'alternate universe - modern setting', 'angst and feels', 'fluff and angst', 'family drama', 'emotional hurt/comfort', 'spanking', 'teen and up audiences'}"
Once Upon a Time,13850445,"{'smut', 'fluff', 'explicit'}"
Once Upon a Time,18569308,"{'murder', 'mature', 'werewolves', 'violence', 'past relationship(s)', 'vampires', 'unplanned pregnancy', 'slow burn', 'alternate universe - creatures & monsters', 'misunderstandings'}"
Once Upon a Time,18615301,"{'explicit language', 'murder', 'anal sex', 'torture', 'violence', 'explicit', 'blood and gore', 'explicit sexual content'}"
Once Upon a Time,18199358,"{'redemption', 'angst with a happy ending', 'mature', 'character death', 'marriage', 'violence', 'true love', 'torture', 'sex', 'romance', 'jealousy', 'hurt'}"
Once Upon a Time,17801099,{'explicit'}
Once Upon a Time,16438700,"{'g!p', 'explicit language', 'idiots in love', 'happy ending', 'explicit', 'shameless smut', 'girl penis emma swan', 'magic cock'}"
Once Upon a Time,14850428,"{'sex', 'mature', 'magic', 'dark past', 'torture', 'violence', 'blood and gore'}"
Once Upon a Time,18538261,"{'jealousy', 'mature', 'teacher-student relationship'}"
Once Upon a Time,15317583,"{'eventual smut', 'smut', 'mature', 'eventual romance', 'violence', 'slow burn'}"
Once Upon a Time,12990108,"{'mature', 'mutual pining', 'au'}"
Once Upon a Time,17899490,"{'general audiences', 'alternate universe - canon divergence'}"
Once Upon a Time,18090326,"{'minor character death', 'mature', 'falling in love', 'fluff and angst', 'implied/referenced child abuse', 'post-traumatic stress disorder - ptsd'}"
Once Upon a Time,17648099,"{'alternate universe - modern: no powers', 'teen and up audiences'}"
Once Upon a Time,18610387,"{'general audiences', 'alternate universe - modern setting'}"
Once Upon a Time,18432266,"{'friends to lovers', 'mature', 'swan queen - freeform', 'alternate universe - modern: no powers', 'violence'}"
Once Upon a Time,16540217,"{'smut', 'mature', 'alternate universe - modern setting', 'prompts', 'alternate universe - canon divergence', 'fluff', 'canon compliant', 'angst'}"
Once Upon a Time,16340585,{'mature'}
Once Upon a Time,18085613,"{'explicit', 'swan queen - freeform'}"
Once Upon a Time,17871023,{'teen and up audiences'}
Once Upon a Time,18041336,"{'eventual smut', 'alternate universe', 'mature', 'fluff', 'idiots in love', 'slow burn'}"
Once Upon a Time,16939353,"{'friends to lovers', 'mature', 'alternate universe - modern setting'}"
Once Upon a Time,18240620,"{'mature', 'alternate universe - modern setting'}"
Once Upon a Time,18608017,"{'friends to lovers', 'alternate universe - modern setting', 'teen and up audiences'}"
Once Upon a Time,18340880,"{'alternate universe - modern setting', 'not rated'}"
Once Upon a Time,16080191,{'explicit'}
Once Upon a Time,15150017,{'teen and up audiences'}
Once Upon a Time,18435512,"{'alternate universe', 'teen and up audiences'}"
Once Upon a Time,18592693,"{'general audiences', 'drabble', 'fluff', 'one shot collection'}"
Once Upon a Time,16912167,"{'redemption', 'angst with a happy ending', 'true love', 'alternate universe - canon divergence', 'romance', 'teen and up audiences', 'slow romance'}"
Once Upon a Time,18603682,"{'teen and up audiences', 'slow burn', 'angst'}"
Once Upon a Time,17305001,"{'masturbation', 'anal sex', 'cunnilingus', 'explicit', 'first time', 'spanking', 'dubious consent', 'first time blow jobs'}"
Once Upon a Time,18499720,"{'crossover', 'romance', 'teen and up audiences', 'angst', 'hurt/comfort'}"
Once Upon a Time,16264751,"{'alternate universe', 'crossover', 'mature', 'threesome - f/f/f', 'slow build evil queen | regina mills/emma swan', 'polyamory', 'storybrooke'}"
Once Upon a Time,17235797,"{'crossover', 'established relationship', 'teen and up audiences'}"
Once Upon a Time,12814962,"{'drama & romance', 'alternate universe', 'family', 'mature', 'falling in love', 'true love', 'romance', 'pregnancy'}"
Once Upon a Time,16933431,{'mature'}
Once Upon a Time,18603199,{'teen and up audiences'}
Once Upon a Time,17376749,"{'mature', 'torture', 'whump'}"
Once Upon a Time,17880608,"{'alternate universe - canon divergence', 'teen and up audiences', 'angst', 'hurt/comfort'}"
Once Upon a Time,18513751,"{'established relationship', 'mature', 'threesome - f/f/m', 'alternate universe - canon divergence', 'past relationship(s)', 'bdsm', 'emotional hurt/comfort'}"
Once Upon a Time,17004282,{'teen and up audiences'}
Once Upon a Time,18526390,"{'alternate universe - royalty', 'modern royalty', 'royalty', 'smut', 'alternate universe - modern setting', 'fluff', 'romance', 'explicit'}"
Once Upon a Time,13182915,"{'time travel', 'teen and up audiences', 'angst'}"
Once Upon a Time,16896885,"{'secrets', 'enemies to friends to lovers', 'alternate universe - actors', 'fluff and angst', 'sharing a bed', 'secret relationship', 'fluff and smut', 'not rated'}"
Once Upon a Time,18419327,{'teen and up audiences'}
Once Upon a Time,18078815,"{'angst with a happy ending', 'alternate universe', 'angst and hurt/comfort', 'mature', 'emotional hurt/comfort', 'slow burn'}"
Once Upon a Time,11785617,{'general audiences'}
Once Upon a Time,18595864,{'not rated'}
Once Upon a Time,18559927,"{'boss/employee relationship', 'rumbelle - freeform', 'explicit', 'a monthly rumbelling'}"
Once Upon a Time,18580810,"{'hurt/comfort', 'mature', 'fluff', 'emotional hurt/comfort', 'angst'}"
Once Upon a Time,13918488,"{'alternate universe', 'alternate universe - college/university', 'alternate universe - modern setting', 'explicit', 'teacher-student relationship'}"
Once Upon a Time,17973767,"{'anal sex', 'explicit', 'smut', 'fluff', 'angst', 'girl penis emma swan', 'unplanned pregnancy', 'first time blow jobs', 'oral sex', 'idiots in love', 'anal play'}"
Once Upon a Time,18318587,{'mature'}
Once Upon a Time,15836247,{'not rated'}
Once Upon a Time,17367131,"{'mature', 'character death', 'magic', 'rough sex', 'angst', 'explicit sexual content', 'cheating', 'kidnapping', 'dubious consent', 'magic cock'}"
Once Upon a Time,18375056,"{'eventual smut', 'slow burn', 'teen and up audiences'}"
Once Upon a Time,11641284,"{'snowing - freeform', 'swanfire - freeform', 'true love', 'teen and up audiences', 'rumbelle - freeform'}"
Once Upon a Time,4972804,{'general audiences'}
Once Upon a Time,17778497,"{'mature', 'angst with a happy ending'}"
Once Upon a Time,15698490,"{'angst and hurt/comfort', 'supernatural elements', 'violence', 'explicit'}"
Once Upon a Time,18419990,"{'friends to lovers', 'teen and up audiences'}"
Once Upon a Time,17655170,"{'fake/pretend relationship', 'mature', 'captain swan - freeform', 'survival'}"
Once Upon a Time,17489126,"{'murder', 'crossovers & fandom fusions', 'violence', 'hurt', 'teen and up audiences'}"
Once Upon a Time,17670698,{'teen and up audiences'}
Once Upon a Time,17875955,"{'swan-mills family', 'fluff', 'romance', 'family fluff', 'teen and up audiences', 'implied/referenced child abuse', 'angst', 'fluff and angst'}"
Once Upon a Time,7337806,{'teen and up audiences'}
Once Upon a Time,15454500,{'mature'}
Once Upon a Time,2645252,"{'mature', 'slow burn', 'alternate universe'}"
Once Upon a Time,17301959,"{'age regression/de-aging', 'the enchanted forest', 'drama & romance', 'mature', 'crossovers & fandom fusions', 'dysfunctional family', 'family drama', 'modern royalty', 'revenge', 'friendship/love'}"
Once Upon a Time,18586984,{'general audiences'}
Once Upon a Time,15581433,"{'explicit', 'hurt/comfort', 'friends to lovers', 'smut', 'mutual pining', 'angst', 'blow jobs', 'fingerfucking', 'slow burn', 'eventual smut', 'alternate universe', 'oral sex', 'dream sex', 'misunderstandings'}"
Once Upon a Time,18099896,"{'explicit language', 'swanqueen fanfiction facebook group', 'angst', 'mature', 'alternate universe - modern setting', 'romance', 'swanqueen - freeform', 'slow burn'}"
Once Upon a Time,16803850,"{'mature', 'whump'}"
Once Upon a Time,18129014,"{'love', 'oral sex', 'mature', 'marriage', 'cunnilingus', 'baby henry mills (once upon a time)'}"
Once Upon a Time,12918387,"{'romance', 'not rated'}"
Once Upon a Time,12971880,{'teen and up audiences'}
Once Upon a Time,18584347,{'not rated'}
Once Upon a Time,16088846,"{'fluff and humor', 'humor', 'teen and up audiences', 'fluff'}"
Once Upon a Time,17691848,"{'slow burn', 'fake/pretend relationship', 'mature', 'alternate universe - modern setting', 'angst and feels', 'sharing a bed'}"
Once Upon a Time,17774942,"{'alternate universe', 'enemies to friends to lovers', 'mature', 'alternate universe - canon divergence', 'fluff and angst'}"
Once Upon a Time,16318397,"{'mature', 'threesome - f/f/m', 'polyamory'}"
Once Upon a Time,12065022,"{'explicit', 'hurt/comfort', 'alpha/omega', 'rough sex', 'vaginal fingering', 'romance', 'alpha/beta/omega dynamics', 'vaginal sex', 'oral sex', 'omega verse'}"
Once Upon a Time,18553759,{'not rated'}
Once Upon a Time,17680577,"{'romance', 'teen and up audiences', 'humor'}"
Once Upon a Time,18583114,"{'pwp', 'smut', 'explicit', 'a monthly rumbelling', 'au'}"
Once Upon a Time,18260069,{'mature'}
Once Upon a Time,18417029,"{'sexual abuse', 'self-harm', 'swanqueen - freeform', 'marriage', 'explicit'}"
Once Upon a Time,18154376,{'general audiences'}
Once Upon a Time,507438,{'teen and up audiences'}
Once Upon a Time,16623644,"{'teen and up audiences', 'unrequited love'}"
Once Upon a Time,18580735,{'general audiences'}
Once Upon a Time,18579499,{'not rated'}
Once Upon a Time,14734325,{'teen and up audiences'}
Once Upon a Time,13587405,"{'g!p', 'original character(s)', 'mother-daughter relationship', 'explicit', 'fluff and smut', 'smut', 'fluff and angst', 'family drama', 'established evil queen | regina mills/emma swan', 'girl penis', 'slow burn', 'family', 'alternate universe - non-magical', 'family fluff', 'slow romance', 'girl penis evil queen | regina mills'}"
Once Upon a Time,17956337,{'mature'}
Once Upon a Time,11197698,{'teen and up audiences'}
Once Upon a Time,10346475,{'mature'}
Once Upon a Time,18524200,{'teen and up audiences'}
Once Upon a Time,18101162,{'general audiences'}
Once Upon a Time,18408332,"{'teen and up audiences', 'secret relationship'}"
Once Upon a Time,11090709,{'teen and up audiences'}
Once Upon a Time,17140595,"{'general audiences', 'princess emma swan'}"
Once Upon a Time,17500907,{'not rated'}
Once Upon a Time,18190769,{'teen and up audiences'}
Once Upon a Time,15650886,{'mature'}
Once Upon a Time,17784326,"{'angst with a happy ending', 'mature', 'alternate universe - modern setting', 'angst'}"
Once Upon a Time,18451367,"{'general audiences', 'captain cobra - freeform', 'romance', 'friendship'}"
Once Upon a Time,18572065,"{'general audiences', 'emotional hurt/comfort'}"
Once Upon a Time,18566389,{'mature'}
Once Upon a Time,17995685,"{'alternate universe - creatures & monsters', 'explicit'}"
Once Upon a Time,18570217,{'general audiences'}
Once Upon a Time,18227114,"{'mature', 'romance', 'swanqueen - freeform', 'dom/sub undertones', 'emotional hurt/comfort'}"
Once Upon a Time,18316640,"{'teen and up audiences', 'angst', 'slow burn'}"
Once Upon a Time,1934067,"{'mature', 'alternate universe'}"
Once Upon a Time,15229326,"{'mature', 'alternate universe - modern setting', 'captain cobra - freeform'}"
Once Upon a Time,18464719,"{'mature', 'alternate universe - modern setting', 'slow burn'}"
Once Upon a Time,18514060,"{'hurt/comfort', 'torture', 'whump', 'explicit', 'kidnapping'}"
Once Upon a Time,18247388,"{'fingerfucking', 'alternate universe', 'smut', 'blow jobs', 'explicit'}"
Once Upon a Time,18564133,"{'general audiences', 'a monthly rumbelling', 'fluff'}"
Once Upon a Time,16021517,"{'alternate universe', 'smut', 'family', 'fluff and angst', 'explicit'}"
Once Upon a Time,13538184,"{'alternate universe - royalty', 'modern royalty', 'royalty', 'alternate universe - actors', 'explicit'}"
Once Upon a Time,18563638,"{'redemption', 'alternate universe', 'family', 'falling in love', 'teen and up audiences', 'unplanned pregnancy'}"
Once Upon a Time,18225023,"{'fake/pretend relationship', 'boss/employee relationship', 'eventual romance', 'mature', 'enemies to friends to lovers', 'enemies to friends', 'enemies to lovers'}"
Once Upon a Time,13155600,"{'alternate universe - royalty', 'teen and up audiences', 'character death', 'angst', 'violence', 'hurt/comfort'}"
Once Upon a Time,10917816,{'mature'}
Once Upon a Time,17670548,"{'mature', 'swanqueen - freeform', 'smut'}"
Once Upon a Time,16036958,"{'ouat - freeform', 'mature', 'swanqueen - freeform'}"
Once Upon a Time,18162314,{'teen and up audiences'}
Once Upon a Time,18559609,"{'domestic fluff', 'fluff', 'teen and up audiences', 'easter'}"
Once Upon a Time,10805487,"{'slow burn', 'explicit'}"
Once Upon a Time,18559306,"{'vaginal fingering', 'girl penis evil queen | regina mills', 'public sex', 'light bdsm', 'explicit', 'girl penis'}"
Once Upon a Time,17126915,{'explicit'}
Once Upon a Time,18312446,"{'time travel', 'swan-mills family', 'fluff and angst', 'teen and up audiences', 'hurt/comfort'}"
Once Upon a Time,2907674,"{'alternate universe', 'romance', 'teen and up audiences'}"
Once Upon a Time,16715753,"{'friends to lovers', 'mature', 'alternate universe - canon divergence'}"
Once Upon a Time,17915873,{'teen and up audiences'}
Once Upon a Time,18556396,"{'smut', 'mature', 'fluff', 'humor'}"
Once Upon a Time,18196061,"{'angst with a happy ending', 'eventual romance', 'dark past', 'alternate universe - canon divergence', 'revenge', 'teen and up audiences', 'slow burn'}"
Once Upon a Time,6016174,"{'outlaw queen - freeform', 'snowing - freeform', 'captain swan - freeform', 'teen and up audiences', 'rumbelle - freeform'}"
Once Upon a Time,17557553,"{'drama & romance', 'fluff', 'romance', 'teen and up audiences', 'humor', 'light angst'}"
Once Upon a Time,18552313,"{'established relationship', 'swan-mills family', 'fluff', 'easter', 'not rated'}"
Once Upon a Time,15177647,"{'general audiences', 'friendship'}"
Once Upon a Time,1645295,"{'swan queen - freeform', 'not rated'}"
Once Upon a Time,18147224,"{'alternate universe', 'mature'}"
Once Upon a Time,16880658,"{'explicit', 'prompt fic'}"
Once Upon a Time,18550738,{'teen and up audiences'}
Once Upon a Time,17446598,"{'alternate universe - modern setting', 'mother-daughter relationship', 'teen and up audiences', 'slow burn'}"
Once Upon a Time,16010432,"{'age play', 'explicit', 'fluff and smut', 'explicit language', 'love', 'smut', 'fluff', 'fluff and angst', 'explicit sexual content', 'non-sexual age play', 'slow burn', 'eventual smut', 'orgasm delay/denial', 'slow romance', 'post-traumatic stress disorder - ptsd'}"
Once Upon a Time,13423809,{'teen and up audiences'}
Once Upon a Time,14865153,{'teen and up audiences'}
Once Upon a Time,16495472,"{'masturbation', 'mature', 'fluff and smut', 'smut', 'magic', 'fluff', 'rough sex', 'alternate universe'}"
Once Upon a Time,15325227,{'mature'}
Once Upon a Time,18545437,"{'pwp', 'dirty talk', 'anal sex', 'incest', 'rough sex', 'explicit', 'spanking', 'girl penis emma swan'}"
Once Upon a Time,17391773,"{'alternate universe', 'enemies to friends to lovers', 'mature', 'au'}"
Once Upon a Time,16922550,"{'explicit language', 'swen - freeform', 'shameless smut', 'smut', 'mature', 'threesome - f/f/f', 'polyamory', 'swanqueen - freeform', 'fluff and smut', 'light angst'}"
Once Upon a Time,17801033,"{'marriage of convenience', 'angst with a happy ending', 'enemies to friends to lovers', 'mature', 'alternate universe - modern setting', 'enemies to friends', 'angst', 'slow burn'}"
Once Upon a Time,14283732,{'not rated'}
Once Upon a Time,18542551,"{'g!p', 'girl penis evil queen | regina mills', 'explicit', 'girl penis', 'au'}"
Once Upon a Time,15916158,"{'explicit', 'implied/referenced rape/non-con', 'rape/non-con elements'}"
Once Upon a Time,18539314,"{'easter', 'teen and up audiences'}"
Once Upon a Time,14674257,"{'mature', 'alternate universe - college/university'}"
Once Upon a Time,17171804,"{'fake/pretend relationship', 'alternate universe - modern setting', 'teen and up audiences', 'mutual pining', 'sharing a bed', 'enemies to lovers'}"
Once Upon a Time,14637369,"{'mature', 'magic cock'}"
Once Upon a Time,13442370,"{'mature', 'angst and hurt/comfort'}"
Once Upon a Time,13385136,"{'love', 'romance', 'explicit', 'slow burn'}"
Once Upon a Time,15483030,"{'vaginal sex', 'anal sex', 'spanking', 'polyamory', 'anal play', 'light bdsm', 'explicit', 'vaginal fingering'}"
Once Upon a Time,18172616,"{'teen and up audiences', 'alternate universe'}"
Once Upon a Time,13432953,"{'smut', 'mature', 'torture', 'character death', 'explicit sexual content', 'bdsm'}"
Once Upon a Time,18076115,"{'swanfire - freeform', 'family', 'ouat - freeform', 'romance', 'teen and up audiences', 'rumbelle - freeform'}"
Once Upon a Time,18102080,"{'teacher-student relationship', 'anal sex', 'girl penis evil queen | regina mills', 'light bdsm', 'underage sex', 'explicit', 'girl penis', 'plot what plot/porn without plot'}"
Once Upon a Time,18349814,"{'slowburn', 'boss/employee relationship', 'smut', 'mature', 'fluff', 'fluff and angst', 'angst', 'hurt/comfort'}"
Once Upon a Time,11268021,"{'general audiences', 'prompts', 'drabble', 'fluff and angst'}"
Once Upon a Time,14312040,"{'love', 'family', 'general audiences', 'captain cobra - freeform'}"
Once Upon a Time,17762477,{'not rated'}
Once Upon a Time,15751746,"{'sex', 'anal sex', 'explicit'}"
Once Upon a Time,18239396,{'explicit'}
Once Upon a Time,18525079,{'mature'}
Once Upon a Time,15255270,{'explicit'}
Once Upon a Time,18523498,{'general audiences'}
Once Upon a Time,18522559,{'general audiences'}
Once Upon a Time,18522502,{'teen and up audiences'}
Once Upon a Time,13819137,"{'slow burn', 'general audiences', 'supernatural elements'}"
Once Upon a Time,17922296,{'explicit'}
Once Upon a Time,16355408,{'general audiences'}
Once Upon a Time,18390437,{'teen and up audiences'}
Once Upon a Time,18453677,"{'swanqueen fanfiction facebook group', 'swan-mills family', 'femslash', 'fluff', 'fluff and angst', 'teen and up audiences', 'swanqueen - freeform', 'light angst'}"
Once Upon a Time,18515623,{'general audiences'}
Once Upon a Time,15271458,{'mature'}
Once Upon a Time,10164257,"{'swen - freeform', 'slowburn', 'alternate universe - no curse', 'mature', 'alternate universe - modern setting', 'swanqueen - freeform'}"
Once Upon a Time,15180536,"{'mature', 'alternate universe - modern setting'}"
Once Upon a Time,17988272,"{'smut', 'dom/sub undertones', 'explicit', 'shameless smut', 'spanking', 'light bondage'}"
Once Upon a Time,18513820,"{'smut', 'mature', 'prompts'}"
Once Upon a Time,18493696,"{'general audiences', 'alternate universe - modern setting', 'falling in love', 'angst and feels', 'happy ending', 'humor', 'slow burn'}"
Once Upon a Time,14932460,"{'friends to lovers', 'alternate universe - no curse', 'family', 'mature', 'fluff', 'romance', 'drama', 'slow burn', 'baby henry mills (once upon a time)'}"
Once Upon a Time,929185,"{'mature', 'swan-mills family', 'femslash', 'angst', 'hurt/comfort'}"
Once Upon a Time,18511651,"{'mature', 'angst'}"
Once Upon a Time,10684251,"{'alternate universe - no curse', 'teen and up audiences'}"
Once Upon a Time,15736998,{'general audiences'}
Once Upon a Time,17399141,"{'g!p', 'mature', 'girl penis evil queen | regina mills', 'girl penis'}"
Once Upon a Time,18510985,{'teen and up audiences'}
Once Upon a Time,18178886,"{'general audiences', 'romance', 'angst'}"
Once Upon a Time,736029,"{'mature', 'explicit language', 'humor', 'swan queen - freeform', 'romance', 'sexual tension'}"
Once Upon a Time,16437275,{'mature'}
Once Upon a Time,16966122,"{'angst with a happy ending', 'not rated'}"
Once Upon a Time,7725289,"{'fluff and angst', 'slow burn', 'romance', 'not rated'}"
Once Upon a Time,18080582,{'mature'}
Once Upon a Time,18508807,"{'swanqueen fanfiction facebook group', 'mature', 'prompt fic'}"
Once Upon a Time,18505414,"{'general audiences', 'alternate universe - modern setting', 'fluff'}"
Once Upon a Time,10059788,"{'mature', 'self-harm', 'swanqueen - freeform'}"
Once Upon a Time,18147212,"{'alternate universe - canon divergence', 'camelot', 'humor', 'fluff and angst', 'teen and up audiences'}"
Once Upon a Time,18488563,"{'g!p', 'eventual smut', 'mature', 'romance', 'friendship'}"
Once Upon a Time,15013514,"{'angst with a happy ending', 'werewolves', 'explicit', 'blood and gore'}"
Once Upon a Time,18507310,"{'fluff', 'teen and up audiences', 'humor'}"
Once Upon a Time,17241425,"{'dom/sub undertones', 'explicit', 'vaginal fingering', 'dirty talk', 'light bondage', 'a monthly rumbelling', 'anal play'}"
Once Upon a Time,14091324,{'mature'}
Once Upon a Time,18502474,"{'established evil queen | regina mills/emma swan', 'teen and up audiences', 'alternate universe - canon divergence'}"
Once Upon a Time,18502354,"{'smut', 'oral sex', 'mature', 'plot what plot/porn without plot', 'swan queen - freeform', 'established evil queen | regina mills/emma swan', 'girl penis emma swan'}"
Once Upon a Time,8868001,"{'outlaw queen - freeform', 'slow burn', 'not rated'}"
Once Upon a Time,13426611,"{'boss/employee relationship', 'mature', 'emma g!p', 'dirty talk', 'plot what plot/porn without plot', 'consensual sex', 'public sex', 'girl penis emma swan'}"
Once Upon a Time,18497305,"{'comfort', 'general audiences', 'magic', 'romantic fluff', 'friendship', 'family fluff'}"
Once Upon a Time,18281408,"{'princess emma swan', 'royalty', 'alternate universe', 'teen and up audiences'}"
Once Upon a Time,17667680,"{'original character(s)', 'mature', 'swanqueen - freeform', 'smut', 'girl penis emma swan', 'swan queen - freeform', 'au', 'alternate universe', 'sexual tension', 'sexual content', 'alternate universe - non-magical'}"
Once Upon a Time,11547570,"{'mature', 'slow burn'}"
Once Upon a Time,18493360,"{'established relationship', 'domestic fluff', 'fluff and angst', 'teen and up audiences'}"
Once Upon a Time,18493084,"{'alternate universe - canon divergence', 'domestic fluff', 'teen and up audiences'}"
Once Upon a Time,17989076,"{'alternate universe - canon divergence', 'teen and up audiences', 'angst'}"
Once Upon a Time,17685647,{'general audiences'}
Once Upon a Time,16503092,"{'mature', 'werewolves', 'vampires', 'romance', 'slow burn'}"
Once Upon a Time,18490198,{'teen and up audiences'}
Once Upon a Time,18475375,"{'alternate universe - canon divergence', 'teen and up audiences', 'emotional hurt/comfort'}"
Once Upon a Time,15934607,{'general audiences'}
Once Upon a Time,17896571,"{'explicit', 'alternate universe - modern setting', 'fluff', 'angst'}"
Once Upon a Time,14857127,"{'time travel', 'teen and up audiences'}"
Once Upon a Time,16344743,"{'the enchanted forest', 'mother-daughter relationship', 'character death', 'magic', 'past relationship(s)', 'falling in love', 'true love', 'angst', 'storybrooke', 'general audiences', 'dark past', 'love confessions', 'family', 'friendship/love', 'friendship', 'survival'}"
Once Upon a Time,17288396,"{'alternate universe', 'general audiences', 'romantic fluff', 'fluff', 'fluff and angst'}"
Once Upon a Time,18408365,"{'mature', 'alternate universe - canon divergence'}"
Once Upon a Time,17764388,"{'general audiences', 'swanfire - freeform'}"
Once Upon a Time,14267499,"{'slow burn', 'not rated'}"
Once Upon a Time,11675496,{'mature'}
Once Upon a Time,18456242,{'teen and up audiences'}
Once Upon a Time,15207122,"{'snowing - freeform', 'teen and up audiences', 'au'}"
Once Upon a Time,17844905,"{'explicit', 'swan queen - freeform'}"
Once Upon a Time,18481969,"{'mature', 'angst'}"
Once Upon a Time,18306692,"{'alternate universe', 'emma swan - freeform', 'teen and up audiences', 'au'}"
Once Upon a Time,18478417,{'teen and up audiences'}
Once Upon a Time,16687807,{'general audiences'}
Once Upon a Time,16381730,{'not rated'}
Once Upon a Time,18238307,"{'jealousy', 'captain swan - freeform', 'teen and up audiences'}"
Once Upon a Time,18477061,{'teen and up audiences'}
Once Upon a Time,17930237,"{'eventual smut', 'mature', 'vampires', 'survival'}"
Once Upon a Time,17591615,"{'mature', 'alternate universe - canon divergence', 'eventual happy ending', 'torture', 'angst', 'slow burn', 'hurt/comfort'}"
Once Upon a Time,18476392,"{'general audiences', 'rumbelle - freeform', 'a monthly rumbelling'}"
Once Upon a Time,16793470,"{'slow burn', 'alternate universe - college/university', 'general audiences', 'vampires', 'girl penis emma swan'}"
Once Upon a Time,16344293,"{'alternate universe - canon divergence', 'revenge', 'friendship', 'teen and up audiences', 'angst'}"
Once Upon a Time,18011771,"{'friends to lovers', 'smut', 'unplanned pregnancy', 'pregnancy', 'dream sex', 'fluff and angst', 'explicit', 'fluff and smut', 'magic cock'}"
Once Upon a Time,18474802,"{'general audiences', 'domestic fluff', 'fluff and humor'}"
Once Upon a Time,14518884,"{'cunnilingus', 'explicit', 'smut', 'falling in love', 'angst', 'dirty talk', 'unplanned pregnancy', 'eventual romance'}"
Once Upon a Time,14752530,"{'magic', 'fluff and humor', 'fluff', 'slow burn', 'hope', 'slow build evil queen | regina mills/emma swan', 'mature', 'swanqueen - freeform', 'alternate universe', 'jealousy', 'alternate universe - creatures & monsters'}"
Once Upon a Time,17950925,"{'drama & romance', 'angst with a happy ending', 'mature', 'angst and hurt/comfort', 'established relationship', 'fluff', 'fluff and angst', 'angst', 'cheating', 'drama', 'romantic fluff', 'secret relationship'}"
Once Upon a Time,1118054,"{'crossover', 'teen and up audiences', 'crossover pairings'}"
Once Upon a Time,15167075,"{'dom/sub undertones', 'explicit', 'emotional hurt/comfort', 'hurt/comfort'}"
Once Upon a Time,18472381,{'general audiences'}
Once Upon a Time,5943865,"{'ouat - freeform', 'captain swan - freeform', 'teen and up audiences', 'storybrooke'}"
Once Upon a Time,18471286,"{'murder', 'the enchanted forest', 'mother-daughter relationship', 'character death', 'explicit', 'implied/referenced rape/non-con', 'pregnancy', 'unplanned pregnancy', 'girl penis', 'kidnapping', 'alternate universe', 'implied/referenced child abuse'}"
Once Upon a Time,18469591,"{'teen and up audiences', 'au'}"
Once Upon a Time,16754221,"{'sex', 'incest', 'explicit'}"
Once Upon a Time,18147935,"{'angst with a happy ending', 'boss/employee relationship', 'alternate universe - modern setting', 'bdsm', 'explicit'}"
Once Upon a Time,18467980,"{'alternate universe - canon divergence', 'teen and up audiences'}"
Once Upon a Time,18204242,"{'general audiences', 'au', 'alternate universe'}"
Once Upon a Time,13872981,"{'g!p', 'explicit', 'friends to lovers', 'smut', 'consensual sex', 'rough sex', 'angst', 'vaginal fingering', 'girl penis emma swan', 'explicit sexual content', 'emma swan - freeform', 'dirty talk', 'romance', 'blow jobs', 'vaginal sex', 'orgasm delay/denial'}"
Once Upon a Time,16144628,"{'fluff', 'teen and up audiences', 'angst', 'emotional hurt/comfort'}"
Once Upon a Time,17596316,"{'general audiences', 'alternate universe - canon divergence'}"
Once Upon a Time,18464197,"{'blow jobs', 'underage sex', 'explicit', 'girl penis'}"
Once Upon a Time,18463864,"{'pwp', 'sexual content', 'oneshot', 'not rated'}"
Once Upon a Time,5204432,{'mature'}
Once Upon a Time,14999135,"{'unrequited love', 'general audiences', 'friendship/love', 'fluff and angst', 'slow burn'}"
Once Upon a Time,18463235,{'general audiences'}
Once Upon a Time,17670419,"{'smut', 'mature', 'alternate universe - canon divergence', 'captain cobra - freeform', 'dream sex', 'angst'}"
Once Upon a Time,18459062,"{'hope', 'swen - freeform', 'love', 'original character(s)', 'pregnancy', 'teen and up audiences', 'swanqueen - freeform'}"
Once Upon a Time,18459062,"{'hope', 'swen - freeform', 'love', 'original character(s)', 'pregnancy', 'teen and up audiences', 'swanqueen - freeform'}"
Once Upon a Time,17801129,"{'alternate universe - canon divergence', 'dysfunctional family', 'one shot collection', 'teen and up audiences', 'unplanned pregnancy'}"
Once Upon a Time,12120669,"{'explicit', 'alternate universe - modern setting'}"
Once Upon a Time,6149218,{'teen and up audiences'}
Once Upon a Time,13819335,{'general audiences'}
Once Upon a Time,18458924,{'mature'}
Once Upon a Time,14587965,"{'sex', 'marriage of convenience', 'smut', 'rumbelle - freeform', 'explicit', 'au', 'explicit sexual content'}"
Once Upon a Time,13197714,{'mature'}
Once Upon a Time,15221900,"{'love confessions', 'friends to lovers', 'angst', 'smut', 'jealousy', 'mature', 'emma g!p', 'fluff and angst', 'romance', 'slow romance', 'emotional hurt/comfort', 'girl penis', 'slow burn', 'explicit sexual content'}"
Once Upon a Time,18320180,{'mature'}
Once Upon a Time,18454796,{'general audiences'}
Once Upon a Time,14401323,"{'fake/pretend relationship', 'family', 'friendship', 'teen and up audiences'}"
Once Upon a Time,17540309,{'mature'}
Once Upon a Time,18452603,"{'love confessions', 'unrequited love', 'mature', 'angst and feels', 'angst'}"
Once Upon a Time,17716109,"{'general audiences', 'fluff'}"
Once Upon a Time,17408279,"{'enemies to lovers', 'angst and hurt/comfort', 'enemies to friends to lovers', 'mature', 'enemies to friends', 'angst', 'post-traumatic stress disorder - ptsd', 'hurt/comfort'}"
Once Upon a Time,16883538,"{'swan queen - freeform', 'teen and up audiences'}"
Once Upon a Time,18450383,{'teen and up audiences'}
Once Upon a Time,17993585,"{'royalty', 'captain swan - freeform', 'explicit'}"
Once Upon a Time,18449621,"{'general audiences', 'oneshot', 'drama'}"
Once Upon a Time,18449519,"{'eventual smut', 'explicit language', 'mature', 'magic', 'alternate universe - canon divergence', 'eventual happy ending', 'fluff and angst', 'angst', 'storybrooke', 'slow burn'}"
Once Upon a Time,18444842,{'general audiences'}
Once Upon a Time,14262255,{'general audiences'}
Once Upon a Time,18444725,{'teen and up audiences'}
Once Upon a Time,15218828,"{'murder', 'alternate universe - modern setting', 'explicit'}"
Once Upon a Time,15528783,"{'hurt', 'angst', 'explicit'}"
Once Upon a Time,12323463,"{'unrequited love', 'true love', 'teen and up audiences'}"
Once Upon a Time,15911481,"{'princess emma swan', 'mature', 'au'}"
Once Upon a Time,13997193,"{'alternate universe - canon divergence', 'incest', 'explicit', 'blood and gore'}"
Once Upon a Time,18441437,"{'oral sex', 'first time', 'explicit', 'shameless smut', 'vaginal fingering'}"
Once Upon a Time,15717390,"{'alternate universe - royalty', 'smut', 'mature', 'alternate universe - modern setting', 'fluff', 'secret relationship', 'angst'}"
Once Upon a Time,5158313,{'explicit'}
Once Upon a Time,15883089,"{'eventual smut', 'friends to lovers', 'smut', 'mature', 'alternate universe - modern setting', 'mutual pining', 'angst', 'slow burn'}"
Once Upon a Time,15220511,"{'alternate universe', 'mature', 'camelot'}"
Once Upon a Time,18287141,"{'sex', 'love', 'crossover', 'oral sex', 'alternate universe - non-magical', 'violence', 'explicit'}"
Once Upon a Time,4082464,"{'teen and up audiences', 'romantic fluff'}"
Once Upon a Time,18326252,"{'alternate universe', 'bdsm', 'explicit'}"
Once Upon a Time,17778362,"{'mature', 'alternate universe - college/university'}"
Once Upon a Time,12647979,"{'emma swan - freeform', 'ouat - freeform', 'mature', 'swanqueen - freeform'}"
Once Upon a Time,18438107,"{'general audiences', 'prompt fic', 'fluff', 'oneshot'}"
Once Upon a Time,15902127,"{'swan queen - freeform', 'not rated'}"
Once Upon a Time,17596883,{'mature'}
Once Upon a Time,18430172,"{'age regression/de-aging', 'age play', 'swanqueen - freeform', 'fluff', 'general audiences', 'non-sexual age play', 'comfort'}"
Once Upon a Time,14924207,"{'age regression/de-aging', 'age play', 'swanqueen - freeform', 'hurt/comfort', 'true love', 'domestic fluff', 'fluff', 'angst', 'non-sexual age play', 'established evil queen | regina mills/emma swan', 'comfort', 'teen and up audiences'}"
Once Upon a Time,18248144,"{'dark past', 'rape/non-con elements', 'teen and up audiences', 'storybrooke', 'kidnapping'}"
Once Upon a Time,18434624,"{'mature', 'alternate universe - modern setting', 'angst'}"
Once Upon a Time,13185825,"{'friends to lovers', 'mature', 'alternate universe - actors', 'slow burn'}"
Once Upon a Time,14051379,"{'magic', 'vampires', 'romance', 'teen and up audiences', 'drama', 'supernatural elements'}"
Once Upon a Time,18168836,{'teen and up audiences'}
Once Upon a Time,16896432,{'explicit'}
Once Upon a Time,18431954,"{'general audiences', 'fluff', 'happy ending'}"
Once Upon a Time,18088463,"{'alternate universe - modern setting', 'teen and up audiences', 'canon compliant'}"
Once Upon a Time,18431444,"{'vaginal sex', 'oral sex', 'light bdsm', 'explicit', 'shameless smut', 'girl penis', 'light bondage', 'magic cock'}"
Once Upon a Time,17784482,"{'mature', 'implied/referenced rape/non-con'}"
Once Upon a Time,15269736,{'mature'}
Once Upon a Time,18429644,"{'mature', 'mutual pining', 'angst'}"
Once Upon a Time,13646751,{'general audiences'}
Once Upon a Time,16002569,"{'secrets', 'swanqueen - freeform', 'explicit', 'love', 'angst', 'girl penis emma swan', 'snowing - freeform', 'romance', 'drama', 'au', 'eventual smut', 'alternate universe', 'friendship', 'secret relationship'}"
Once Upon a Time,18428681,"{'general audiences', 'fluff', 'a monthly rumbelling'}"
Once Upon a Time,17691416,"{'self-harm', 'sexual abuse', 'not rated'}"
Once Upon a Time,18428258,"{'general audiences', 'fluff'}"
Once Upon a Time,18424857,"{'cheating', 'love', 'swan queen - freeform', 'hurt', 'teen and up audiences'}"
Once Upon a Time,18421563,{'teen and up audiences'}
Once Upon a Time,18421428,{'teen and up audiences'}
Once Upon a Time,18069794,"{'romance', 'drama', 'au', 'not rated'}"
Once Upon a Time,16579388,"{'g!p', 'smut', 'mature', 'omega verse', 'fluff', 'alpha/omega', 'alpha/beta/omega dynamics', 'girl penis'}"
Once Upon a Time,3372152,{'not rated'}
Once Upon a Time,17611520,"{'sexual tension', 'mature', 'fluff'}"
Once Upon a Time,17273510,{'mature'}
Once Upon a Time,18417398,"{'falling in love', 'alternate universe - modern setting', 'teen and up audiences'}"
Once Upon a Time,15107159,"{'snowing - freeform', 'true love', 'romance', 'teen and up audiences', 'au'}"
Once Upon a Time,18286145,"{'mature', 'alternate universe - modern setting', 'slow burn'}"
Once Upon a Time,13299090,{'explicit'}
Once Upon a Time,18412496,"{'alternate universe - royalty', 'modern royalty', 'royalty', 'alternate universe - modern setting', 'unplanned pregnancy', 'fluff', 'romance', 'pregnancy', 'explicit'}"
Once Upon a Time,17402450,"{'alternate universe - canon divergence', 'angst', 'slow burn', 'not rated'}"
Once Upon a Time,15871071,"{'fingerfucking', 'angst with a happy ending', 'friends to lovers', 'alternate universe', 'smut', 'oral sex', 'unplanned pregnancy', 'mutual pining', 'angst', 'explicit'}"
Once Upon a Time,16841452,"{'minor character death', 'enemies to friends to lovers', 'mature', 'alternate universe - modern setting', 'slow burn', 'baby henry mills (once upon a time)'}"
Once Upon a Time,11686677,"{'sex', 'murder', 'friends to lovers', 'slow burn', 'oral sex', 'explicit'}"
Once Upon a Time,18257873,{'teen and up audiences'}
Once Upon a Time,13786755,"{'cheating', 'pwp', 'dirty talk', 'anal sex', 'bdsm', 'explicit', 'spanking', 'girl penis emma swan', 'explicit sexual content'}"
Once Upon a Time,16245647,{'teen and up audiences'}
Once Upon a Time,18125762,{'teen and up audiences'}
Once Upon a Time,18408956,{'mature'}
Once Upon a Time,18400949,"{'mature', 'emotional hurt/comfort'}"
Once Upon a Time,18408323,"{'explicit', 'smut'}"
Once Upon a Time,13453305,"{'explicit', 'outlaw queen - freeform'}"
Once Upon a Time,17024724,"{'shameless smut', 'smut', 'alpha/beta/omega dynamics', 'omega verse', 'alpha/omega', 'whump', 'angst', 'explicit', 'fluff and smut'}"
Once Upon a Time,18403481,"{'smut', 'mature', 'fluff', 'bdsm', 'humor'}"
Once Upon a Time,18406523,"{'outlaw queen - freeform', 'teen and up audiences'}"
Once Upon a Time,13555755,{'teen and up audiences'}
Once Upon a Time,18105626,"{'slow burn', 'secrets', 'friends to lovers', 'eventual romance', 'general audiences', 'misunderstandings'}"
Once Upon a Time,12747066,{'explicit'}
Once Upon a Time,17782688,{'explicit'}
Once Upon a Time,13259556,"{'alternate universe - canon divergence', 'dysfunctional family', 'fluff and angst', 'one shot collection', 'teen and up audiences', 'implied/referenced child abuse'}"
Once Upon a Time,16970733,"{'mature', 'hurt/comfort', 'slow build evil queen | regina mills/emma swan', 'girl penis emma swan', 'emotional hurt/comfort', 'girl penis', 'love confessions', 'post-traumatic stress disorder - ptsd'}"
Once Upon a Time,18395972,{'not rated'}
Once Upon a Time,18396752,"{'general audiences', 'romance'}"
Once Upon a Time,18145562,{'general audiences'}
Once Upon a Time,17741276,"{'sex', 'alternate universe', 'falling in love', 'crossovers & fandom fusions', 'true love', 'werewolves', 'explicit', 'crossover pairings'}"
Once Upon a Time,18395267,"{'time travel', 'camelot', 'teen and up audiences'}"
Once Upon a Time,14743925,"{'slow burn', 'general audiences', 'fluff', 'family fluff'}"
Once Upon a Time,17406188,"{'smut', 'alternate universe - canon divergence', 'teen and up audiences'}"
Once Upon a Time,13002249,"{'explicit', 'implied/referenced rape/non-con', 'sexual abuse', 'emotional hurt/comfort', 'explicit sexual content', 'underage sex', 'eventual happy ending'}"
Once Upon a Time,3235571,"{'masturbation', 'anal sex', 'bdsm', 'dom/sub undertones', 'cunnilingus', 'explicit', 'domestic fluff', 'rape/non-con elements', 'first time', 'fluff', 'pregnancy', 'blow jobs', 'incest', 'underage sex', 'fingerfucking', 'spanking', 'dubious consent', 'first time blow jobs', 'oral sex', 'threesome - f/f/m', 'orgasm delay/denial', 'public sex'}"
Once Upon a Time,18391115,{'general audiences'}
