fandom,id,tags
Stargate,18414962,"{'sex', 'vaginal sex', 'language', 'smut', 'fluff', 'angst', 'explicit'}"
Stargate,16583351,"{'mature', 'implied/referenced rape/non-con', 'angst', 'pregnancy', 'au', 'alternate universe', 'alternate universe - canon divergence'}"
Stargate,12928491,{'mature'}
Stargate,17589248,"{'alternate universe', 'mature', 'slow burn'}"
Stargate,11840478,"{'multiverse', 'teen and up audiences', 'adventure', 'multiple crossovers'}"
Stargate,17525954,{'teen and up audiences'}
Stargate,18589066,{'mature'}
Stargate,14914700,"{'general audiences', 'digital art'}"
Stargate,18595675,"{'body modification', 'alternate universe', 'other additional tags to be added', 'crossovers & fandom fusions', 'explicit', ""goa'uld (stargate)""}"
Stargate,18628426,"{'general audiences', 'post-series'}"
Stargate,18602332,"{'eventual smut', 'implied/referenced character death', 'explicit', 'slow burn', 'hurt/comfort'}"
Stargate,18625261,"{'general audiences', 'alternate reality'}"
Stargate,18463825,"{'episode: s07e16 death knell', 'general audiences', 'episode: s08e18 threads', 'romance', 'episode: s03e17 a hundred days', 'angst', 'episode: s03e18 shades of grey'}"
Stargate,17617601,{'explicit'}
Stargate,10614756,"{'mature', 'alternate universe'}"
Stargate,18620554,"{'emotional hurt', 'post-season/series 05 finale', 'hurt rodney mckay', 'mental health issues', 'teen and up audiences', 'episode: s04e20 the last man', 'reunions'}"
Stargate,18084803,{'teen and up audiences'}
Stargate,18319301,"{'friends to lovers', 'implied/referenced character death', 'alternate universe', 'family', 'crossovers & fandom fusions', 'alternate universe - canon divergence', ""macgyver and o'neill as twin brothers"", 'friendship', 'fluff and angst', 'teen and up audiences', 'slow burn'}"
Stargate,18617341,"{'mature', 'mission fic', 'psychological trauma'}"
Stargate,18616192,"{'general audiences', 'alternate reality'}"
Stargate,18615262,{'general audiences'}
Stargate,18611875,"{'teen and up audiences', 'alternate universe'}"
Stargate,18609571,"{'fluff and angst', 'teen and up audiences', 'fluff', 'angst'}"
Stargate,17376086,"{'genii (stargate)', 'mature', ""tok'ra (stargate)""}"
Stargate,18606400,"{'emotional/psychological abuse', 'mature', 'hurt rodney mckay', 'trust issues', 'implied/referenced rape/non-con', 'rodney mckay whump', 'episode: s02e06 trinity', 'post episode: s02e06 trinity', 'loss of trust'}"
Stargate,18604993,"{'kid fic', 'first meetings', 'hurt rodney mckay', 'teen and up audiences', 'awesome teyla emmagan', 'hypoglycemia', 'team as family', 'rodney mckay whump'}"
Stargate,17517146,{'teen and up audiences'}
Stargate,16961742,"{'alternate universe', 'teen and up audiences', 'team as family'}"
Stargate,18589324,"{'au', 'wraith feeding', 'not rated'}"
Stargate,18601201,"{'alternate reality', 'teen and up audiences'}"
Stargate,18598315,{'general audiences'}
Stargate,3227846,"{'established relationship', 'pregnancy', 'teen and up audiences', 'angst'}"
Stargate,18590434,"{'general audiences', 'team as family'}"
Stargate,18588790,"{'angst', 'teen and up audiences'}"
Stargate,18588262,{'general audiences'}
Stargate,18586999,{'teen and up audiences'}
Stargate,18586879,{'general audiences'}
Stargate,17634605,"{'injury', 'torture', 'violence', 'explicit', 'explicit sexual content'}"
Stargate,16738450,{'mature'}
Stargate,18569953,"{'alternate universe', 'smut', 'science fiction', 'explicit'}"
Stargate,18582988,"{'general audiences', 'post-series'}"
Stargate,18579172,{'teen and up audiences'}
Stargate,18575575,"{'teen and up audiences', 'canon-typical violence'}"
Stargate,18357719,"{'crossovers & fandom fusions', 'teen and up audiences', 'alternate universe', ""tok'ra (stargate)""}"
Stargate,17801651,"{'explicit', 'alternate universe'}"
Stargate,18572722,"{'action/adventure', 'awkwardness', 'anal sex', 'explicit', 'developing relationship', 'explicit sexual content'}"
Stargate,17737604,"{'crossover', 'original character(s)', 'mature', 'crossovers & fandom fusions', 'multiple crossovers', 'violence', 'action/adventure', 'alternate universe - fantasy', 'body modification', 'alternate universe'}"
Stargate,15065828,"{'alternate universe - canon divergence', 'teen and up audiences'}"
Stargate,18565813,{'general audiences'}
Stargate,17258273,"{'implied/referenced character death', 'slow burn', 'mature', 'alternate universe - canon divergence', 'alternate reality', 'getting together', 'grief/mourning', 'emotional hurt/comfort'}"
Stargate,18286739,"{'general audiences', 'humor', 'family'}"
Stargate,18243800,"{'mature', 'crossover'}"
Stargate,17896691,"{'teen and up audiences', 'angst', 'hurt/comfort'}"
Stargate,18556381,"{'general audiences', 'post-series'}"
Stargate,18555748,"{'episode related', 'frottage', 'alternate universe - canon divergence', 'first time', 'getting together', 'explicit'}"
Stargate,15246696,"{'anal sex', 'explicit', 'explicit sexual content', 'telepathy', 'language', 'oral sex', 'alien cultural differences'}"
Stargate,18359552,{'explicit'}
Stargate,18539890,"{'explicit', 'shower sex', 'angst'}"
Stargate,18545485,{'general audiences'}
Stargate,18544453,{'general audiences'}
Stargate,18543307,"{'hand jobs', 'frottage', 'alien cultural differences', 'blow jobs', 'explicit', 'first time'}"
Stargate,18539317,{'teen and up audiences'}
Stargate,18529009,"{'general audiences', 'fluff'}"
Stargate,15940922,"{'mature', 'multiple crossovers'}"
Stargate,17543564,"{'ust', 'mature', 'crack'}"
Stargate,18526093,"{'podfic', 'first time', 'explicit'}"
Stargate,18403121,{'mature'}
Stargate,18219254,"{'alternate universe', 'general audiences', 'alternate universe - canon divergence', 'fluff', 'alternate reality'}"
Stargate,18415334,{'teen and up audiences'}
Stargate,18526204,"{'general audiences', 'episode: s04e06 window of opportunity'}"
Stargate,13604565,"{'sentient atlantis', 'genii (stargate)', 'alternate universe', 'crossover', 'original character(s)', 'mature', 'pre-slash', 'character bashing', 'first time', 'drama', 'alternate universe - canon'}"
Stargate,18470104,{'general audiences'}
Stargate,15387045,"{'emotional hurt', 'self-esteem issues', 'loss of trust', 'bullying', 'post episode: s02e06 trinity', 'mental health issues', 'friendship', 'teen and up audiences', 'trust issues', 'hypoglycemia'}"
Stargate,9533702,"{'romance', 'teen and up audiences', 'developing relationship'}"
Stargate,18514306,"{'teen and up audiences', 'post-series', 'established relationship'}"
Stargate,14117157,"{'action/adventure', 'crossover', 'other additional tags to be added', 'friendship', 'torture', 'whump', 'team', 'angst', 'explicit', 'drama', 'team as family', 'hurt/comfort'}"
Stargate,18510727,"{'pre-slash', 'friendship', 'teen and up audiences'}"
Stargate,17962631,{'teen and up audiences'}
Stargate,18300995,"{'teen and up audiences', 'crossover'}"
Stargate,18499864,"{'angst', 'emotionally repressed', 'first kiss', 'light dom/sub', 'explicit'}"
Stargate,18502684,{'general audiences'}
Stargate,12752793,"{'crossovers & fandom fusions', 'alternate universe - canon divergence', 'alternate reality', 'teen and up audiences', 'multiverse'}"
Stargate,10038857,"{'not rated', 'other additional tags to be added'}"
Stargate,16431680,"{'alternate universe', 'angst', 'mature', 'slow build', 'slow burn'}"
Stargate,18494005,"{'podfic cover art welcome', 'mature', 'podfic', 'audio format: download', 'audio format: streaming'}"
Stargate,18497590,{'general audiences'}
Stargate,18497554,"{'love', 'mature'}"
Stargate,17864849,"{'science fiction', 'teen and up audiences', 'action/adventure', 'crossover'}"
Stargate,18491503,"{'family', 'general audiences', 'team as family'}"
Stargate,18264320,"{'language', 'general audiences'}"
Stargate,18487855,"{'action/adventure', 'teen and up audiences', 'whump', 'drama', 'angst', 'au', 'h/c'}"
Stargate,18481492,"{'episode related', 'hand jobs', 'blow jobs', 'getting together', 'first time', 'explicit', 'plot what plot/porn without plot'}"
Stargate,18077087,"{'other additional tags to be added', 'mature', 'canon-typical violence'}"
Stargate,18475930,"{'episode: s08e18 threads', 'teen and up audiences'}"
Stargate,18335951,"{'angst with a happy ending', 'teen and up audiences'}"
Stargate,18213674,"{'crossovers & fandom fusions', 'explicit', 'romance', 'alternate universe - canon divergence', 'alternate universe - canon'}"
Stargate,18472060,"{'not rated', 'crossover'}"
Stargate,1118054,"{'crossover', 'teen and up audiences'}"
Stargate,18472924,"{'post-season/series 05 finale', 'team as family', 'awesome teyla emmagan', 'teen and up audiences', 'hurt john sheppard'}"
Stargate,17218979,"{'angst with a happy ending', 'crossover', 'alternate universe - canon divergence', 'slow build', 'teen and up audiences'}"
Stargate,18465706,"{'general audiences', 'fluff', 'friendship', 'fluff and humor'}"
Stargate,18466759,"{'general audiences', 'post-series', 'fluff'}"
Stargate,18466510,"{'general audiences', 'romance', 'episode: s08e18 threads', 'fluff and angst'}"
Stargate,16195013,"{'mature', 'alternate universe - canon divergence'}"
Stargate,2224824,"{'anal sex', 'explicit', 'developing relationship', 'action/adventure', 'adventure', 'angst', 'drama', 'frottage', 'wraith feeding'}"
Stargate,18451715,"{'general audiences', 'fanart', 'digital art', 'traditional media'}"
Stargate,5210762,"{'angst with a happy ending', 'shower sex', 'mature', 'hurt/comfort', 'friends to lovers', 'love', 'smut', 'emotional hurt', 'domestic fluff', 'fluff', 'fluff and angst', 'angst', 'emotional hurt/comfort', 'sex', 'science fiction', 'vaginal sex', 'eventual smut', 'stargate', 'oral sex', 'friendship'}"
Stargate,18460427,"{'general audiences', 'established relationship'}"
Stargate,18460208,{'general audiences'}
Stargate,13825071,"{'romance', 'first time', 'angst', 'explicit'}"
Stargate,14630781,"{'mature', 'multiverse', 'alternate universe'}"
Stargate,18454046,{'explicit'}
Stargate,18451265,{'teen and up audiences'}
Stargate,17616116,"{'episode: s07e16 death knell', 'action/adventure', 'alternate universe', 'crossover', 'general audiences', 'drama', 'multiverse'}"
Stargate,18444839,"{'mature', 'hurt rodney mckay', 'implied/referenced rape/non-con', 'rodney mckay whump'}"
Stargate,18448844,"{'episode: s01e10-e11 the storm/the eye', 'emotionally repressed', 'self-harm', 'post-season/series 05 finale', 'hurt rodney mckay', 'teen and up audiences', 'hurt/comfort', 'rodney mckay whump'}"
Stargate,18270785,{'teen and up audiences'}
Stargate,18443519,"{'general audiences', 'episode: s08e18 threads'}"
Stargate,18163973,{'not rated'}
Stargate,18437735,"{'general audiences', 'alternate universe - canon divergence', 'bonding', 'humor', 'hurt/comfort'}"
Stargate,15880536,"{'action/adventure', 'alternate universe - canon divergence', 'teen and up audiences', 'science fiction', 'multiverse'}"
Stargate,18435707,"{'teen and up audiences', 'team as family', 'fluff'}"
Stargate,18433853,{'teen and up audiences'}
Stargate,18432011,"{'emotionally repressed', 'teen and up audiences'}"
Stargate,18431624,{'teen and up audiences'}
Stargate,18334703,"{'alternate universe - fusion', 'mature', 'crossovers & fandom fusions'}"
Stargate,18424455,"{'general audiences', 'fluff'}"
Stargate,8804359,"{'kid fic', 'family', 'episode: s02e06 trinity', 'alternate universe - canon divergence', 'podfic', 'explicit'}"
Stargate,18422577,{'teen and up audiences'}
Stargate,18422553,"{'domestic fluff', 'teen and up audiences', 'hurt/comfort', 'fluff and humor'}"
Stargate,18421476,"{'general audiences', 'grief/mourning', 'love'}"
Stargate,18418595,"{'mature', 'angst', 'ust'}"
Stargate,16021202,"{'teen and up audiences', 'action/adventure', 'angst'}"
Stargate,8253391,"{'action/adventure', ""tok'ra (stargate)"", 'episode related', 'alternate universe - canon divergence', 'teen and up audiences', ""goa'uld (stargate)""}"
Stargate,18412184,{'general audiences'}
Stargate,18410852,"{'general audiences', 'drama', 'angst'}"
Stargate,17471186,"{'explicit', 'implied/referenced rape/non-con'}"
Stargate,18410258,{'general audiences'}
Stargate,13228635,"{'teen and up audiences', 'hurt/comfort'}"
Stargate,18406475,"{'general audiences', 'alternate universe'}"
Stargate,18403430,"{'general audiences', 'crossover'}"
Stargate,17353907,"{'explicit', 'slow build'}"
Stargate,18397889,"{'general audiences', 'fanart'}"
Stargate,18356879,{'mature'}
Stargate,843753,"{'action/adventure', 'friendship', 'teen and up audiences', 'whump', 'hurt john sheppard', 'psychological trauma', 'emotional hurt/comfort'}"
Stargate,18392924,"{'humor', 'teen and up audiences'}"
Stargate,18388688,{'general audiences'}
Stargate,4824953,"{'mature', 'alternate universe - canon divergence', 'post-canon'}"
Stargate,14170902,{'mature'}
Stargate,18380705,{'general audiences'}
Stargate,18376724,"{'general audiences', 'established relationship'}"
Stargate,18373139,"{'general audiences', 'fluff and humor'}"
Stargate,18109673,{'explicit'}
Stargate,18369962,{'explicit'}
Stargate,18369878,"{'general audiences', 'episode tag', 'first kiss'}"
Stargate,17595899,"{'episode related', 'episode: s03e17 a hundred days', 'explicit', 'episode: s03e18 shades of grey'}"
Stargate,11053884,{'mature'}
Stargate,18360341,"{'general audiences', 'alternate reality'}"
Stargate,17607101,{'mature'}
Stargate,18353324,{'general audiences'}
Stargate,17924672,"{'alternate universe - fusion', 'crossover', 'teen and up audiences'}"
Stargate,14861151,"{'alternate universe', 'teen and up audiences'}"
Stargate,18262382,"{'action/adventure', 'crossover', 'general audiences', 'friendship', 'episode tag', 'angst', 'hurt/comfort'}"
Stargate,18343742,{'general audiences'}
Stargate,18344882,{'teen and up audiences'}
Stargate,18339239,"{'general audiences', 'established relationship'}"
Stargate,18033635,{'explicit'}
Stargate,18336776,{'teen and up audiences'}
Stargate,18334616,"{'podfic cover art welcome', 'general audiences', 'podfic', 'audio format: download', 'audio format: streaming'}"
Stargate,18334613,"{'podfic cover art welcome', 'podfic', 'podfic length: 0-10 minutes', 'audio format: download', 'audio format: streaming', 'teen and up audiences'}"
Stargate,18334607,"{'podfic cover art welcome', 'alternate universe', 'general audiences', 'podfic', 'podfic length: 0-10 minutes', 'audio format: download', 'audio format: streaming'}"
Stargate,18330839,{'general audiences'}
Stargate,18330539,{'not rated'}
Stargate,18330455,{'not rated'}
Stargate,18328511,"{'episode: s01e10-e11 the storm/the eye', 'episode related', 'shower sex', 'first kiss', 'first time', 'explicit'}"
Stargate,3756169,"{'other additional tags to be added', 'teen and up audiences', 'angst'}"
Stargate,18322829,"{'alternate universe', 'general audiences', 'crossovers & fandom fusions', 'fanart'}"
Stargate,18319175,{'general audiences'}
Stargate,18315533,"{'general audiences', 'drama', 'angst', 'humor', 'h/c'}"
Stargate,13921119,{'not rated'}
Stargate,18308885,"{'episode: s01e10-e11 the storm/the eye', 'emotional/psychological abuse', 'mature', 'episode: s02e06 trinity', 'self-harm', 'loss of trust', 'emotionally repressed', 'mental health issues', 'hurt rodney mckay', 'bullying', 'psychological trauma', 'rodney mckay whump'}"
Stargate,17603393,"{'general audiences', 'fluff'}"
Stargate,18305660,{'general audiences'}
Stargate,18304331,"{'hypoglycemia', 'self-harm', 'bullying', 'post episode: s02e06 trinity', 'hurt rodney mckay', 'teen and up audiences', 'self-esteem issues', 'rodney mckay whump'}"
Stargate,18301436,{'general audiences'}
Stargate,18294260,"{'general audiences', 'alternate universe'}"
Stargate,18298130,"{'general audiences', 'established relationship'}"
Stargate,18294596,{'teen and up audiences'}
Stargate,18293144,"{'established relationship', 'telepathy', 'mature', 'bonding', 'grief/mourning', 'emotional hurt/comfort', 'explicit sexual content'}"
Stargate,18291065,"{'general audiences', 'friendship'}"
Stargate,12902181,"{'teen and up audiences', 'crossover'}"
Stargate,18287462,"{'general audiences', 'fanart', 'digital art', 'traditional media'}"
Stargate,18175931,"{'alternate universe', 'first time', 'explicit', 'light dom/sub'}"
Stargate,18283268,{'general audiences'}
Stargate,18282620,{'general audiences'}
Stargate,18183695,"{'humor', 'teen and up audiences', 'slice of life'}"
Stargate,17285291,"{'established relationship', 'coming out', 'awkwardness', 'anal sex', 'explicit'}"
Stargate,17812796,"{'vaginal sex', 'oral sex', 'bdsm', 'explicit', 'humor', 'explicit sexual content'}"
Stargate,18276338,{'teen and up audiences'}
Stargate,18276062,{'general audiences'}
Stargate,18267734,{'mature'}
Stargate,18267080,{'teen and up audiences'}
Stargate,18262820,"{'alternate universe', 'teen and up audiences', 'first meetings'}"
Stargate,18263651,"{'action/adventure', 'teen and up audiences', 'angst'}"
Stargate,18265724,"{'general audiences', 'alternate universe'}"
Stargate,18259733,"{'teen and up audiences', 'fluff', 'ust'}"
Stargate,18252932,{'teen and up audiences'}
Stargate,18251888,"{'torture', 'explicit', 'emotional hurt/comfort'}"
Stargate,18251714,{'general audiences'}
Stargate,18251216,{'general audiences'}
Stargate,6283357,"{'episode related', 'mature', 'rush has had better days', 'grief/mourning', 'emotional hurt/comfort'}"
Stargate,18248114,"{'general audiences', 'fluff'}"
Stargate,8025730,"{'sentient atlantis', 'body modification', 'torture', 'teen and up audiences', 'rodney mckay whump', 'wraith feeding'}"
Stargate,17412518,{'mature'}
Stargate,18240635,"{'general audiences', 'episode: s08e18 threads'}"
Stargate,18237539,{'general audiences'}
Stargate,18235871,"{'general audiences', 'humor'}"
Stargate,18228776,"{'coming out', 'teen and up audiences', 'reunions', 'emotional hurt/comfort', 'developing relationship', 'team dynamics'}"
Stargate,18233396,{'general audiences'}
Stargate,11778441,"{'injury', 'teen and up audiences', 'humor'}"
Stargate,18232088,"{'teen and up audiences', 'angst'}"
Stargate,15088637,"{'eventual smut', 'alternate universe', 'team dynamics', 'fluff', 'explicit', 'slow burn'}"
Stargate,18225242,{'general audiences'}
Stargate,18225074,"{'teen and up audiences', 'domestic fluff'}"
Stargate,18224804,"{'alternate universe', 'general audiences'}"
Stargate,18222197,"{'general audiences', 'episode related'}"
Stargate,18221972,"{'explicit', 'neurodiversity'}"
Stargate,18160937,"{'podfic', 'podfic length: 0-10 minutes', 'teen and up audiences'}"
Stargate,18218984,"{'general audiences', 'kid fic', 'established relationship'}"
Stargate,18215834,{'mature'}
Stargate,18215615,"{'general audiences', 'established relationship'}"
Stargate,18214430,"{'action/adventure', 'teen and up audiences', 'drama', 'angst', 'humor', 'violence', 'h/c'}"
Stargate,18207533,"{'general audiences', 'fluff', 'established relationship'}"
Stargate,18206543,"{'general audiences', 'fanart', 'digital art', 'traditional media'}"
Stargate,16393547,"{'teen and up audiences', 'alien cultural differences'}"
Stargate,10159538,{'teen and up audiences'}
Stargate,18203900,"{'general audiences', 'episode: s04e06 window of opportunity'}"
Stargate,15644037,"{'original character(s)', 'canon-typical violence', 'explicit', 'implied/referenced rape/non-con', 'pregnancy', 'alternate universe', 'character bashing'}"
Stargate,18202958,"{'teen and up audiences', 'action/adventure'}"
Stargate,18202829,"{'romance', 'teen and up audiences'}"
Stargate,18201713,"{'general audiences', 'episode tag', 'episode: s07e16 death knell', 'angst'}"
Stargate,18200633,"{'general audiences', 'coming out', 'dadt repeal'}"
Stargate,18196394,{'teen and up audiences'}
Stargate,18192821,{'general audiences'}
Stargate,18076043,"{'angst with a happy ending', 'mature'}"
Stargate,18189227,"{'team as family', 'episode tag', 'angst', 'emotional hurt/comfort', 'not rated'}"
Stargate,18188810,{'general audiences'}
Stargate,11749407,"{'angst with a happy ending', 'teen and up audiences', 'team as family'}"
Stargate,17865014,"{'smut', 'hand jobs', 'anal sex', 'first time', 'explicit'}"
Stargate,18182129,{'general audiences'}
Stargate,18180653,"{'mature', 'angst'}"
Stargate,18161957,"{'crossover', 'teen and up audiences', 'multiverse'}"
Stargate,18114980,{'general audiences'}
Stargate,18171560,"{'general audiences', 'alternate universe'}"
Stargate,18171515,"{'general audiences', 'fluff and humor'}"
Stargate,18170315,"{'dadt repeal', 'identity issues', 'alternate universe - sentinels & guides', 'spirit animals', 'light dom/sub', 'explicit', 'non-sexual intimacy'}"
Stargate,18168749,"{'general audiences', 'fluff'}"
Stargate,17495267,{'explicit'}
Stargate,18041837,"{'stargate', ""goa'uld (stargate)"", 'explicit'}"
Stargate,17643473,"{'mature', 'torture', 'whump', 'drama', 'angst', 'hurt/comfort'}"
Stargate,18162881,"{'crossover', 'teen and up audiences', 'getting together', 'sharing a bed'}"
Stargate,18158774,{'general audiences'}
Stargate,15417675,"{'genii (stargate)', 'mature', 'canon-typical violence', 'established relationship', 'first time', 'telepathy'}"
Stargate,2856968,"{'crack', 'alternate universe - canon divergence', 'fluff', 'episode tag', 'teen and up audiences', 'drama', 'angst', 'alternate universe - canon'}"
Stargate,17583449,{'mature'}
Stargate,18149018,{'general audiences'}
Stargate,18147080,"{'pre-slash', 'teen and up audiences'}"
Stargate,18141692,"{'neurodiversity', 'teen and up audiences', 'angst'}"
Stargate,18140435,"{'sentient atlantis', 'team as family', 'teen and up audiences'}"
Stargate,18136103,{'general audiences'}
Stargate,18135080,{'teen and up audiences'}
Stargate,2492639,{'mature'}
Stargate,18132593,"{'general audiences', 'humor'}"
Stargate,17812619,"{'general audiences', 'alternate universe'}"
Stargate,18131348,"{'general audiences', 'episode: s03e17 a hundred days'}"
Stargate,18127889,{'teen and up audiences'}
Stargate,17685122,"{'mature', 'kid fic'}"
Stargate,18120848,{'general audiences'}
Stargate,18114188,{'general audiences'}
Stargate,18113630,{'teen and up audiences'}
Stargate,17800907,{'teen and up audiences'}
Stargate,15065543,"{'pregnancy', 'explicit'}"
Stargate,18108899,"{'mature', 'awkwardness', 'bdsm'}"
Stargate,18107570,"{'hurt john sheppard', 'mature', 'anal sex', 'first time', 'self-esteem issues'}"
Stargate,18107279,{'general audiences'}
Stargate,18107270,{'general audiences'}
Stargate,18104087,{'general audiences'}
Stargate,18102494,{'general audiences'}
Stargate,18100472,{'teen and up audiences'}
Stargate,18096956,"{'nightmares', 'romance', 'first time', 'teen and up audiences'}"
Stargate,18103895,{'teen and up audiences'}
Stargate,15385842,"{'slice of life', 'episode tag', 'friendship', 'teen and up audiences', 'bonding'}"
Stargate,18056990,"{'alternate universe - fusion', 'crossovers & fandom fusions', 'alternate universe - stargate atlantis fusion', 'mission fic', 'explicit', 'team as family'}"
Stargate,18093371,"{'anal sex', 'first time', 'getting together', 'bdsm', 'light dom/sub', 'explicit'}"
Stargate,18091688,{'general audiences'}
Stargate,18059798,{'explicit'}
Stargate,18089606,"{'general audiences', 'episode related'}"
Stargate,18087236,"{'neurodiversity', 'first time', 'angst', 'explicit', 'plot what plot/porn without plot'}"
Stargate,18086174,"{'general audiences', 'nightmares', 'sharing a bed', 'emotional hurt/comfort'}"
Stargate,10895379,"{'fanart', 'explicit'}"
Stargate,18080099,"{'general audiences', 'crack', 'gfy'}"
Stargate,18079673,{'general audiences'}
Stargate,17863529,"{'mature', 'alternate universe - canon divergence', 'crossover'}"
Stargate,18077045,"{'general audiences', 'post-canon', 'au', 'angst'}"
Stargate,18076745,{'teen and up audiences'}
Stargate,18076679,{'general audiences'}
Stargate,18076616,{'teen and up audiences'}
Stargate,18104180,{'general audiences'}
Stargate,18071075,"{'teen and up audiences', 'crossover'}"
Stargate,18068891,"{'general audiences', 'alternate universe'}"
Stargate,18068726,"{'general audiences', 'gfy'}"
Stargate,18066548,"{'general audiences', 'domestic fluff'}"
Stargate,18065879,"{'anal sex', 'explicit', 'plot what plot/porn without plot'}"
Stargate,18063893,"{'general audiences', 'gfy'}"
Stargate,18058163,"{'teen and up audiences', 'alternate universe'}"
Stargate,18059459,"{'general audiences', 'episode: s03e18 shades of grey'}"
Stargate,17903459,{'mature'}
Stargate,18035534,{'teen and up audiences'}
Stargate,17688944,"{'alternate universe - canon divergence', 'alternate universe - stargate atlantis fusion', 'teen and up audiences'}"
Stargate,18046040,{'teen and up audiences'}
Stargate,18045899,"{'general audiences', 'action/adventure'}"
Stargate,18045815,"{'teen and up audiences', 'fluff and humor'}"
Stargate,18045767,{'general audiences'}
Stargate,18044384,"{'general audiences', 'episode related'}"
Stargate,16364351,"{'slice of life', 'episode: s02e06 trinity', 'team dynamics', 'episode tag', 'family', 'teen and up audiences', 'reunions', 'team', 'mission fic', 'whump'}"
Stargate,18043772,{'general audiences'}
Stargate,18038990,"{'neurodiversity', 'first time', 'explicit', 'plot what plot/porn without plot'}"
Stargate,18034196,"{'general audiences', 'episode: s04e06 window of opportunity'}"
Stargate,18032126,"{'alternate universe', 'mature'}"
Stargate,18031022,"{'general audiences', 'pre-slash', 'angst'}"
Stargate,18013613,{'explicit'}
Stargate,18035273,"{'bamf john sheppard', 'mature'}"
Stargate,18024935,{'general audiences'}
Stargate,17565629,"{'family', 'teen and up audiences', 'drama', 'angst'}"
Stargate,18023453,"{'angst', 'ust', 'episode tag', 'teen and up audiences'}"
Stargate,18022880,{'teen and up audiences'}
Stargate,18022343,"{'alternate universe', 'family', 'original character(s)', 'crossovers & fandom fusions', 'alternate universe - canon divergence', ""macgyver and o'neill as twin brothers"", 'fluff and angst', 'friendship', 'teen and up audiences', 'humor', 'team as family'}"
Stargate,18020732,"{'action/adventure', 'mature', 'injury', 'rush has had better days', 'angst', 'hurt/comfort'}"
Stargate,18019370,"{'general audiences', 'sharing a bed'}"
Stargate,18013364,"{'mature', 'romance'}"
Stargate,18018908,"{'teen and up audiences', 'non-sexual intimacy', 'hurt/comfort'}"
Stargate,18024917,"{'bamf john sheppard', 'awesome teyla emmagan', 'explicit'}"
Stargate,18013910,"{'episode related', 'frottage', 'alternate universe - canon divergence', 'first time', 'getting together', 'explicit'}"
Stargate,17527865,"{'mature', 'romance', 'torture', 'angst'}"
Stargate,18013250,"{'teen and up audiences', 'neurodiversity'}"
Stargate,18013073,{'teen and up audiences'}
Stargate,507898,{'general audiences'}
Stargate,18010811,"{'general audiences', 'friendship', 'team', 'angst', 'hurt/comfort'}"
Stargate,14989889,{'general audiences'}
Stargate,12869286,"{'family', 'teen and up audiences', 'drama'}"
Stargate,8225729,"{'general audiences', 'science fiction', 'drama'}"
Stargate,6185425,"{'alternate universe', 'science fiction', 'teen and up audiences', 'drama', 'adventure'}"
Stargate,17442053,{'explicit'}
Stargate,17835194,{'mature'}
Stargate,18002162,{'general audiences'}
Stargate,16416755,"{'alternate universe', 'general audiences', 'au'}"
Stargate,17998655,"{'mature', 'angst'}"
Stargate,17991017,"{'dadt repeal', 'identity issues', 'alternate universe - sentinels & guides', 'spirit animals', 'light dom/sub', 'explicit', 'non-sexual intimacy'}"
Stargate,17995175,"{'genii (stargate)', 'original character(s)', 'mature'}"
Stargate,17993858,"{'mature', 'grief/mourning'}"
Stargate,16350731,{'explicit'}
Stargate,17991575,"{'general audiences', 'angst'}"
Stargate,17991335,"{'identity issues', 'canon-typical violence', 'alternate universe - sentinels & guides', 'spirit animals', 'explicit'}"
Stargate,17990882,{'general audiences'}
Stargate,14565168,"{'teen and up audiences', 'crossover'}"
Stargate,17984213,"{'angst with a happy ending', 'friends to lovers', 'first time', 'teen and up audiences', 'slow build'}"
Stargate,17981627,"{'alternate universe - fantasy', 'general audiences', 'fanart', 'digital art', 'traditional media'}"
Stargate,14943035,"{'sex', 'alternate universe - fusion', 'kid fic', 'established relationship', 'mature', 'first kiss', 'emotional hurt/comfort', 'episode: s04e20 the last man', 'first meetings'}"
Stargate,17977535,"{'teen and up audiences', 'established relationship'}"
Stargate,9400553,{'mature'}
Stargate,11221272,"{'romance', 'drama', 'angst', 'not rated'}"
Stargate,17974259,"{'romance', 'teen and up audiences', 'fluff and humor'}"
Stargate,17839376,"{'alternate universe', 'bamf john sheppard', 'alternate universe - canon divergence', 'teen and up audiences'}"
Stargate,16424588,{'teen and up audiences'}
Stargate,17805374,"{'character bashing', 'teen and up audiences', 'au'}"
Stargate,17965358,"{'general audiences', 'au', 'fluff'}"
Stargate,14909622,{'general audiences'}
Stargate,17900615,"{'angst with a happy ending', 'neurodiversity', 'blow jobs', 'first kiss', 'post-canon', 'drama', 'explicit', 'hurt/comfort'}"
Stargate,17962703,{'general audiences'}
Stargate,17961914,"{'stargate', 'general audiences', 'fanart', 'digital art', 'traditional media'}"
Stargate,17957441,"{'alternate universe', 'family', 'original character(s)', 'general audiences', 'crossovers & fandom fusions', ""macgyver and o'neill as twin brothers"", 'fluff and angst'}"
Stargate,17722562,"{'romance', 'teen and up audiences', 'fluff'}"
Stargate,17957456,{'general audiences'}
Stargate,17956595,"{'teen and up audiences', 'angst'}"
Stargate,17956307,"{'mature', 'established relationship'}"
Stargate,17955533,{'teen and up audiences'}
Stargate,878340,"{'general audiences', 'friendship', 'team'}"
Stargate,17953913,"{'general audiences', 'episode: s08e18 threads'}"
Stargate,17953580,"{'alternate universe - fusion', 'alternate universe - fantasy', 'general audiences', 'first time', 'first kiss'}"
Stargate,17951720,"{'general audiences', 'coming out'}"
Stargate,6996607,{'teen and up audiences'}
Stargate,17949080,"{'general audiences', 'getting together'}"
Stargate,17942288,"{'teen and up audiences', 'rodney mckay whump'}"
Stargate,17941520,{'general audiences'}
Stargate,17937434,{'teen and up audiences'}
Stargate,9132964,"{'crossover', 'general audiences', 'alternate universe - canon divergence', 'alternate universe - stargate atlantis fusion'}"
Stargate,17933987,{'general audiences'}
Stargate,4883968,"{'emotional/psychological abuse', 'explicit', 'trust issues', 'hurt/comfort', 'torture', 'nightmares', 'rush has had better days', 'friendship'}"
Stargate,17926661,"{'implied/referenced character death', 'original character(s)', 'episode: s04e20 the last man', 'teen and up audiences'}"
Stargate,17595794,{'general audiences'}
Stargate,17920520,{'general audiences'}
Stargate,17913281,{'general audiences'}
Stargate,15891477,"{'other additional tags to be added', 'alternate universe - canon divergence', 'teen and up audiences', ""goa'uld (stargate)""}"
Stargate,17916032,"{'crack', 'humor', 'teen and up audiences'}"
Stargate,17913047,"{'alternate universe', 'first time', 'teen and up audiences', 'first kiss'}"
Stargate,17912141,{'general audiences'}
Stargate,17912180,"{'friendship', 'angst', 'team as family', 'hurt/comfort', 'not rated'}"
Stargate,17907935,{'teen and up audiences'}
Stargate,17907848,"{'general audiences', 'rodney mckay whump'}"
Stargate,17074973,"{'action/adventure', 'alternate universe - canon divergence', 'romance', 'explicit', 'slow burn'}"
