fandom,id,tags
Voltron,17635958,"{'general audiences', 'aliens', 'lance (voltron)-centric', 'bamf lance', 'langst'}"
Voltron,18449354,"{'explicit', 'hidge', 'public sex', 'shance', 'college au'}"
Voltron,18066449,"{'cuban lance (voltron)', 'socially awkward keith (voltron)', 'enemies to friends to lovers', 'friends to lovers', 'bisexual lance (voltron)', 'slow burn keith/lance (voltron)', 'keith/lance (voltron) angst', 'alternate universe - high school', 'teen and up audiences', 'pining keith (voltron)'}"
Voltron,16799908,"{'general audiences', 'hurt/comfort', 'team bonding', 'fluff', 'pining keith (voltron)', 'team as family'}"
Voltron,18410525,"{'biting', 'altean lance (voltron)', 'alpha/beta/omega dynamics', 'mature', 'galra keith (voltron)', 'swearing', 'knotting', 'fluff and smut'}"
Voltron,18550567,"{'bottom lance (voltron)', 'mature', 'klance', 'top keith (voltron)', 'eventual smut', 'eventual romance', 'alternate universe - modern setting', 'other additional tags to be added', 'friends to lovers', 'langst', 'alternate universe', 'romance', 'fluff', 'flirting', 'angst'}"
Voltron,17284163,"{'past allurance', 'teen and up audiences', 'post-canon'}"
Voltron,17614772,"{'family', 'alternate universe', 'romance', 'teen and up audiences', 'fluff', 'light angst'}"
Voltron,17685317,"{'animal transformation', 'teen and up audiences'}"
Voltron,15981377,"{'eventual smut', 'female pronouns for pidge | katie holt', 'eventually', 'angst', 'bisexual lance', 'mature', 'gay keith', 'langst', 'fake/pretend relationship', 'slow burn', 'implied/referenced child abuse'}"
Voltron,18208784,{'general audiences'}
Voltron,18168422,"{'beta hunk (voltron)', 'mating cycles/in heat', 'alpha shiro (voltron)', 'alpha/beta/omega dynamics', 'langst', 'sex', 'omega lance (voltron)', 'alpha keith (voltron)', 'not rated'}"
Voltron,17472299,"{'explicit', 'vaginal sex', 'depression', 'oral sex'}"
Voltron,16431194,"{'krolia (voltron) is a good parent', 'insecure lance (voltron)', 'mutual pining', 'gay keith (voltron)', 'teen and up audiences', 'oblivious lance (voltron)', 'bisexual lance (voltron)', 'alternate universe - high school'}"
Voltron,18479431,"{'minor character death', 'pining keith', 'hurt/comfort', 'angst', 'pain', 'teen and up audiences', 'implied/referenced self-harm', 'major character injury', 'hurt keith'}"
Voltron,18216695,"{'explicit', 'homophobia', 'arranged marriage', 'explicit language', 'oral sex', 'first time', 'sex', 'violence', 'internalized homophobia'}"
Voltron,17392160,"{'friendship', 'mpreg', 'hurt/comfort', 'team bonding', 'galra keith (voltron)', 'keith (voltron) is bad at feelings', 'pining lance (voltron)', 'hunk (voltron) is so pure', 'teen and up audiences', 'emotional hurt/comfort', 'kind of'}"
Voltron,18566038,"{'explicit', 'overstimulation', 'orgasm delay/denial', 'first time', 'blow jobs', 'anal fingering'}"
Voltron,18540214,"{'canon compliant', 'general audiences', 'galra keith (voltron)', 'original character(s)'}"
Voltron,18555565,"{'explicit', 'explicit sexual content', 'bottom keith (voltron)', 'mutual pining', 'alternate universe'}"
Voltron,18255908,"{'alternate universe - college/university', 'mature'}"
Voltron,15590499,"{'red paladin keith (voltron)', 'hurt/comfort', 'gay keith (voltron)', 'angst with a happy ending', 'galra keith (voltron)', 'blood and injury', 'lance (voltron) whump', 'teen and up audiences', 'klangst', 'sickfic', 'bisexual lance (voltron)', 'hurt keith (voltron)', 'keith (voltron) whump', 'happy ending'}"
Voltron,18572470,"{'near death experiences', 'alternate universe - modern setting', 'mutual pining', 'gay keith (voltron)', 'female pronouns for pidge | katie holt', 'first dates', 'keith & shiro (voltron) are half-siblings', 'cuban lance (voltron)', 'bisexual lance (voltron)', 'fluff', 'general audiences', 'first kiss'}"
Voltron,16324835,"{'explicit', 'frottage', 'orgasm delay/denial', 'double penetration', 'semi-public sex', 'mildly dubious consent', 'hand jobs', 'threesome - m/m/m', 'sex toys'}"
Voltron,18426120,"{'family', 'angst', 'bamf lance', 'langst', 'abuse', 'alternate universe', 'au', 'teen and up audiences', 'love'}"
Voltron,17406767,"{'alpha/omega', 'alpha shiro (voltron)', 'alternate universe - magic', 'emotional hurt/comfort', 'alternate universe - canon divergence', 'hurt/comfort', 'alpha/beta/omega dynamics', 'mpreg', 'alternate universe', 'fluff and angst', 'magic', 'omega lance (voltron)', 'teen and up audiences', 'fluff', 'light angst'}"
Voltron,18561511,"{'flustered lance (voltron)', 'hurt/comfort', 'gay keith (voltron)', 'not beta read', 'oblivious lance (voltron)', 'protective keith (voltron)', 'bisexual lance (voltron)', 'fluff', 'general audiences', 'lance (voltron) speaks spanish', 'keith (voltron) is bad at feelings', 'first kiss'}"
Voltron,14912201,"{'allura & lance (voltron) are siblings', 'not rated'}"
Voltron,17850662,"{'purring keith (voltron)', 'dads of marmora (voltron)', 'gay keith (voltron)', 'bi lance', 'blade of marmora keith (voltron)', 'galra keith (voltron)', 'team as family', 'sheith - freeform', 'canon compliant', 'cuddling & snuggling', 'hurt keith (voltron)', 'nightmares', 'acxa & keith (voltron) are twins', 'general audiences', 'klance'}"
Voltron,18371711,"{'explicit', 'size difference', 'alien biology', 'blow jobs', 'whump', 'anal sex', 'manipulation'}"
Voltron,17397215,"{'explicit', 'lance (voltron) is a good boyfriend', 'orphan keith (voltron)', 'hurt/comfort', 'lance (voltron) angst', 'domestic violence', 'keith/lance (voltron) angst', 'past child abuse', 'angst', 'emotional/psychological abuse', 'bilingual lance (voltron)', 'heavy angst', 'smut', 'original character death(s)', 'keith (voltron) is a mess', 'pov multiple', 'pov third person', 'explicit sexual content', 'dom/sub', 'other additional tags to be added', 'physical abuse', 'light bdsm', 'fluff', 'lance (voltron) is a mess', 'tags may change', 'homophobia', 'keith (voltron) angst', 'keith (voltron) is bad at feelings', 'corporal punishment', 'keith (voltron) has anxiety'}"
Voltron,17605922,"{'explicit', 'klance', 'alternate universe - college/university', 'gay sex', 'short chapters', 'college au', 'blowjob', 'smut'}"
Voltron,16747180,"{'general audiences', 'cursing', 'female pronouns for pidge', 'angst'}"
Voltron,15017546,"{'bullying', 'pidge | katie holt is savage', 'hurt/comfort', 'team bonding', 'team voltron family', 'teen and up audiences', 'keith & pidge | katie holt friendship'}"
Voltron,17558057,"{'lance (voltron) is a good boyfriend', 'krolia (voltron) is a good parent', 'minor character death', 'keith/lance (voltron) angst', 'gay keith (voltron)', 'alcohol abuse/alcoholism', 'past child abuse', 'emotional hurt/comfort', 'mature', 'alternate universe - college/university', 'klangst', 'oblivious lance (voltron)', 'eventual happy ending', 'drama & romance', 'bisexual lance (voltron)', 'pining keith (voltron)', 'fluff and angst', 'slow build', 'socially awkward keith (voltron)', 'slow burn', 'friends to lovers', 'angst and romance', 'artist keith (voltron)'}"
Voltron,18566239,"{'general audiences', 'fluff', 'light angst', 'post-canon fix-it'}"
Voltron,10949073,"{'team bonding', 'rivalry', 'teen and up audiences', 'friendship/love'}"
Voltron,18225425,"{'explicit', 'found family', 'alternate universe - modern setting', 'first time', 'team bonding', 'bottom shiro (voltron)', 'smut', 'sheith - freeform', 'pov third person', 'fluff', 'getting together', 'slow burn', 'friends to lovers', 'first kiss', 'light angst'}"
Voltron,18567781,{'explicit'}
Voltron,18469258,"{'galaxy garrison', 'galra keith (voltron)', 'teen and up audiences', 'fluff'}"
Voltron,18539986,"{'implied/referenced character death', 'implied/referenced rape/non-con', 'hurt/comfort', 'bottom keith (voltron)', 'first time', 'panic attacks', 'emotional hurt/comfort', 'not rated', 'top shiro (voltron)', 'galra keith (voltron)', 'anal sex', 'tooth-rotting fluff', 'gentle sex', 'keith (voltron) is a mess', 'platonic cuddling', 'hypothermia', 'blind keith (voltron)', 'poisoning', 'drowning', 'past abuse', 'touch-starved keith (voltron)', 'white-haired keith (voltron)'}"
Voltron,14955725,"{'slow burn', 'mature', 'anxiety disorder'}"
Voltron,18406343,"{'hurt lance (voltron)', 'protective shiro (voltron)', 'protective keith (voltron)', 'alternate universe - college/university', 'implied/referenced rape/non-con', 'hurt/comfort', 'langst', 'lance (voltron) angst', 'alternate universe', 'rape/non-con elements', 'panic attacks', 'attempted sexual assault', 'teen and up audiences', 'emotional hurt/comfort', 'angst and hurt/comfort'}"
Voltron,15022502,"{'explicit', 'angst with a happy ending', 'alternate universe - soulmates', 'soulmates', 'blood', 'shklance - freeform', 'smut', 'fluff'}"
Voltron,18570805,"{'explicit', 'body worship', 'anal fingering', 'pining keith (voltron)', 'masturbation'}"
Voltron,18570769,"{'love confessions', 'soft keith/lance (voltron)', 'sassy pidge | katie holt', 'hunk & pidge | katie holt friendship', 'socially awkward keith (voltron)', 'hunk (voltron) is so pure', 'keith (voltron) is bad at feelings', 'keith/lance (voltron) fluff', 'space uncle coran (voltron)', 'teen and up audiences', 'lance (voltron) is a mess'}"
Voltron,12224019,"{'mature', 'blood', 'extremely dubious consent', 'loss of virginity', 'mildly dubious consent', 'blow jobs', 'magic', 'bondage'}"
Voltron,17238683,"{'explicit', 'blow jobs', 'shance', 'klance'}"
Voltron,18425268,"{'mature', 'cuddling & snuggling', 'team bonding', 'platonic cuddling'}"
Voltron,18247703,"{'emotional/psychological abuse', 'angst with a happy ending', 'implied/referenced self-harm', 'general audiences', 'kidnapping', 'anxiety', 'slow burn', 'post-traumatic stress disorder - ptsd', 'hurt/comfort', 'trauma', 'physical abuse', 'violence', 'panic attacks', 'angst'}"
Voltron,15058058,"{'mature', 'slow burn', 'friends to lovers', 'au'}"
Voltron,16809976,"{'altean lance (voltron)', 'death', 'space uncle coran (voltron)', 'unhealthy coping mechanisms', 'not rated', 'bamf lance', 'alternate reality', 'character death', 'family', 'slavery', 'lance (voltron)-centric', 'langst', 'fluff and angst', 'future fic'}"
Voltron,18568090,"{'family fluff', 'original character(s)', 'teen and up audiences', 'adoption'}"
Voltron,18567931,"{'teen and up audiences', 'protective shiro (voltron)', 'near death experiences', 'galra keith (voltron)', 'abuse', 'implied/referenced child abuse', 'hurt keith (voltron)', 'self-esteem issues'}"
Voltron,18550408,"{'cursing', 'underage drinking', 'pining keith', 'romance', 'crack', 'teen and up audiences'}"
Voltron,18482239,"{'explicit', 'lance (voltron) is a good boyfriend', 'canon compliant', 'lance (voltron) has adhd', 'post season 8', 'implied/referenced torture', 'keith (voltron) is bad at feelings', 'keith (voltron) has ptsd - post-traumatic stress disorder', 'mental health issues', 'romance', 'lance (voltron) has anxiety', 'keith (voltron) has anxiety'}"
Voltron,18126479,"{'explicit', 'mating cycles/in heat', 'overstimulation', 'alien biology', 'alpha/beta/omega dynamics', 'oral sex', 'anal fingering', 'double penetration', 'threesome - m/m/m'}"
Voltron,18424395,"{'insecure lance (voltron)', 'alternate universe - modern setting', 'implied/referenced rape/non-con', 'hurt/comfort', 'lance (voltron) angst', 'gay keith (voltron)', 'drama', 'mature', 'heavy angst', 'guns', 'sheith - freeform', 'gay', 'implied/referenced self-harm', 'cuban lance (voltron)', 'lance (voltron)-centric', 'bisexual lance (voltron)', 'bisexual shiro (voltron)', 'fluff and angst', 'pining lance (voltron)', 'lance (voltron) is a mess', 'eating disorders', 'self-harm', 'blood', 'motorcycles'}"
Voltron,18549214,"{'implied/referenced character death', 'language', 'gender-neutral pronouns for pidge | katie holt', 'hurt/comfort', 'feelings', 'teen and up audiences', 'angst'}"
Voltron,15174203,"{'general audiences', 'angst'}"
Voltron,18565690,"{'explicit', 'getting together', 'minor keith/shiro (voltron)', 'porn with feelings', 'blow jobs', 'anal sex', 'anal fingering', 'hurt'}"
Voltron,18565456,"{'explicit', 'bottom keith (voltron)', 'galra keith (voltron)', 'swearing', 'smut', 'top lance (voltron)', 'praise kink', 'fluff', 'established relationship', 'humor', 'top keith (voltron)'}"
Voltron,18523267,{'general audiences'}
Voltron,14440329,"{'friendship', 'canon-typical violence', 'slow burn', 'alternate universe - canon divergence', 'female pronouns for pidge | katie holt', 'teen and up audiences', 'heartbreak'}"
Voltron,15739089,"{'lance (voltron)-centric', 'minor character death', 'slow burn', 'alternate universe - magic', 'teen and up audiences', 'fluff'}"
Voltron,17902499,"{'bamf keith (voltron)', 'mature', 'bamf shiro (voltron)'}"
Voltron,18564844,"{'explicit', 'fake/pretend relationship', 'eventual smut', 'fluff', 'angst'}"
Voltron,17966657,"{'explicit', 'public sex', 'sex', 'hand jobs', 'alternate universe - canon divergence', 'orgasm delay/denial', 'anal sex', 'masturbation', 'mating cycles/in heat', 'arranged marriage', 'sex toys', 'oral sex', 'light bondage'}"
Voltron,18564586,"{'sheith big meme 2019', 'general audiences', 'galra shiro (voltron)'}"
Voltron,18564553,"{'explicit', 'authority kink', 'dirty talk', 'smut', 'exhibitionism', 'rough sex', 'dom/sub', 'kind of', 'established relationship', 'sort of', 'consensual kink', 'plot what plot/porn without plot'}"
Voltron,18528022,"{'keith (voltron) angst', 'mature', 'korean keith (voltron)', 'bisexual lance (voltron)', 'galra keith (voltron)', 'keith (voltron) is bad at feelings', 'bottom keith (voltron)', 'keith/lance (voltron) angst', 'gay keith (voltron)', 'top lance (voltron)', 'keith (voltron) is a mess'}"
Voltron,11928798,"{'drinking', 'hidge', 'canonverse', 'voltron', 'teen and up audiences'}"
Voltron,17525819,{'teen and up audiences'}
Voltron,17964041,"{'love confessions', 'falling in love', 'curses', 'slow build', 'fluff', 'broganes', 'getting together', 'general audiences', 'socially awkward keith (voltron)', 'romance', 'magic', 'domestic fluff', 'first kiss'}"
Voltron,18371213,"{'explicit', 'emotional/psychological abuse', 'heavy angst', 'flashbacks', 'sexual slavery', 'hurt/comfort', 'post-traumatic stress disorder - ptsd', 'implied/referenced child abuse', 'rape/non-con elements', 'physical abuse', 'violence', 'anxiety attacks'}"
Voltron,7522303,"{'aliens', 'hurt/comfort', 'team bonding', 'family fluff', 'angst', 'alternate universe - canon divergence', 'blood and injury', 'worldbuilding', 'teen and up audiences', 'team as family', 'blood and violence', 'alien culture', 'alien biology', 'violence', 'angst and hurt/comfort', 'alien cultural differences', 'slow burn', 'blood', 'alternate universe', 'blood and gore'}"
Voltron,17959544,"{'hurt/comfort', 'emotional hurt/comfort', 'angst', 'sharing a bed', 'teen and up audiences', 'fluff and angst', 'pining lance (voltron)', 'happy ending', 'sort of'}"
Voltron,18412265,"{'angst with a happy ending', 'alpha/beta/omega dynamics', 'teen and up audiences', 'post-canon fix-it'}"
Voltron,16468343,"{'broganes', 'keith & shiro (voltron) are adoptive siblings', 'humor', 'alternate universe - modern setting', 'cuban lance (voltron)', 'korean keith (voltron)', 'teen and up audiences'}"
Voltron,18562177,"{'underage drinking', 'socially awkward keith (voltron)', 'bisexual shiro (voltron)', 'pining lance (voltron)', 'keith (voltron) is bad at feelings', 'hurt keith (voltron)', 'keith (voltron) whump', 'gay keith (voltron)', 'attempted sexual assault', 'dubious consent', 'not rated'}"
Voltron,17303372,"{'enemies to lovers', 'gay keith (voltron)', 'female pronouns for pidge | katie holt', 'bilingual lance (voltron)', 'korean keith (voltron)', 'minor matt holt/shiro', 'minor hunk/shay (voltron)', 'teen and up audiences', 'cuban lance (voltron)', 'bisexual lance (voltron)', 'japanese shiro (voltron)', 'italian pidge | katie holt', 'lance (voltron) speaks spanish', 'youtuber lance (voltron)'}"
Voltron,15766881,"{'explicit', 'explicit language', 'found family', 'slow burn', 'post-traumatic stress disorder - ptsd', 'hurt/comfort', 'mutual pining', 'fluff and angst', 'panic attacks', 'sheith - freeform'}"
Voltron,18563377,"{'altean lance (voltron)', 'galra keith (voltron)', 'teen and up audiences', 'galra shiro (voltron)'}"
Voltron,18563215,"{'explicit', 'rape/non-con elements', 'alien biology', 'dead dove: do not eat', 'dubious consent', 'plot what plot/porn without plot', 'cunnilingus'}"
Voltron,18312470,{'general audiences'}
Voltron,12968208,"{'friends to lovers', 'temporary character death', 'teen and up audiences'}"
Voltron,18537130,"{'gay sex', 'hurt/comfort', 'psychological trauma', 'drama', 'boys kissing', 'angst', 'emotional/psychological abuse', 'mature', 'weddings', 'smut', 'suicidal thoughts', 'true love', 'high school', 'fluff and smut', 'fluff', 'model lance (voltron)', 'kidnapping', 'romance', 'angst and romance', 'artist keith (voltron)'}"
Voltron,16736676,"{'pining', 'alternate universe - canon divergence', 'worldbuilding', 'teen and up audiences', 'oblivious lance (voltron)', 'other additional tags to be added', 'established relationship', 'black paladin keith (voltron)', 'aged-up character(s)'}"
Voltron,17925443,"{'mature', 'alpha shiro (voltron)', 'pining shiro (voltron)', 'alternate universe - werewolf', 'alpha/beta/omega dynamics', 'keith (voltron) is bad at feelings', 'keith (voltron) is a mess', 'nudity', 'shiro (voltron) is a mess', 'pining keith (voltron)', 'omega keith (voltron)'}"
Voltron,18562081,"{'angst with a happy ending', 'general audiences', 'klance', 'sort of', 'langst', 'angst'}"
Voltron,16782760,"{'explicit', 'bamf keith (voltron)', 'eventual smut', 'mutual pining', 'female pronouns for pidge | katie holt', 'eventually', 'enemies to friends to lovers', 'hunk (voltron) is so pure', 'explicit sexual content', 'eventual romance', 'other additional tags to be added', 'bamf lance (voltron)', 'pining lance (voltron)', 'kind of', 'klance', 'slow burn', 'eventual keith/lance (voltron)', 'kinda', 'pining keith (voltron)'}"
Voltron,18561721,"{'love confessions', ""please don't hate me"", 'minor allura/lance (voltron)', 'tooth-rotting fluff', 'first kiss', 'teen and up audiences', 'fluff', 'post-canon fix-it'}"
Voltron,17985728,"{'falling in love', 'gay keith (voltron)', 'alternate universe - coffee shops & cafés', 'mature', 'worldbuilding', 'alternate reality', 'canon compliant', 'pov keith (voltron)', 'season/series 06', 'soulmates', 'bisexual lance (voltron)', 'fluff and angst', 'post-canon', 'fluff and humor', 'keith (voltron) is bad at feelings', 'happy ending', 'pining keith (voltron)', 'light angst'}"
Voltron,18072797,"{'general audiences', 'insecure lance (voltron)'}"
Voltron,18561169,"{'explicit', 'knotting', 'dorks in love', 'anal sex'}"
Voltron,15155138,"{'aliens', 'team bonding', 'drama', 'alternate universe - canon divergence', 'world building', 'teen and up audiences', 'team as family', 'other additional tags to be added', 'action/adventure', 'humor', 'magic'}"
Voltron,18557683,"{'dubious consent', 'mature', 'rape/non-con elements'}"
Voltron,17241758,"{'minor keith/shiro (voltron)', 'not rated'}"
Voltron,16883223,"{'mature', 'minor character death', 'post-traumatic stress disorder - ptsd', 'langst', 'blood and violence'}"
Voltron,18492343,"{'alternate universe - werewolf', 'teen and up audiences', 'keith & shiro (voltron) are half-siblings'}"
Voltron,17064359,"{'angst with a happy ending', 'heavy angst', 'happy ending', 'teen and up audiences', 'sheith - freeform', 'post-canon fix-it'}"
Voltron,18547501,"{'self-harm', 'blood', 'domestic violence', 'blood and gore', 'not rated'}"
Voltron,18559393,"{'hurt lance (voltron)', 'general audiences', 'murder', 'abuse', 'physical abuse', 'threats of violence', 'manipulation', 'angst'}"
Voltron,16636868,"{'pirates', 'slavery', 'magic', 'teen and up audiences', 'fluff', 'hurt', 'angst'}"
Voltron,18559105,"{'general audiences', 'sheith big meme 2019'}"
Voltron,18553624,"{'shiro (voltron) has ptsd - post-traumatic stress disorder', 'general audiences', 'keith (voltron) is bad at feelings'}"
Voltron,18554260,"{'explicit', 'hospitals', 'mpreg', 'oral sex'}"
Voltron,18501475,"{'explicit', 'eventual smut', 'other additional tags to be added', 'praise kink', 'mutual pining', 'blow jobs', 'anal fingering', 'hand jobs', 'fluff', 'angst'}"
Voltron,18514447,"{'mutual pining', 'general audiences', 'friendship/love'}"
Voltron,18532114,"{'explicit', 'porn with feelings', 'body worship', 'bondage'}"
Voltron,18505033,"{'altean prince lance (voltron)', 'altean lance (voltron)', 'mutual pining', 'gay keith (voltron)', 'space uncle coran (voltron)', 'not rated', 'galra keith (voltron)', 'weddings', 'tooth-rotting fluff', 'allura & lance (voltron) are siblings', 'keith (voltron) is a mess', 'oblivious lance (voltron)', 'fluff and crack', 'pining lance (voltron)', 'acxa & keith (voltron) are twins', 'fluff', 'socially awkward keith (voltron)', 'prince keith (voltron)', 'supportive coran (voltron)', 'cute', 'pining keith (voltron)'}"
Voltron,18547615,"{'keith (voltron) angst', 'protective shiro (voltron)', 'orphan keith (voltron)', 'big brother shiro (voltron)', 'keith (voltron) whump', 'hurt keith (voltron)', 'protective lance (voltron)', 'team as family', 'teen and up audiences', 'keith (voltron) is a mess'}"
Voltron,18555523,"{'alternate universe - royalty', 'mature', 'secret relationship'}"
Voltron,18475216,"{'rating may change', 'depression', 'mutual pining', 'shiro (voltron) is a mess', 'emotional hurt/comfort', 'angst', 'unhealthy coping mechanisms', 'angst with a happy ending', 'mature', 'not beta read', 'team as family', 'keith (voltron) is a mess', 'fix-it', 'other additional tags to be added', 'fluff', 'lance (voltron) is a mess', 'underage drinking', 'post-traumatic stress disorder - ptsd', 'temporary character death'}"
Voltron,18554578,"{'teen and up audiences', 'klance', 'making out', 'kissing'}"
Voltron,17496335,"{'broganes', 'keith (voltron) angst', 'blade of marmora keith (voltron)', 'tags contain spoilers', 'hurt/comfort', 'galra keith (voltron)', 'alternate universe - canon divergence', 'keith (voltron) whump', 'hurt keith (voltron)', 'alternate universe', 'blood and injury', 'non-consensual touching', 'teen and up audiences', 'angst'}"
Voltron,18239237,"{'aliens', 'falling in love', 'jealousy', 'hurt/comfort', 'team bonding', 'psychological trauma', 'emotional hurt/comfort', 'emotional/psychological abuse', 'pain', 'bonding', 'time travel', 'trauma', 'science fiction', 'mental health issues', 'mystery', 'original character(s)', 'team as family', 'love', 'fluff and humor', 'action/adventure', 'friendship', 'crushes', 'general audiences', 'humor', 'emotional hurt', 'male friendship', 'post-traumatic stress disorder - ptsd', 'friendship/love'}"
Voltron,18558196,"{'getting together', 'teen and up audiences', 'implied sexual content'}"
Voltron,18558082,"{'keith (voltron)-centric', 'keith (voltron) angst', 'canon compliant', 'canon universe', 'klance', 'orphan keith (voltron)', 'platonic relationships', 'canon-typical violence', 'keith (voltron) is bad at feelings', 'hurt keith (voltron)', 'keith/lance (voltron) angst', 'whump', 'teen and up audiences', 'keith (voltron) is a mess'}"
Voltron,18235361,"{'keith (voltron) angst', 'explicit language', 'general audiences', 'aromantic asexual pidge | katie holt', 'other additional tags to be added', 'minor hunk/shay (voltron)', 'bisexual lance (voltron)', 'galra keith (voltron)', 'swearing', 'gay keith (voltron)', 'female pronouns for pidge | katie holt'}"
Voltron,17890040,"{'angst with a happy ending', 'post season 8', 'not rated', 'mutual pining', 'angst'}"
Voltron,17464295,"{'lance (voltron) has adhd', 'texting', 'strangers to lovers', 'general audiences', 'depression', 'suicide attempt', 'nonbinary pidge | katie holt'}"
Voltron,18557326,"{'lance (voltron) is a good boyfriend', 'alternate universe - modern setting', 'bisexual lance (voltron)', 'gay keith (voltron)', 'established keith/lance (voltron)', 'domestic fluff', 'teen and up audiences'}"
Voltron,16394951,"{'mature', 'touch-starved keith (voltron)', 'enemies to lovers', 'purring keith (voltron)', 'alpha/beta/omega dynamics', 'omega keith (voltron)'}"
Voltron,18556798,"{'established relationship', 'happy ending', 'pining', 'mutual pining', 'teen and up audiences'}"
Voltron,13402437,"{'established relationship', 'mature', 'alpha/beta/omega dynamics', 'corporal punishment', 'alpha lance (voltron)', 'domestic fluff', 'omega keith (voltron)'}"
Voltron,18556324,"{'alternate universe - hogwarts', 'teen and up audiences', 'fluff', 'pining keith (voltron)'}"
Voltron,16978236,"{'love confessions', 'implied/referenced rape/non-con', 'gay keith (voltron)', 'mature', 'i wrote this instead of sleeping', 'anal sex', 'smut', 'vaginal sex', 'true love', 'bisexual lance (voltron)', 'fluff and angst', 'how do i tag', 'pregnancy', 'why did i write this?', 'sex toys', 'alternate universe - soulmates'}"
Voltron,18536428,"{'explicit', 'established relationship', 'getting together', 'jealousy', 'alternate universe - canon divergence', 'oral sex', 'exhibitionism', 'rough oral sex'}"
Voltron,17360828,"{'general audiences', 'alternate universe - modern setting', 'hurt/comfort', 'alpha/beta/omega dynamics', 'langst', 'happy ending', 'internalized homophobia'}"
Voltron,18013229,"{'explicit', 'trans keith (voltron)', 'bottom keith (voltron)', 'top shiro (voltron)', 'bottom shiro (voltron)', 'allurance', 'smut', 'sheith - freeform', 'vaginal sex', 'trans male character', 'semi-public sex', 'pregnancy', 'fluff', 'top keith (voltron)', 'oral sex', 'cunnilingus', 'happy ending'}"
Voltron,17946080,"{'aromantic asexual pidge | katie holt', 'found family', 'alternate universe - modern setting', 'alternate universe - high school', 'teen and up audiences', 'past abuse', 'angst'}"
Voltron,18391937,"{'fix-it', 'altean lance (voltron)', 'galra keith (voltron)', 'adam (voltron) lives', 'not rated'}"
Voltron,17467079,"{'explicit', 'trans keith (voltron)', 'enemies to lovers', 'hurt/comfort', 'first time', 'secrets', 'dark shiro (voltron)', 'angst', 'murder', 'pining', 'rough sex', 'curses', 'arranged marriage', 'size kink', 'denial of feelings'}"
Voltron,18361610,"{'klance', 'alternate universe - canon divergence', 'galra keith (voltron)', 'not rated'}"
Voltron,18554071,"{'established relationship', 'space dad shiro (voltron)', 'general audiences', 'lance (voltron) angst', 'fluff and angst', 'happy ending', 'fluff', 'secret relationship', 'team as family', 'angst'}"
Voltron,18492700,"{'aftermath of violence', 'not rated', 'angst with a happy ending', 'alternate universe - canon divergence', 'world building', 'trauma', 'sexual content', 'masturbation', 'voyeurism', 'slow burn', 'post-canon fix-it'}"
Voltron,14659782,"{'explicit', 'protective shiro (voltron)', 'orphan keith (voltron)', 'eventual smut', 'insecure lance (voltron)', 'alternate universe - modern setting', 'references to depression', 'lance (voltron) angst', 'female pronouns for pidge | katie holt', 'implied/referenced suicide', 'angst', 'bilingual lance (voltron)', 'pining shiro (voltron)', 'alternate universe - college/university', 'hunk (voltron) is a good friend', 'bottom shiro (voltron)', 'minor matt holt/shiro', 'hunk (voltron) is so pure', 'minor allura/keith (voltron)', 'smut', 'bottom lance (voltron)', 'minor allura/lotor (voltron)', 'masturbation', 'shiro (voltron) has ptsd - post-traumatic stress disorder', 'hunk & pidge | katie holt friendship', 'eventual romance', 'cuban lance (voltron)', 'bisexual lance (voltron)', 'hunk & lance (voltron) friendship', 'lance & pidge | katie holt friendship', 'fluff and angst', 'pining lance (voltron)', 'slow build', 'fluff', 'lance (voltron) is a mess', 'homophobia', 'keith (voltron) angst', 'minor keith/shiro (voltron)', 'top keith (voltron)', 'anxiety', 'slow burn', 'socially awkward keith (voltron)', 'keith (voltron) is bad at feelings', 'human lotor (voltron)', 'human allura (voltron)', 'domestic fluff', 'alternate universe', 'artist keith (voltron)'}"
Voltron,18552988,"{'general audiences', 'alternate universe', 'kidgeweek 2019'}"
Voltron,18552928,"{'crying', 'angst', 'teen and up audiences', 'fluff', 'getting together', 'kissing'}"
Voltron,16156574,{'teen and up audiences'}
Voltron,18552715,"{'love confessions', 'general audiences', 'pining shiro (voltron)', 'dorks in love', 'romance', 'pining lance (voltron)', 'first kiss', 'secret relationship'}"
Voltron,18552076,{'not rated'}
Voltron,18552157,"{'general audiences', 'alternate universe - modern setting', 'fluff'}"
Voltron,16872513,"{'hurt lance (voltron)', 'pining shiro (voltron)', 'insecure lance (voltron)', 'alternate universe - modern setting', 'bamf shiro (voltron)', 'kissing', 'pining lance (voltron)', 'first kiss', 'teen and up audiences', 'oblivious lance (voltron)'}"
Voltron,18552049,"{'teen and up audiences', 'memory loss'}"
Voltron,18389351,"{'explicit', 'authority kink', 'size kink', 'orgasm delay/denial', 'light bondage', 'rough sex', 'light dom/sub'}"
Voltron,18270338,"{'trans keith (voltron)', 'protective shiro (voltron)', 'near death experiences', 'minor character death', 'hurt/comfort', 'stockholm syndrome', 'sex', 'threats of violence', 'blood and injury', 'guns', 'original character(s)', 'teen and up audiences', 'cuban lance (voltron)', 'protective lance (voltron)', 'light angst'}"
Voltron,18482311,"{'orphan keith (voltron)', 'alternate universe - modern setting', 'mutual pining', 'gay keith (voltron)', 'pov lance (voltron)', 'mature', 'enemies to friends to lovers', 'sharing a bed', 'keith (voltron) is a mess', 'cuban lance (voltron)', 'bisexual lance (voltron)', 'pining lance (voltron)', 'fluff', 'lance (voltron) is a mess', 'broganes', 'happy ending', 'pining keith (voltron)', 'light angst'}"
Voltron,18149513,"{'action/adventure', 'mature', 'rating may change', 'future fic', 'science fiction', 'keith (voltron) is a mess'}"
Voltron,15205208,"{'explicit', 'zombies', 'kangst', 'depression', 'mutual pining', 'panic attacks', 'angst', 'torture', 'angst with a happy ending', 'murder', 'suicide attempt', 'alternate universe - canon divergence', 'time travel', 'klangst', 'poisoning', 'langst', 'bisexual shiro (voltron)', 'drowning', 'kidnapping', 'slow burn', 'blood and gore', 'magic', 'temporary character death', 'alternate universe - magic'}"
Voltron,18495520,"{'keith/lance (voltron) angst', 'pov lance (voltron)', 'enemies to friends to lovers', 'teen and up audiences', 'oblivious lance (voltron)', 'lance (voltron)-centric', 'keith/lance (voltron) fluff', 'klance', 'eventual keith/lance (voltron)', 'slow burn keith/lance (voltron)', 'magic', 'minor adam/shiro (voltron)', 'pining keith (voltron)'}"
Voltron,17873675,"{'explicit', 'not canon compliant', 'plance', 'fluff and angst', 'smut'}"
Voltron,18380744,"{'bisexual disaster lance (voltron)', 'hurt/comfort', 'childhood friends', 'gay disaster keith (voltron)', 'gay keith (voltron)', 'nonbinary pidge | katie holt', 'angst with a happy ending', 'pov first person', 'teen and up audiences', 'pirates', 'bisexual lance (voltron)', 'klance', 'slow burn keith/lance (voltron)', 'romance'}"
Voltron,18550666,"{'black paladin keith (voltron)', 'sheith - freeform', 'teen and up audiences', 'sheith big meme 2019', 'galra shiro (voltron)'}"
Voltron,14495520,"{'explicit', 'angst with a happy ending', 'vampire keith (voltron)', 'altean lance (voltron)', 'bottom keith (voltron)', 'galra keith (voltron)', 'alternate universe', 'smut', 'top lance (voltron)', 'angst'}"
Voltron,18550537,{'not rated'}
Voltron,15424152,"{'eventual smut', 'minor character death', 'drug use', 'hurt/comfort', 'gay keith (voltron)', 'mature', 'keith & shiro (voltron) are adoptive siblings', 'enemies to friends to lovers', 'keith (voltron) is a mess', 'gay shiro (voltron)', 'bisexual lance (voltron)', 'lance (voltron) is a mess', 'slow burn', 'aged-up character(s)', 'post-traumatic stress disorder - ptsd'}"
Voltron,18103346,"{'space uncle coran (voltron)', 'angst', 'angst with a happy ending', 'mature', 'major character injury', 'other additional tags to be added', 'langst', 'lance (voltron) is a mess', 'hurt lance (voltron)'}"
Voltron,18294404,"{'explicit', 'friends with benefits', 'alternate universe - college/university', 'pining lance (voltron)', 'angst'}"
Voltron,15676494,"{'explicit', 'gay sex', 'bottom keith (voltron)', 'angst', 'gay keith', 'anal sex', 'top lance (voltron)', 'masturbation', 'fluff and angst', 'anal fingering', 'fluff'}"
Voltron,18224147,"{'getting together', 'general audiences', 'falling in love', 'protective keith (voltron)', 'alternate universe - modern setting', 'alternate universe - college/university', 'slow burn', 'socially awkward keith (voltron)', 'motorcycles', 'bisexual lance (voltron)', 'fluff', 'flirting'}"
Voltron,18224147,"{'getting together', 'general audiences', 'falling in love', 'protective keith (voltron)', 'alternate universe - modern setting', 'alternate universe - college/university', 'slow burn', 'socially awkward keith (voltron)', 'motorcycles', 'bisexual lance (voltron)', 'fluff', 'flirting'}"
Voltron,18110972,"{'implied/referenced self-harm', 'bilingual lance (voltron)', 'alpha shiro (voltron)', 'self-harm', 'touch-starved keith (voltron)', 'hospitals', 'alpha/beta/omega dynamics', 'drugs', 'keith (voltron) is bad at feelings', 'abuse', 'domestic violence', 'domestic fluff', 'alpha lance (voltron)', 'lance (voltron) is a mess', 'teen and up audiences', 'omega keith (voltron)'}"
Voltron,16730937,"{'explicit', 'minor character death', 'hurt/comfort', 'reunions', 'shiro (voltron) is a mess', 'past child abuse', 'adam (voltron) lives', 'angst', 'minor allura/lotor (voltron)', 'gay shiro (voltron)', 'major character injury', 'dead dove: do not eat', 'minor allura/lance (voltron)', 'fluff and angst', 'lance (voltron) is a mess', 'space dad shiro (voltron)', 'emotional hurt', 'hospitals', 'keith (voltron) is bad at feelings', 'blood and gore'}"
Voltron,18549589,"{'alternate universe - college/university', 'langst', 'fluff and angst', 'whump', 'panic attacks', 'teen and up audiences'}"
Voltron,18549454,"{'strangers to lovers', 'falling in love', 'alternate universe - modern setting', 'bisexual disaster lance (voltron)', 'hurt/comfort', 'gay disaster keith (voltron)', 'gay keith (voltron)', 'pining', 'teen and up audiences', 'eventual romance', 'bisexual lance (voltron)', 'fluff and angst', 'pining lance (voltron)', 'alternate universe - high school', 'lance (voltron) is a mess', 'keith (voltron) is a dork', 'getting together', 'slow burn', 'friends to lovers', 'keith (voltron) is bad at feelings', 'alternate universe', 'oblivious keith (voltron)'}"
Voltron,18549430,"{'explicit', 'keith (voltron) is bad at feelings', 'bottom keith (voltron)', 'denial of feelings', 'smut', 'top lance (voltron)'}"
Voltron,18549406,"{'canon-typical violence', 'making out', 'rivalry', 'teen and up audiences'}"
Voltron,17453144,"{'sort of', 'pov first person', 'teen and up audiences'}"
Voltron,18549100,"{'explicit', 'biting', 'alternate universe - modern setting', 'porn with feelings', 'first time', 'keith/lance (voltron) angst', 'gay keith (voltron)', 'pov lance (voltron)', 'angst with a happy ending', 'swearing', 'bottom lance (voltron)', 'oblivious lance (voltron)', 'porn with plot', 'cuban lance (voltron)', 'pining keith (voltron)', 'tags are hard', 'lance & pidge | katie holt friendship', 'lance (voltron) is a mess', 'top keith (voltron)', 'unrequited love', 'alpha keith (voltron)', 'light angst'}"
Voltron,16095752,"{'vampires', 'strangers to lovers', 'mature', 'murder', 'alternate universe - soulmates', 'minor character death', 'stalking'}"
Voltron,18548965,"{'alternate universe - canon divergence', 'post-canon', 'nudity', 'teen and up audiences'}"
Voltron,14968397,"{'mature', 'alternate universe - modern setting', 'gender-neutral pronouns for pidge | katie holt', 'alternate universe - human'}"
Voltron,17116697,"{'explicit', 'eventual smut', 'misunderstandings', 'bottom keith (voltron)', 'dirty talk', 'post season 8', 'weddings', 'swearing', 'past adam/shiro (voltron)', 'soulmates', 'kissing'}"
Voltron,18400727,"{'heavy angst', 'klance', 'amnesia', 'post season 8', 'flashbacks', 'voltron', 'teen and up audiences'}"
Voltron,18548578,"{'explicit', 'biting', 'alpha shiro (voltron)', 'alpha/beta/omega dynamics', 'first time', 'bottom keith (voltron)', 'top shiro (voltron)', 'platonic relationships', 'alternate universe - canon divergence', 'anal sex', 'rough sex', 'feral behavior', 'pack dynamics', 'cuddling & snuggling', 'praise kink', 'anal fingering', 'animalistic'}"
Voltron,15228531,"{'suicide attempt', 'teen and up audiences'}"
Voltron,8425396,"{'broganes', 'light angst', 'alternate universe - modern setting', 'alternate universe - college/university', 'misunderstandings', 'mutual pining', 'fluff and angst', 'female pronouns for pidge | katie holt', 'pining lance (voltron)', 'teen and up audiences', 'pining keith (voltron)', 'team as family'}"
Voltron,18547624,"{'homophobia', 'angst with a happy ending', 'mature', 'hurt keith', 'fluff', 'angst'}"
Voltron,18547408,"{'general audiences', 'blind keith (voltron)', 'dads of marmora (voltron)', 'galra keith (voltron)'}"
Voltron,18547171,"{'college student keith (voltron)', 'hurt/comfort', 'good lotor (voltron)', 'mature', 'alternate universe - college/university', 'shiro (voltron) has ptsd - post-traumatic stress disorder', 'anxiety disorder', 'hunk & lance (voltron) friendship', 'light bdsm', 'anxiety attacks', 'alternate universe - human', 'post-traumatic stress disorder - ptsd', 'college student lance (voltron)'}"
Voltron,18398156,"{'emotional/psychological abuse', 'trans keith (voltron)', 'mature', 'angst'}"
Voltron,18546367,"{'explicit', 'friends to lovers', 'kinda', 'blowjob', 'sex', 'masturbation'}"
Voltron,16278338,"{'general audiences', 'other additional tags to be added', 'alternate universe - werewolf', 'hunk & lance (voltron) friendship', 'pining keith (voltron)'}"
Voltron,15509349,"{'angst with a happy ending', 'insecure lance (voltron)', 'depression', 'hurt/comfort', 'pov lance (voltron)', 'teen and up audiences', 'pining keith (voltron)'}"
Voltron,18181337,"{'mature', 'klance', 'shklance - freeform', 'sheith - freeform'}"
Voltron,17557421,{'general audiences'}
Voltron,18540616,"{'hallucinations', 'poisoning', 'crying', 'fluff and angst', 'teen and up audiences'}"
Voltron,17498696,"{'explicit', 'crushes', 'pining shiro (voltron)', 'family feels', 'slow burn', 'high school', 'angst'}"
Voltron,18540805,"{'explicit', 'eventual happy ending', 'getting together', 'pining', 'jealousy', 'heartbreak', 'pining keith (voltron)', 'hurt'}"
Voltron,18206123,"{'explicit', 'alternate universe - modern setting', 'blow jobs', 'gay keith (voltron)', 'alternate universe - college/university', 'anal sex', 'swearing', 'overstimulation', 'bisexual lance (voltron)', 'party', 'anal fingering', 'fluff and smut', 'fluff', 'alternate universe - human', 'chatting & messaging', 'lance (voltron) speaks spanish', 'oral sex', 'human allura (voltron)', 'denial of feelings', 'keith (voltron) has anxiety'}"
Voltron,18541258,"{'explicit', 'alternate universe - canon divergence', 'first kiss'}"
Voltron,18542185,"{'cursing', 'underage drinking', 'hunk (voltron) is a good friend', 'college student keith (voltron)', 'alternate universe - college/university', 'female pronouns for pidge | katie holt', 'teen and up audiences', 'fluff', 'college student lance (voltron)'}"
Voltron,18217175,"{'self-harm', 'anxiety', 'depression', 'self-hatred', 'teen and up audiences', 'self-esteem issues'}"
Voltron,18541915,"{'explicit', 'oral sex', 'loss of virginity'}"
Voltron,12547228,"{'angst with a happy ending', 'general audiences', 'tags are hard', 'fluff and angst', 'fluff'}"
Voltron,18458960,"{'bisexual lance (voltron)', 'hunk (voltron) is so pure', 'gay keith (voltron)', 'teen and up audiences'}"
Voltron,15856839,"{'explicit', 'mystery', 'attempted sexual assault', 'blood and violence', 'stalking', 'fluff', 'model lance (voltron)', 'kidnapping', 'alternate universe', 'blood and gore'}"
Voltron,18539908,"{'vampires', 'space dad shiro (voltron)', 'enemies to lovers', 'fluff and crack', 'female pronouns for pidge | katie holt', 'teen and up audiences'}"
Voltron,18541360,{'explicit'}
Voltron,18532894,"{'mature', 'sheith big meme 2019', 'crack'}"
Voltron,18194141,"{'mature', 'implied/referenced torture', 'found family', 'implied/referenced rape/non-con', 'hurt/comfort', 'alternate universe', 'team as family', 'science fiction', 'angst'}"
Voltron,18458420,"{'explicit', 'trans keith (voltron)', 'vaginal sex', 'trans male character', 'size kink', 'praise kink', 'plot what plot/porn without plot', 'oral sex', 'cunnilingus', 'anal sex', 'blowjob'}"
Voltron,18335810,"{'protective shiro (voltron)', 'keith & shiro (voltron) are adoptive siblings', 'implied/referenced rape/non-con', 'supportive coran (voltron)', 'keith (voltron) is bad at feelings', 'hurt keith (voltron)', 'keith (voltron) whump', 'implied/referenced child abuse', 'team voltron family', 'panic attacks', 'nightmares', 'not rated'}"
Voltron,18545572,"{'explicit', 'bottom keith (voltron)', 'gay keith (voltron)', 'boys kissing', 'rough sex', 'bottom lance (voltron)', 'top lance (voltron)', 'cuban lance (voltron)', 'bisexual lance (voltron)', 'pining lance (voltron)', 'lance (voltron) is a mess', 'keith (voltron) is a dork', 'top keith (voltron)', 'pining keith (voltron)'}"
Voltron,16735251,"{'explicit', 'tags may change', 'implied/referenced character death', 'other additional tags to be added', 'human lance (voltron)', 'pov first person', 'human lotor (voltron)', 'rape/non-con elements', 'mermaid au', 'protective lance (voltron)'}"
Voltron,16373750,"{'texting', 'general audiences', 'chatting & messaging', 'alternate universe - college/university', 'slow burn', 'friends to lovers', 'mutual pining', 'pining lance (voltron)', 'pining keith (voltron)'}"
Voltron,18543817,"{'hurt lance (voltron)', 'getting together', 'general audiences', 'protective keith (voltron)', 'alternate universe - college/university', 'friends to lovers', 'female pronouns for pidge | katie holt', 'fluff', 'angst'}"
Voltron,18543706,"{'general audiences', 'plance'}"
Voltron,12029451,"{'explicit', 'angst with a happy ending', 'unreliable narrator', 'eventual happy ending', 'miscommunication', 'alternate universe - modern setting', 'slow burn', 'sort of', 'smut', 'mildly dubious consent', 'dubious consent', 'angst'}"
Voltron,18276500,"{'shiro (voltron) has ptsd - post-traumatic stress disorder', 'angst and humor', 'fluff and angst', 'gay disaster shiro (voltron)', 'teen and up audiences', 'fluff and humor', 'angst'}"
Voltron,18543190,"{'implied/referenced character death', 'recreational drug use', 'alternate universe - modern setting', 'mutual pining', 'teen and up audiences'}"
Voltron,18543178,"{'explicit', 'size kink', 'consensual kink', 'minor allura/keith (voltron)', 'crying', 'humiliation'}"
Voltron,16020206,"{'mature', 'explicit language', 'gay sex', 'alternate universe - college/university', 'college student keith (voltron)', 'gay shiro (voltron)', 'bisexual lance (voltron)', 'gay keith (voltron)', 'pining lance (voltron)', 'pining keith (voltron)', 'college student lance (voltron)'}"
Voltron,15578553,"{'alternate universe - modern setting', 'mutual pining', 'gay keith (voltron)', 'mature', 'alternate universe - canon divergence', 'galra keith (voltron)', 'time travel', 'bisexual lance (voltron)', 'protective lance (voltron)', 'fluff', 'canon universe', 'developing relationship', 'slow burn', 'cute', 'first kiss'}"
Voltron,18542500,"{'angst', 'heavy angst', 'teen and up audiences', 'angst and hurt/comfort'}"
Voltron,13166799,"{'japanese shiro (voltron)', 'general audiences', 'cuban lance (voltron)', 'korean keith (voltron)', 'gender-neutral pronouns for pidge | katie holt', 'bisexual lance (voltron)', 'gay keith (voltron)', 'nonbinary pidge | katie holt'}"
Voltron,18212393,"{'mature', 'klance', 'langst', 'shklance - freeform', 'sheith - freeform'}"
Voltron,14334357,"{'explicit', 'alpha shiro (voltron)', 'insecure lance (voltron)', 'alpha/beta/omega dynamics', 'alternate universe - coffee shops & cafés', 'alternate universe - college/university', 'omega keith (voltron)', 'masturbation', 'mating cycles/in heat', 'pack dynamics', 'other additional tags to be added', 'omega lance (voltron)', 'tags may change', 'touch-starved keith (voltron)', 'alternate universe - soulmates'}"
Voltron,17049386,"{'female pronouns for pidge', 'not rated'}"
Voltron,18172838,"{'alternate universe', 'teen and up audiences'}"
Voltron,17357633,"{'canon compliant', 'blade of marmora keith (voltron)', 'teen and up audiences'}"
Voltron,11577522,"{'hidge', 'klance', 'slow burn', 'dark', 'space uncle coran (voltron)', 'female pronouns for pidge | katie holt', 'mystery', 'magic', 'teen and up audiences'}"
Voltron,16888314,"{'explicit', 'alpha/beta/omega dynamics'}"
Voltron,18541252,"{'humor', 'alternate universe - canon divergence', 'post-canon', 'teen and up audiences', 'post-canon fix-it'}"
Voltron,11050461,"{'vampire keith (voltron)', 'big brother shiro (voltron)', 'minor hunk/shay (voltron)', 'bisexual lance (voltron)', 'gay keith (voltron)', 'female pronouns for pidge | katie holt', 'not rated'}"
Voltron,17984525,"{'short chapters', 'underage drinking', 'violence', 'teen and up audiences'}"
Voltron,10567218,"{'angst', 'altean lance (voltron)', 'cuban lance (voltron)', 'bisexual lance (voltron)', 'langst', 'not rated', 'lance (voltron) is a mess'}"
Voltron,18540277,"{'shiro (voltron) is a mess', 'alternate universe', 'general audiences', 'sheith big meme 2019'}"
Voltron,18136730,"{'mature', 'alternate universe - canon divergence', 'post-traumatic stress disorder - ptsd', 'langst', 'galra empire', 'nightmares', 'mystery', 'panic attacks', 'drama'}"
Voltron,18217220,"{'other additional tags to be added', 'hurt/comfort', 'hurt keith (voltron)', 'keith (voltron) is a mess', 'not rated'}"
Voltron,15100562,{'not rated'}
Voltron,18539065,"{'general audiences', 'alternate universe', 'kidgeweek 2019'}"
Voltron,12757305,"{'gay sex', 'first time', 'gay keith (voltron)', 'panic attacks', 'mature', 'sassy pidge | katie holt', 'alternate universe - college/university', 'team as family', 'other additional tags to be added', 'sickfic', 'bisexual lance (voltron)', 'fluff', 'fake/pretend relationship', 'hospitals'}"
Voltron,7706584,"{'explicit', 'frottage', 'slow build'}"
Voltron,17336945,"{'explicit', 'extremely dubious consent', 'body worship', 'exhibitionism', 'dubious consent', 'size difference', 'size kink'}"
Voltron,17329346,"{'hurt lance (voltron)', 'insecure lance (voltron)', 'male friendship', 'hurt keith (voltron)', 'feelings', 'teen and up audiences'}"
Voltron,18538576,"{'fluff', 'general audiences', 'cuddling & snuggling'}"
Voltron,18538549,"{'depression', 'lance (voltron) angst', 'lance (voltron) has adhd', 'pidge | katie holt is savage', 'suicidal thoughts', 'lance (voltron) needs a hug', 'bamf lance (voltron)', 'dark', 'keith/lance (voltron) fluff', 'angst and hurt/comfort', 'space dad shiro (voltron)', 'soft keith/lance (voltron)', 'blood and gore', 'krolia (voltron) is a good parent', 'red paladin keith (voltron)', 'fear', 'angst and humor', 'space uncle coran (voltron)', 'female pronouns for pidge | katie holt', 'angst', 'hallucinations', 'i wrote this instead of sleeping', 'hunk (voltron) is so pure', 'established keith/lance (voltron)', 'cuban lance (voltron)', 'lance (voltron)-centric', 'bisexual lance (voltron)', 'pining lance (voltron)', 'black paladin keith (voltron)', 'canon-typical violence', 'insecure lance (voltron)', 'gay keith (voltron)', 'bilingual lance (voltron)', 'tags contain spoilers', 'teen and up audiences', 'italian pidge | katie holt', 'supportive coran (voltron)', 'slow burn keith/lance (voltron)', 'angst and feels', 'keith/lance (voltron) angst', 'angst with a happy ending', 'you have been warned', 'sassy pidge | katie holt', 'heavy angst', 'hunk (voltron) is a good friend', 'minor hunk/shay (voltron)', 'galra keith (voltron)', 'oblivious lance (voltron)', 'other additional tags to be added', 'lance (voltron) is a mess', 'tags may change', 'hurt lance (voltron)', 'keith (voltron) is a dork', 'socially awkward keith (voltron)', 'eventual keith/lance (voltron)'}"
Voltron,13682049,"{'mature', 'bi lance', 'gay keith', 'klangst', 'broganes'}"
Voltron,18537835,"{'alternate universe - fantasy', 'magic', 'fluff', 'sheith big meme 2019', 'not rated'}"
Voltron,17934227,"{'explicit', 'alien culture', 'alien biology', 'pining', 'friends to lovers', 'pregnancy'}"
Voltron,17410973,"{'vampires', 'friendship', 'canon compliant', 'mature', 'vampire keith (voltron)', 'soulmates', 'implied/referenced child abuse', 'past child abuse'}"
Voltron,13966047,"{'mature', 'eventual romance', 'misunderstandings'}"
Voltron,18537175,"{'implied/referenced character death', 'fluff', 'bottom keith (voltron)', 'rough sex', 'gentle sex', 'double penetration', 'threesome - m/m/m', 'not rated'}"
Voltron,18536254,"{'general audiences', 'sheith big meme 2019'}"
Voltron,18536992,"{'humor', 'mutual pining', 'crack', 'teen and up audiences'}"
Voltron,18270461,"{'explicit', 'canonverse', 'blowjob', 'rough sex', 'masturbation', 'overstimulation', 'size difference', 'size kink', 'kinda'}"
Voltron,13853166,"{'angst with a happy ending', 'canon compliant', 'texting', 'mature', 'humor', 'slow burn'}"
Voltron,17410919,"{'explicit', 'sexual slavery', 'minor character death', 'stockholm syndrome', 'unhealthy coping mechanisms', 'torture', 'emotional/psychological abuse', 'hallucinations', 'alternate universe - canon divergence', 'anal sex', 'past adam/shiro (voltron)', 'alien culture', 'unhealthy relationships', 'other additional tags to be added', 'physical abuse', 'violence', 'dubious consent', 'double penetration', 'angst and hurt/comfort', 'humiliation', 'self-harm', 'slow burn', 'blood', 'oral sex'}"
Voltron,18536620,"{'touch-starved keith (voltron)', 'general audiences', 'human lance (voltron)', 'galra keith (voltron)', 'implied sexual content', 'light angst'}"
Voltron,17665877,"{'alien culture', 'past child abuse', 'dads of marmora (voltron)', 'teen and up audiences'}"
Voltron,18094616,"{'mature', 'slow burn', 'alternate universe - modern setting', 'other additional tags to be added', 'alternate universe - canon divergence', 'alternate universe', 'violence', 'fluff'}"
Voltron,18526648,{'general audiences'}
Voltron,17683046,"{'angst with a happy ending', 'sleepy cuddles', 'korean keith (voltron)', 'sharing a bed', 'cuban lance (voltron)', 'hurt/comfort', 'bisexual lance (voltron)', 'mutual pining', 'fluff and angst', 'gay keith (voltron)', 'panic attacks', 'teen and up audiences', 'implied/referenced suicide'}"
Voltron,18535525,"{'klance', 'bisexual lance (voltron)', 'gay keith (voltron)', 'first kiss', 'teen and up audiences', 'fluff', 'angst and hurt/comfort', 'klangst'}"
Voltron,18535585,{'general audiences'}
Voltron,18535372,"{'getting together', 'happy ending', 'sort of', 'hurt/comfort', 'kind of', 'first kiss', 'teen and up audiences', 'angst'}"
Voltron,18248663,"{'explicit', 'slow romance', 'eventual smut', 'sharing a bed', 'alternate universe - canon divergence', 'smut', 'sex', 'romance'}"
Voltron,14082087,"{'other additional tags to be added', 'slowburn', 'not rated'}"
Voltron,18534928,"{'kidge week 2019', 'not rated'}"
Voltron,18414263,"{'hurt lance (voltron)', 'general audiences', 'cuban lance (voltron)', 'lance (voltron) speaks spanish', 'bisexual lance (voltron)', 'lance (voltron) angst', 'bamf lance (voltron)', 'bilingual lance (voltron)'}"
Voltron,18534511,"{'mature', 'angst and hurt/comfort', 'alternate universe - fantasy', 'oral sex', 'anal sex', 'sex', 'fluff and angst', 'rough sex', 'boys kissing'}"
Voltron,18533542,"{'crack', 'teen and up audiences', 'sheith big meme 2019'}"
Voltron,18533953,"{'teen and up audiences', 'purring keith (voltron)', 'hurt/comfort', 'galra keith (voltron)'}"
Voltron,18210371,"{'explicit', 'jealousy', 'bullying', 'sex', 'drama', 'angst', 'loss of virginity', 'keith (voltron) is a mess', 'alternate universe - high school', 'internalized homophobia', 'homophobia'}"
Voltron,16570286,"{'protective shiro (voltron)', 'good lotor (voltron)', 'gay keith (voltron)', 'dark shiro (voltron)', 'mature', 'pining shiro (voltron)', 'murder', 'bottom shiro (voltron)', 'suicidal thoughts', 'minor allura/lotor (voltron)', 'top lance (voltron)', 'past adam/shiro (voltron)', 'cuban lance (voltron)', 'bisexual lance (voltron)', 'minor allura/lance (voltron)', 'nightmares', 'gay disaster shiro (voltron)', 'shance', 'japanese shiro (voltron)', 'minor keith/shiro (voltron)', 'human allura (voltron)', 'pining keith (voltron)'}"
Voltron,17649425,"{'explicit', 'alternate universe - modern setting', 'hurt/comfort', 'panic attacks', 'emotional hurt/comfort', 'platonic cuddling', 'cuddling & snuggling', 'angst and hurt/comfort', 'slow burn', 'post-traumatic stress disorder - ptsd'}"
Voltron,15778026,"{'plance', 'au', 'teen and up audiences', 'character death'}"
Voltron,15799194,"{'broganes', 'alternate universe - soulmates', 'friends to lovers', 'true love', 'fluff and angst', 'secret relationship', 'not rated'}"
Voltron,17196050,"{'mature', 'eventual smut', 'mutual pining'}"
Voltron,18503788,"{'light angst', 'general audiences', 'klance', 'hurt/comfort', 'keith (voltron) is bad at feelings', 'first kiss', 'klangst'}"
Voltron,18514948,"{'explicit', 'rough sex', 'public sex', 'alternate universe - canon divergence', 'oral sex', 'alternate universe', 'rape/non-con elements', 'anal sex', 'anal fingering', 'rough oral sex', 'hand jobs'}"
Voltron,18474826,"{'galaxy garrison', 'secrets', 'gay keith (voltron)', 'female pronouns for pidge | katie holt', 'swearing', 'established keith/lance (voltron)', 'teen and up audiences', 'bisexual lance (voltron)', 'how do i tag', 'keith/lance (voltron) fluff', 'why did i write this?', 'fluff', 'established relationship', 'soft keith/lance (voltron)', 'broganes', 'klance'}"
Voltron,17498987,"{'family', 'alternate universe - hogwarts', 'language', 'fluff and angst', 'teen and up audiences'}"
Voltron,15231132,"{'protective shiro (voltron)', 'kangst', 'minor character death', 'female pronouns for pidge | katie holt', 'angst', 'keith (voltron)-centric', 'torture', 'bilingual lance (voltron)', 'alternate universe - canon divergence', 'teen and up audiences', 'keith (voltron) is a mess', 'psychological torture', 'cuban lance (voltron)', 'hurt keith (voltron)', 'keith (voltron) angst', 'keith (voltron) whump', 'whump'}"
Voltron,18201017,"{'torture', 'hallucinations', 'implied/referenced torture', 'kidnapping', 'alternate universe - canon divergence', 'blood and injury', 'whump', 'threats of violence', 'humiliation', 'non-consensual touching', 'teen and up audiences', 'blood and violence', 'angst'}"
Voltron,17773571,"{'love confessions', 'friends with benefits', 'alternate universe - modern setting', 'misunderstandings', 'porn with feelings', 'recreational drug use', 'mutual pining', 'angst', 'angst with a happy ending', 'mature', 'alternate universe - college/university', 'sharing a bed', 'porn with plot', 'pining lance (voltron)', 'getting together', 'slow burn', 'dorks in love', 'light angst'}"
Voltron,18505102,"{'canon compliant', 'mature', 'heavy angst', 'post-season/series 08 finale'}"
Voltron,18532108,"{'mating cycles/in heat', 'alternate universe - fantasy', 'teen and up audiences', 'kidgeweek 2019'}"
Voltron,15996545,"{'klance', 'teen and up audiences'}"
Voltron,18474550,{'teen and up audiences'}
Voltron,14134767,"{'hurt/comfort', 'teen and up audiences'}"
Voltron,18462059,"{'angst with a happy ending', ""i'm sorry"", 'aliens', 'amnesia', 'bisexual lance (voltron)', 'not rated', 'how do i tag', 'adam (voltron) lives', 'angst'}"
Voltron,11384337,{'teen and up audiences'}
Voltron,18530743,"{'hurt/comfort', 'first kiss', 'teen and up audiences', 'fluff'}"
Voltron,18530611,"{'explicit', 'love confessions', 'friends with benefits', 'miscommunication', 'friends to lovers', 'mutual pining', 'light dom/sub'}"
Voltron,17269799,"{'found family', 'mature', 'post season 8', 'pining', 'team as family', 'fix-it', 'canon compliant', 'slow burn', 'keith (voltron) whump', 'implied/referenced child abuse', 'adoption'}"
Voltron,16394192,"{'galra empire', 'team bonding', 'emotional hurt/comfort', 'not rated', 'torture', 'alternate universe - canon divergence', 'galra keith (voltron)', 'smut', 'original character(s)', 'fluff and smut', 'fluff', 'fantasy', 'angst and hurt/comfort', 'developing relationship', 'self-doubt', 'slow burn', 'male friendship', 'post-traumatic stress disorder - ptsd', 'alternate universe'}"
Voltron,18529750,"{'mature', 'aftermath of violence', 'kidnapping', 'depression', 'corporal punishment', 'stockholm syndrome', 'suicidal thoughts'}"
Voltron,18205241,"{'sharing a bed', 'friends to lovers', 'alternate universe - canon divergence', 'swearing', 'slowburn', 'teen and up audiences'}"
Voltron,17076095,"{'mature', 'making up', 'eventual romance', 'slow burn', 'pining', 'weddings', 'romance', 'post-canon', 'angst'}"
Voltron,18529312,{'general audiences'}
Voltron,18529330,"{'explicit', 'not canon compliant', 'alpha shiro (voltron)', 'omega lance (voltron)'}"
Voltron,18173201,"{'canon compliant', 'happy ending', 'slow burn', 'enemies to friends to lovers', 'good lotor (voltron)', 'alternate reality', 'teen and up audiences', 'fluff'}"
Voltron,18467197,"{'other additional tags to be added', 'hurt/comfort', 'fluff and angst', 'teen and up audiences', 'fluff', 'angst'}"
Voltron,14937885,"{'pov keith (voltron)', 'general audiences', 'mutual pining', 'pining keith (voltron)', 'sheith - freeform'}"
Voltron,16700701,{'general audiences'}
Voltron,18528727,"{'sleepy cuddles', 'general audiences', 'fluff'}"
Voltron,18528460,"{'bamf keith (voltron)', 'eventual smut', 'gay keith (voltron)', 'female pronouns for pidge | katie holt', 'mature', 'bottom lance (voltron)', 'other additional tags to be added', 'bisexual lance (voltron)', 'bamf lance (voltron)', 'violence', 'top keith (voltron)', 'bamf shiro (voltron)'}"
Voltron,18527968,"{'explicit', 'angst', 'alpha/omega', 'humor', 'slow burn', 'alpha/beta/omega dynamics', 'alpha lance (voltron)', 'romance', 'fluff', 'omega keith (voltron)'}"
Voltron,17545856,"{'explicit', 'established relationship', 'alternate universe - canon divergence', 'light bondage'}"
Voltron,18252977,"{'explicit', 'slavery', 'alternate universe - canon divergence', 'extremely dubious consent', 'gladiator shiro (voltron)'}"
Voltron,11257599,"{'aromantic asexual pidge | katie holt', 'slow burn', 'gender-neutral pronouns for pidge | katie holt', 'minor hunk/shay (voltron)', 'minor matt holt/shiro', 'galra empire', 'fluff and angst', 'suicide', 'nonbinary pidge | katie holt', 'teen and up audiences', 'fantasy', 'character death', 'angst'}"
Voltron,16598300,"{'explicit', 'established relationship', 'explicit sexual content', 'fluff and smut', 'miscommunication', 'hurt/comfort'}"
Voltron,18400841,"{'mature', 'slow romance', 'slow burn', 'minor hunk/shay (voltron)', 'bisexual lance (voltron)', 'fluff and angst', 'post-canon', 'gentle sex'}"
Voltron,17976464,"{'fake/pretend relationship', 'slow burn', 'hurt/comfort', 'keith (voltron) whump', 'slow build', 'hurt keith (voltron)', 'teen and up audiences'}"
Voltron,18526714,"{'alternate universe - college/university', 'alternate universe', 'teen and up audiences', 'fluff'}"
Voltron,17305697,"{'alternate universe - modern setting', 'mutual pining', 'female pronouns for pidge | katie holt', 'alternate universe - coffee shops & cafés', 'bisexual lance', 'alternate universe - college/university', 'gay keith', 'tooth-rotting fluff', 'teen and up audiences', 'pining lance (voltron)', 'fluff', 'broganes', 'slow burn', 'dorks in love', 'pining keith (voltron)', 'college au'}"
Voltron,18526606,"{'alternate universe - royalty', 'general audiences', 'prince keith (voltron)', 'kissing'}"
Voltron,11721708,"{'alternate universe', 'slow burn', 'mature', 'alternate universe - canon divergence'}"
Voltron,17637986,{'general audiences'}
Voltron,18526108,{'teen and up audiences'}
Voltron,18526018,"{'animalistic', 'mature', 'canon-typical violence', 'pack dynamics', 'cuddling & snuggling', 'alternate universe - canon divergence', 'hunk (voltron) is so pure', 'keith (voltron) is bad at feelings', 'violence', 'feral behavior', 'keith (voltron) is a mess', 'platonic cuddling'}"
Voltron,18525874,"{'established relationship', 'general audiences', 'fluff'}"
Voltron,18491650,"{'keith (voltron)-centric', 'vampire keith (voltron)', 'tags contain spoilers', 'alternate universe - canon divergence', 'teen and up audiences', 'kidge week 2019'}"
Voltron,18514747,"{'explicit', 'authority kink', 'plot what plot/porn without plot', 'anal sex', 'masturbation'}"
Voltron,18525157,"{'getting together', 'general audiences', 'childhood friends', 'first kiss'}"
Voltron,15554976,"{'explicit', 'vampires', 'eventual smut', 'alternate universe - modern setting', 'minor character death', 'slowburn'}"
Voltron,18477007,"{'love confessions', 'krolia (voltron) is a good parent', 'alternate universe - hogwarts', 'pidge | katie holt is savage', 'hunk (voltron) is so pure', 'original character(s)', 'minor allura/lotor (voltron)', 'pov keith (voltron)', 'cuban lance (voltron)', 'hunk & lance (voltron) friendship', 'pining lance (voltron)', 'keith (voltron) angst', 'general audiences', 'developing relationship', 'slow burn', 'alternate universe', 'keith & pidge | katie holt friendship', 'pining keith (voltron)'}"
Voltron,18525064,"{'general audiences', 'slow burn', 'friends to lovers', 'shance', 'happy ending', 'fluff'}"
Voltron,12667974,"{'broganes', 'klance', 'slow burn', 'minor hunk/shay (voltron)', 'teen and up audiences', 'pov multiple'}"
Voltron,18391841,"{'alternate universe - royalty', 'klance', 'altean lance (voltron)', 'altean prince lance (voltron)', 'slow burn', 'galra keith (voltron)', 'voltron', 'keith/lance (voltron) fluff', 'allura & lance (voltron) are siblings', 'not rated'}"
Voltron,18524602,"{'explicit', 'established relationship', 'allurance', 'dorks in love', 'adoption', 'sheith - freeform'}"
Voltron,18524209,"{'mature', 'insecure lance (voltron)', 'cuban lance (voltron)', 'bisexual lance (voltron)', 'gay keith (voltron)', 'memory loss', 'flirting', 'lance (voltron) is a mess'}"
Voltron,16171079,"{'orphan keith (voltron)', 'au', 'female pronouns for pidge | katie holt', 'alcohol abuse/alcoholism', 'mature', 'galra keith (voltron)', 'healing', 'cuban lance (voltron)', 'high school', 'fluff and angst', 'fluff', 'self-esteem issues', 'broganes', 'klance', 'humor', 'self-doubt', 'anxiety', 'slow burn', 'post-traumatic stress disorder - ptsd', 'alternate universe', 'self-hatred'}"
Voltron,17841806,"{'explicit', 'klance', 'sheith - freeform'}"
Voltron,17022576,"{'tags are hard', ""i don't even know"", 'why did i write this?', 'not rated'}"
Voltron,13865520,"{'explicit', 'alternate universe - modern setting', 'lance (voltron) angst', 'bamf lance (voltron)', 'hurt lance (voltron)'}"
Voltron,16879890,"{'mutual pining', 'teen and up audiences'}"
Voltron,18522355,"{'general audiences', 'dads of marmora (voltron)', 'galra keith (voltron)', 'white-haired keith (voltron)', 'hurt keith (voltron)', 'acxa & keith (voltron) are twins'}"
Voltron,17082719,{'general audiences'}
Voltron,18361001,"{'first kiss', 'alternate universe - canon divergence', 'mutual pining', 'first dates', 'future fic', 'post-canon', 'teen and up audiences', 'fluff'}"
Voltron,16278236,"{'galra empire', 'angst', 'pining', 'trauma', 'not beta read', 'teen and up audiences', 'blood and violence', 'amnesia', 'fluff and angst', 'slow build', 'slow burn', 'alternate universe', 'friendship/love'}"
Voltron,16954239,"{'explicit', 'sexual slavery', 'hurt/comfort', 'nudity', 'bottom shiro (voltron)', 'alternate universe - canon divergence', 'original character death(s)', 'bondage', 'eventual happy ending', 'voyeurism', 'implied/referenced torture', 'dead dove: do not eat', 'sex toys', 'humiliation', 'whump'}"
Voltron,18409976,"{'tooth-rotting fluff', 'fluff', 'general audiences'}"
Voltron,14807339,"{'insecure lance (voltron)', 'alternate universe - modern setting', 'death', 'hurt/comfort', 'lance (voltron) angst', 'crying', 'gay keith (voltron)', 'panic attacks', 'emotional hurt/comfort', 'heartbreak', 'implied/referenced suicide', 'angst', 'keith (voltron)-centric', 'unhealthy coping mechanisms', 'mature', 'suicidal thoughts', 'keith (voltron) is a mess', 'implied/referenced self-harm', 'gender-neutral pronouns for pidge | katie holt', 'bisexual lance (voltron)', 'hurt keith (voltron)', 'tags are hard', 'suicide', 'alternate universe - high school', 'angst and hurt/comfort', 'keith (voltron) angst', 'self-harm', 'emotional hurt'}"
Voltron,18520438,"{'blade of marmora keith (voltron)', 'keith (voltron) whump', 'teen and up audiences'}"
Voltron,18520252,"{'homophobia', 'aftermath of violence', 'alternate universe - college/university', 'pining', 'gender-neutral pronouns for pidge | katie holt', 'bisexual lance (voltron)', 'gay disaster keith (voltron)', 'gay keith (voltron)', 'female pronouns for pidge | katie holt', 'violence', 'teen and up audiences'}"
Voltron,18508681,"{'mature', 'past allurance', 'friends to lovers'}"
Voltron,15025544,"{'orphan keith (voltron)', 'kangst', 'dads of marmora (voltron)', 'angst', ""i don't even know"", 'teen and up audiences', 'how do i tag', 'angst and hurt/comfort', 'sort of', 'hurt keith'}"
Voltron,17979899,"{'family', 'friendship', 'mature', 'family feels', 'alternate universe - modern setting', 'kinda', 'rivalry', 'blood and injury', 'violence', 'love'}"
Voltron,11458614,"{'mature', 'sentient voltron lions', 'alternate universe - canon divergence', 'swearing'}"
Voltron,18518677,"{'galra keith (voltron)', 'teen and up audiences'}"
Voltron,18514954,"{'explicit', 'frottage', 'established relationship', 'porn with feelings', 'alternate universe - canon divergence', 'hurt/comfort', 'first time', 'keith (voltron) is a mess'}"
Voltron,16433144,"{'explicit', 'slavery', 'sexual slavery', 'other additional tags to be added', 'galra keith (voltron)', 'anal sex'}"
Voltron,18520237,"{'general audiences', 'dads of marmora (voltron)'}"
Voltron,17621366,"{'drinking', 'canon-typical violence', 'other additional tags to be added', 'blood and injury', 'fluff and angst', 'teen and up audiences', 'blood and violence'}"
Voltron,18519274,"{'blood and injury', 'mermaid au', 'female pronouns for pidge | katie holt', 'teen and up audiences', 'kidge week 2019'}"
Voltron,18069503,"{'slow burn', 'teen and up audiences'}"
Voltron,18471352,"{'minor allura/keith (voltron)', 'reunions', 'fluff and angst', 'teen and up audiences'}"
Voltron,16417598,"{'jealousy', 'secrets', 'drama', 'emotional hurt/comfort', 'hurt', 'you have been warned', 'galra keith (voltron)', 'teen and up audiences', 'drama & romance', 'first kiss', 'fluff', 'developing relationship', 'humor', 'emotional hurt', 'romance', 'angst and romance', 'keith (voltron) has ptsd - post-traumatic stress disorder'}"
Voltron,18474028,"{'orphan keith (voltron)', 'insecure lance (voltron)', 'alternate universe - modern setting', 'rating may change', 'lance (voltron) angst', 'good lotor (voltron)', 'gay keith (voltron)', 'female pronouns for pidge | katie holt', 'teen and up audiences', 'team as family', 'protective keith (voltron)', 'lance (voltron)-centric', 'other additional tags to be added', 'bisexual lance (voltron)', 'hunk & lance (voltron) friendship', 'pining lance (voltron)', 'alternate universe - human', 'hurt lance (voltron)', 'keith & pidge | katie holt friendship'}"
Voltron,18519262,"{'general audiences', 'alternate universe - modern setting', 'bisexual lance (voltron)', 'gay keith (voltron)', 'first meetings', 'alternate universe - high school', 'fluff'}"
Voltron,17322176,"{'general audiences', 'unhealthy relationships', 'alternate universe - canon divergence', 'eventually', 'psychological trauma', 'drama', 'angst'}"
Voltron,18518569,"{'general audiences', 'depression', 'references to depression', 'bamf lance (voltron)', 'physical abuse', 'bamf shiro (voltron)', 'healing'}"
Voltron,17905163,"{'explicit', 'trans male character', 'slow burn', 'gay disaster keith (voltron)', 'gay keith (voltron)', 'fluff', 'angst'}"
Voltron,18518173,"{'angst with a happy ending', 'bilingual lance (voltron)', 'misunderstandings', 'depression', 'pining', 'hurt/comfort', 'bisexual lance (voltron)', 'not rated', 'hurt keith (voltron)', 'gay keith (voltron)', 'fluff and angst', 'oblivious keith (voltron)', 'fluff'}"
Voltron,13746573,"{'alternate universe - modern setting', 'gay keith (voltron)', 'blade of marmora keith (voltron)', 'minor hunk/shay (voltron)', 'teen and up audiences', 'bisexual lance (voltron)', 'bisexual shiro (voltron)', 'aromantic asexual pidge | katie holt'}"
Voltron,18517633,"{'general audiences', 'plance'}"
Voltron,18517576,"{'general audiences', 'blade of marmora keith (voltron)', 'i wrote this instead of sleeping', 'hurt/comfort', 'hurt keith (voltron)'}"
Voltron,18517537,"{'general audiences', 'klance'}"
Voltron,11246643,"{'short chapters', 'female pronouns for pidge', 'angst', 'alternate universe - high school', 'fluff', 'general audiences', 'slow burn', 'happy ending'}"
Voltron,15089864,"{'galra keith (voltron)', 'alternate reality', 'nonbinary pidge | katie holt', 'teen and up audiences'}"
Voltron,18274559,"{'general audiences', 'canonverse', 'fake/pretend relationship', 'purring keith (voltron)', 'slow burn', 'mutual pining', 'first kiss'}"
Voltron,8249504,"{'teen and up audiences', 'mermaid au'}"
Voltron,18516397,"{'miscommunication', 'mutual pining', 'emotional hurt/comfort', 'boys kissing', 'pining', 'i wrote this instead of sleeping', 'teen and up audiences', 'oblivious lance (voltron)', 'protective keith (voltron)', 'making out', 'fluff and angst', 'fluff', 'crushes', 'socially awkward keith (voltron)', 'kissing', 'oblivious keith (voltron)', 'first kiss', 'angst and feels'}"
Voltron,16597856,"{'teen and up audiences', 'alternate universe - canon divergence', 'galra keith (voltron)'}"
Voltron,17308487,"{'hurt/comfort', 'emotional hurt/comfort', 'non-consensual touching', 'torture', 'not rated', 'pining shiro (voltron)', 'alternate universe - fantasy', 'sexual content', 'keith (voltron) is a mess', 'psychological torture', 'hurt keith (voltron)', 'touch-starved keith (voltron)', 'keith (voltron) whump', 'white-haired keith (voltron)', 'keith (voltron) has ptsd - post-traumatic stress disorder', 'pining keith (voltron)'}"
Voltron,18222701,"{'psychological torture', 'implied/referenced self-harm', 'shiro (voltron) has ptsd - post-traumatic stress disorder', 'canon compliant', 'implied/referenced torture', 'found family', 'post season 8', 'slow burn', 'post-traumatic stress disorder - ptsd', 'hurt/comfort', 'teen and up audiences', 'implied sexual content', 'canon universe', 'gladiator shiro (voltron)'}"
Voltron,18515119,"{'alternate universe - hogwarts', 'mature', 'canon-typical violence', 'other additional tags to be added', 'galra keith (voltron)'}"
Voltron,18515212,"{'general audiences', 'post-season/series 08 finale'}"
Voltron,14958002,{'general audiences'}
Voltron,18515044,"{'soft keith/lance (voltron)', 'pov keith (voltron)', 'cuban lance (voltron)', 'bisexual lance (voltron)', 'gay keith (voltron)', 'established keith/lance (voltron)', 'keith/lance (voltron) fluff', 'teen and up audiences'}"
Voltron,18514921,"{'pain', 'hurt lance (voltron)', 'animal transformation', 'hurt/comfort', 'alternate universe - werewolf', 'not rated', 'langst', 'angst and hurt/comfort', 'angst'}"
Voltron,18514621,"{'general audiences', 'unrequited love', 'galra keith (voltron)', 'future fic'}"
Voltron,17515208,"{'explicit', 'fix-it', 'canon compliant', 'friendship', 'angst with a happy ending', 'love confessions', 'recreational drug use', 'sharing a bed', 'other additional tags to be added', 'reunions', 'crying', 'anal sex', 'sexual content', 'panic attacks', 'post-canon'}"
Voltron,14131464,"{'tags may change', 'teen and up audiences', 'altean lance (voltron)', 'langst', 'angst'}"
Voltron,13986882,"{'gay', 'bi lance', 'zombies', 'gay keith', 'teen and up audiences', 'angst'}"
Voltron,18349691,{'general audiences'}
Voltron,18514405,{'teen and up audiences'}
Voltron,17584931,"{'gay', 'klance', 'voltron', 'romance', 'not rated'}"
Voltron,17432468,"{'family', 'drama', 'angst with a happy ending', 'humor', 'family feels', 'fluff and smut', 'cuddling & snuggling', 'smut', 'kissing', 'romance', 'family fluff', 'teen and up audiences'}"
Voltron,17432468,"{'family', 'drama', 'angst with a happy ending', 'humor', 'family feels', 'fluff and smut', 'cuddling & snuggling', 'smut', 'kissing', 'romance', 'family fluff', 'teen and up audiences'}"
Voltron,17276399,"{'texting', 'good lotor (voltron)', 'nonbinary pidge | katie holt', 'keith & shiro (voltron) are half-siblings', 'i wrote this instead of sleeping', 'lance (voltron) has anxiety', 'teen and up audiences', 'alternate universe - high school', 'alternate universe - human', 'chatting & messaging', 'friends to lovers', 'pining keith (voltron)'}"
Voltron,17224109,"{'texting', 'insecure lance (voltron)', 'mutual pining', 'keith (voltron)-centric', 'korean keith (voltron)', 'teen and up audiences', 'fluff and angst', 'pining lance (voltron)', 'lance (voltron) is a mess', 'eating disorders', 'slow burn', 'youtuber lance (voltron)', 'keith (voltron) is bad at feelings', 'pining keith (voltron)'}"
Voltron,18004934,"{'other additional tags to be added', 'not rated'}"
Voltron,17759135,"{'general audiences', 'alternate universe - modern setting', 'misunderstandings', 'first meetings'}"
Voltron,18512413,"{'broganes', 'mature', 'keith & shiro (voltron) are adoptive siblings', 'pov third person', 'alternate universe - modern setting', 'gay shiro (voltron)', 'minor hunk/shay (voltron)', 'bisexual lance (voltron)', 'youtuber lance (voltron)', 'gay keith (voltron)', 'alternate universe', 'alternate universe - human'}"
Voltron,18470791,"{'hurt/comfort', 'female pronouns for pidge | katie holt', 'bilingual lance (voltron)', 'post season 8', 'healing', 'tooth-rotting fluff', 'teen and up audiences', 'langst', 'fluff and angst', 'how do i tag', 'fluff', 'plance'}"
Voltron,18379118,"{'strangers to lovers', 'enemies to lovers', 'childhood friends', 'gay keith (voltron)', 'feelings', 'angst', 'teen and up audiences', 'klangst', 'gay shiro (voltron)', 'bisexual lance (voltron)', 'high school', 'fluff and angst', 'pining lance (voltron)', 'alternate universe - high school', 'fluff', 'slow burn', 'minor adam/shiro (voltron)', 'pining keith (voltron)'}"
Voltron,18512311,"{'angst', 'klance', 'hurt keith', 'hurt/comfort', 'not rated', 'past allurance', 'happy ending', 'fluff'}"
Voltron,18358796,"{'zombies', 'orphan keith (voltron)', 'slowburn', 'au', 'panic attacks', 'hunk (voltron)-centric', 'angst', 'mature', 'you have been warned', 'minor hunk/shay (voltron)', 'guns', 'character death', 'hunk & lance (voltron) friendship', 'hurt keith (voltron)', 'flashbacks', 'human allura (voltron)', 'drugs'}"
Voltron,18511912,"{'angst', 'teen and up audiences', 'bisexual lance (voltron)', 'developing relationship', 'klance', 'slow burn'}"
Voltron,18511957,"{'biting', 'animalistic', 'mature', 'making up', 'canon-typical violence', 'keith (voltron) is bad at feelings', 'keith (voltron) is a mess', 'feral behavior', 'friendship/love'}"
Voltron,18214190,"{'general audiences', 'self-doubt', 'slow burn', 'kinda'}"
Voltron,18304454,"{'angst', 'strangers to lovers', 'mature', 'getting together', 'miscommunication', 'alternate universe - modern setting', 'misunderstandings', 'keith (voltron) is bad at feelings', 'fluff and angst', 'first dates', 'alcohol abuse/alcoholism', 'emotional hurt/comfort', 'keith (voltron) is a mess', 'oblivious lance (voltron)'}"
Voltron,18511582,"{'klance', 'eventual smut', 'slow burn', 'bisexual lance (voltron)', 'alternate reality', 'not rated'}"
Voltron,16424690,"{'explicit', 'emotional/psychological abuse', 'heavy angst', 'slow burn', 'fear', 'keith (voltron) is bad at feelings', 'implied/referenced child abuse', 'past child abuse'}"
Voltron,17082848,"{'slow burn keith/lance (voltron)', 'bisexual lance (voltron)', 'alternate universe - coffee shops & cafés', 'teen and up audiences', 'lance (voltron) is a mess'}"
Voltron,16651888,"{'red paladin keith (voltron)', 'altean prince lance (voltron)', 'altean lance (voltron)', 'insecure lance (voltron)', 'eventual smut', 'angst and humor', 'gay disaster keith (voltron)', 'galra empire', 'emotional hurt/comfort', 'mature', 'sassy pidge | katie holt', 'galra keith (voltron)', 'hunk (voltron) is so pure', 'minor hunk/shay (voltron)', 'swearing', 'allura & lance (voltron) are siblings', 'team as family', 'lance (voltron)-centric', 'other additional tags to be added', 'bisexual lance (voltron)', 'langst', 'fluff and angst', 'pining lance (voltron)', 'space dad shiro (voltron)', 'supportive coran (voltron)', 'keith (voltron) is bad at feelings', 'minor adam/shiro (voltron)', 'angst and feels', 'pining keith (voltron)'}"
Voltron,18053525,"{'alpha shiro (voltron)', 'drug use', 'alpha/beta/omega dynamics', 'mature', 'sexual content', 'omega keith (voltron)', 'other additional tags to be added', 'dubious consent', 'omega lance (voltron)', 'fluff and smut', 'fluff', 'slow burn', 'domestic fluff'}"
Voltron,18511024,"{'tags may change', 'altean lance (voltron)', 'found family', 'galra keith (voltron)', 'good lotor (voltron)', 'alternate universe', 'teen and up audiences'}"
Voltron,18326708,"{'explicit', 'hurt lance (voltron)', 'self-harm', 'lance (voltron)-centric', 'suicide attempt', 'depression', 'blood', 'lance (voltron) angst', 'dead dove: do not eat', 'dark', 'lance (voltron) whump', 'mental health issues', 'suicidal thoughts', 'self-hatred'}"
Voltron,18510904,"{'misunderstandings', 'fluff and angst', 'heartbreak', 'teen and up audiences', 'emotional hurt/comfort', 'angst'}"
Voltron,15777381,"{'keith (voltron)-centric', 'teen and up audiences', 'slow burn', 'friends to lovers', 'keith (voltron) is bad at feelings', 'bamf lance (voltron)', 'female pronouns for pidge | katie holt', 'slow build', 'pining keith (voltron)'}"
Voltron,18510457,"{'drinking', 'general audiences', 'human lance (voltron)', 'galra keith (voltron)', ""i don't even know"", 'party', 'light dom/sub', 'implied sexual content', 'secret relationship'}"
Voltron,16831117,"{'explicit', 'not canon compliant', 'friends with benefits', 'hurt/comfort', 'hunk (voltron)-centric', 'angst', 'angst with a happy ending', 'pining', 'alternate universe - canon divergence', 'sexual content', 'psychological torture', 'season/series 06', 'slow burn', 'unrequited love', 'kidnapping', 'canon-typical violence', 'keith (voltron) is bad at feelings', 'team voltron family', 'whump'}"
Voltron,16179161,"{'curses', 'animal transformation', 'fluff and angst', 'shance', 'teen and up audiences'}"
Voltron,18169961,"{'cuddling & snuggling', 'teen and up audiences', 'fluff', 'pov multiple'}"
Voltron,18509830,"{'explicit', 'vaginal sex', 'dirty talk'}"
Voltron,18507607,"{'mature', 'fluff and smut', 'alternate universe - modern setting', 'alternate universe'}"
Voltron,18509299,"{'mature', 'klance', 'mental health issues'}"
Voltron,18096758,"{'torture', 'angst', 'keith (voltron) angst', 'hurt lance (voltron)', 'platonic relationships', 'keith (voltron)-centric', 'protective keith (voltron)', 'emotional hurt', 'hurt/comfort', 'hurt keith (voltron)', 'protective lance (voltron)', 'lance (voltron) whump', 'teen and up audiences', 'emotional hurt/comfort'}"
Voltron,18499009,"{'blow jobs', 'mature', 'orgasm delay/denial', 'anal sex', 'dom/sub', 'fluff and angst', 'anal fingering', 'light dom/sub', 'lance (voltron) is a mess', 'post-traumatic stress disorder - ptsd', 'happy ending'}"
Voltron,16230986,"{'falling in love', 'minor character death', 'mature', 'alternate universe - fantasy', 'world building', 'healing', 'blood and violence', 'pirates', 'action/adventure', 'broganes', 'slow burn', 'romance'}"
Voltron,16632101,"{'lance (voltron) needs a hug', 'eventual happy ending', 'general audiences', 'altean lance (voltron)', 'hurt/comfort', 'langst', 'tags are hard', 'how do i tag', 'original character death(s)'}"
Voltron,18416960,"{'explicit', 'alternate universe - fantasy', 'slow burn', 'post-traumatic stress disorder - ptsd', 'mutual pining', 'alternate universe', 'emotional hurt/comfort'}"
Voltron,18504136,"{'minor keith/shiro (voltron)', 'smut', 'hand jobs', 'masturbation', 'not rated'}"
Voltron,18073898,"{'homophobia', 'keith (voltron) angst', 'hurt lance (voltron)', 'klance', 'self-harm', 'suicide attempt', 'bisexual lance (voltron)', 'drugs', 'lance (voltron) angst', 'hurt keith (voltron)', 'keith/lance (voltron) angst', 'gay keith (voltron)', 'suicidal thoughts', 'teen and up audiences', 'klangst'}"
Voltron,18436565,"{'soulmates', 'sickfic', 'hurt/comfort', 'teen and up audiences'}"
Voltron,13444233,"{'alternate universe - modern setting', 'alternate universe - college/university', 'bisexual lance (voltron)', 'swearing', 'teen and up audiences', 'angst'}"
Voltron,18504577,"{'explicit', 'biting', 'porn with feelings', 'sex', 'hand jobs', 'rough sex', 'vaginal sex', 'semi-public sex', 'party', 'fluff and smut', 'consensual kink', 'aged-up character(s)', 'plot what plot/porn without plot', 'romance'}"
Voltron,16030082,"{'dads of marmora (voltron)', 'general audiences'}"
Voltron,18391622,"{'alien cultural differences', 'blade of marmora keith (voltron)', 'developing relationship', 'alternate universe - soulmates', 'alternate universe', 'tooth-rotting fluff', 'teen and up audiences', 'galra shiro (voltron)'}"
Voltron,18507763,"{'canon compliant', 'getting together', 'mutual pining', 'not rated'}"
Voltron,18507235,"{'angst with a happy ending', 'general audiences', 'happy ending', 'angst'}"
Voltron,18346655,"{'mature', 'friends with benefits', 'jealousy', 'alternate universe - canon divergence', 'past adam/shiro (voltron)'}"
Voltron,18506827,"{'love confessions', 'eventual romance', 'hurt/comfort', 'mutual pining', 'teen and up audiences', 'fluff', 'angst'}"
Voltron,17859668,"{'teen and up audiences', 'lance (voltron) angst', 'lance (voltron) whump'}"
Voltron,18181502,"{'galaxy garrison', 'making up', 'hurt/comfort', 'lance (voltron) angst', 'female pronouns for pidge | katie holt', 'bilingual lance (voltron)', 'post-season/series 08 finale', 'teen and up audiences', 'fix-it', 'cuban lance (voltron)', 'angst and hurt/comfort', 'lance (voltron) is a mess', 'friendship', 'hurt lance (voltron)', 'italian pidge | katie holt', 'plance', 'friends to lovers', 'lance (voltron) speaks spanish', 'angst and feels'}"
Voltron,16107404,"{'angst with a happy ending', ""i'm sorry"", 'mature', 'kidnapping', 'bisexual lance (voltron)', 'langst', 'stockholm syndrome', 'au', 'angst'}"
Voltron,15595944,"{'big brother shiro (voltron)', 'alternate universe - soulmates', 'slow burn', 'blind keith (voltron)', 'friends to lovers', 'hunk (voltron) is so pure', 'fluff and angst', 'emotional hurt/comfort', 'not rated'}"
Voltron,18505732,"{'established relationship', 'unreliable narrator', 'dark shiro (voltron)', 'not rated'}"
Voltron,17414684,"{'hurt/comfort', 'panic attacks', 'language', 'fluff and angst', 'general audiences', 'anxiety'}"
Voltron,18422154,"{'established relationship', 'blade of marmora keith (voltron)', 'protective keith (voltron)', 'dads of marmora (voltron)', 'galra keith (voltron)', 'teen and up audiences', 'emotional hurt/comfort'}"
Voltron,18316619,"{'mutual pining', 'space uncle coran (voltron)', 'hunk (voltron) is so pure', 'alternate universe - canon divergence', 'crack', 'teen and up audiences', 'gay', 'fluff and crack', 'bisexual lance (voltron)', 'pining keith (voltron)', 'pining lance (voltron)', 'fluff', 'space dad shiro (voltron)', 'keith (voltron) is bad at feelings'}"
Voltron,18416174,"{'trans keith (voltron)', 'found family', 'hurt/comfort', 'mature', 'healing', 'unhealthy relationships'}"
Voltron,9522857,{'teen and up audiences'}
Voltron,16079459,"{'teen and up audiences', 'heavy angst', 'kangst', 'eventual smut', 'eventual romance', 'slow burn', 'langst', 'fluff and angst', 'romance', 'happy ending', 'fluff', 'klangst', 'angst'}"
Voltron,16998207,"{'alternate universe - modern setting', 'hurt/comfort', 'bottom keith (voltron)', 'mutual pining', 'angst', 'not rated', 'angst with a happy ending', 'pining', 'time travel', 'hurt keith (voltron)', 'slow build', 'fluff', 'slow burn', 'friends to lovers', 'cute', 'keith (voltron) is bad at feelings'}"
Voltron,18505081,"{'teen and up audiences', 'college au'}"
Voltron,18504868,"{'beta hunk (voltron)', 'alpha shiro (voltron)', 'pack dynamics', 'alternate universe - canon divergence', 'alpha/beta/omega dynamics', 'hurt/comfort', 'lance (voltron) angst', 'omega lance (voltron)', 'teen and up audiences', 'alpha keith (voltron)'}"
Voltron,18469510,{'general audiences'}
Voltron,18504355,"{'getting together', 'klance', 'first kiss', 'making out', 'bisexual lance (voltron)', 'pining lance (voltron)', 'keith (voltron) is bad at feelings', 'first dates', 'teen and up audiences', 'pining keith (voltron)'}"
Voltron,18504142,"{'drinking', 'getting together', 'humor', 'teen and up audiences'}"
Voltron,18503986,"{'explicit', 'mutual pining', 'first time', 'blow jobs', 'mating cycles/in heat', 'slow burn', 'size kink', 'oral sex', 'secret relationship'}"
Voltron,12187620,"{'insecure lance (voltron)', 'pining keith', 'female pronouns for pidge | katie holt', 'mature', 'bonding', 'masturbation', 'light dom/sub', 'lance (voltron) is a mess', 'homophobia', 'klance', 'keith (voltron) is bad at feelings'}"
Voltron,18022958,"{'explicit', 'unreliable narrator', 'drug use', 'minor character death', 'bottom keith (voltron)', 'alternate universe', 'sex', 'violence', 'past child abuse', 'unhealthy coping mechanisms'}"
Voltron,18503473,"{'explicit', 'dads of marmora (voltron)', 'suicide attempt', 'blood', 'hurt/comfort', 'emotional hurt/comfort', 'team as family'}"
Voltron,11923854,"{'explicit', 'shklance - freeform', 'allurance', 'knotting', 'shance', 'light bdsm', 'magic'}"
Voltron,18503449,"{'general audiences', 'galra keith (voltron)', 'alternate universe', 'first meetings', 'kidgeweek 2019'}"
Voltron,18502879,"{'explicit', 'established relationship', 'anal sex', 'smut', 'rough sex'}"
Voltron,18012821,"{'general audiences', 'fake/pretend relationship', 'gay disaster shiro (voltron)'}"
Voltron,17977388,"{'fix-it', 'not canon compliant', 'klance', 'bisexual lance (voltron)', 'team bonding', 'gay keith (voltron)', 'teen and up audiences', 'team as family'}"
Voltron,17243393,"{'sentient voltron lions', 'bisexual lance (voltron)', 'teen and up audiences'}"
Voltron,17966528,{'mature'}
Voltron,18500707,"{'mature', 'getting together', 'hurt/comfort', 'smut', 'first kiss', 'fluff and smut', 'fluff', 'pining keith (voltron)'}"
Voltron,18502084,"{'homophobia', 'galaxy garrison', 'space dad shiro (voltron)', 'getting together', 'general audiences', 'mutual pining', 'tags are hard', 'pining lance (voltron)', 'fluff', 'pining keith (voltron)'}"
Voltron,18501913,"{'unreliable narrator', 'mature', 'bullying', 'alternate universe', 'suicide', 'implied/referenced suicide', 'angst'}"
Voltron,18131474,"{'enemies to friends to lovers', 'pining', 'misunderstandings', 'slow burn', 'teen and up audiences'}"
Voltron,18501721,"{'au', 'hunk (voltron)-centric', 'hunk (voltron) is a good friend', 'hunk (voltron) is so pure', 'teen and up audiences', 'hunk & pidge | katie holt friendship'}"
Voltron,18181871,"{'soft keith/lance (voltron)', 'mature', 'pov keith (voltron)', 'cuban lance (voltron)', 'socially awkward keith (voltron)', 'bisexual lance (voltron)', 'gay keith (voltron)', 'keith/lance (voltron) fluff', 'keith & shiro (voltron) are half-siblings', 'keith (voltron) is a mess', 'bilingual lance (voltron)'}"
Voltron,17992535,{'not rated'}
Voltron,12970089,"{'canon compliant', 'altean lance (voltron)', 'lance (voltron)-centric', 'galra keith (voltron)', 'lance (voltron) angst', 'alternate universe', 'kind of', 'teen and up audiences'}"
Voltron,18501112,"{'alternate universe', 'teen and up audiences'}"
Voltron,17959079,"{'broganes', 'mature', 'orphan keith (voltron)', 'eventual smut', 'cuban lance (voltron)', 'enemies to friends to lovers', 'bisexual lance (voltron)', 'mutual pining', 'gay keith (voltron)', 'past allurance', 'fluff'}"
Voltron,17961509,"{'explicit', 'alpha/beta/omega dynamics', 'first time', 'rough oral sex', 'alternate universe - royalty', 'galra keith (voltron)', 'loss of virginity', 'anal sex', 'alpha/omega', 'mating cycles/in heat', 'hypothermia', 'other additional tags to be added', 'anal fingering', 'pregnancy', 'oral sex', 'alpha keith (voltron)'}"
Voltron,18182807,"{'explicit', 'vaginal sex', 'anxiety attacks', 'kidnapping', 'anxiety', 'post-traumatic stress disorder - ptsd', 'anal sex', 'rape/non-con elements', 'violence', 'rough sex'}"
Voltron,18499876,"{'soft keith/lance (voltron)', 'keith (voltron) angst', 'hurt lance (voltron)', 'cuban lance (voltron)', 'eventual keith/lance (voltron)', 'bisexual lance (voltron)', 'keith (voltron) is bad at feelings', 'hurt keith (voltron)', 'keith/lance (voltron) angst', 'gay keith (voltron)', 'keith/lance (voltron) fluff', 'teen and up audiences', 'keith (voltron) is a mess', 'lance (voltron) is a mess'}"
Voltron,18499843,"{'pov keith (voltron)', 'cuban lance (voltron)', 'bisexual lance (voltron)', 'gay keith (voltron)', 'keith/lance (voltron) fluff', 'established keith/lance (voltron)', 'teen and up audiences', 'model lance (voltron)', 'keith (voltron) is a mess', 'lance (voltron) is a mess'}"
Voltron,18499795,"{'cuban lance (voltron)', 'lance (voltron)-centric', 'bisexual lance (voltron)', 'gay keith (voltron)', 'keith/lance (voltron) fluff', 'oblivious keith (voltron)', 'established keith/lance (voltron)', 'teen and up audiences', 'keith (voltron) is a mess', 'lance (voltron) is a mess'}"
Voltron,14396712,"{'manipulation', 'torture', 'mature', 'smut', 'stalking', 'violence', 'drowning', 'kidnapping', 'blood', 'abuse', 'human lotor (voltron)', 'blood and gore'}"
Voltron,11286267,"{'trans keith (voltron)', 'alternate universe - modern setting', 'depression', 'gay keith (voltron)', 'female pronouns for pidge | katie holt', 'emotional hurt/comfort', 'angst', 'bilingual lance (voltron)', 'mature', 'korean keith (voltron)', 'minor matt holt/shiro', 'mental health issues', 'cuban lance (voltron)', 'lance (voltron)-centric', 'anxiety disorder', 'bisexual lance (voltron)', 'lance (voltron) is a mess', 'unreliable narrator', 'self-harm', 'eating disorders', 'slow burn', 'post-traumatic stress disorder - ptsd', 'abuse'}"
Voltron,15175136,"{'explicit', 'season/series 06', 'langst', 'abuse', 'lance (voltron) whump', 'temporary character death', 'canon universe'}"
Voltron,18499102,"{'alien culture', 'alien biology', 'teen and up audiences'}"
Voltron,18498883,{'mature'}
Voltron,17620706,"{'alternate universe - college/university', 'teen and up audiences', 'keith (voltron) has ptsd - post-traumatic stress disorder'}"
Voltron,18498718,"{'hurt lance (voltron)', 'bilingual lance (voltron)', 'insecure lance (voltron)', 'cuban lance (voltron)', 'lance (voltron)-centric', 'bisexual lance (voltron)', 'lance (voltron) angst', 'hunk & lance (voltron) friendship', 'keith (voltron) is bad at feelings', 'fluff and angst', 'gay keith (voltron)', 'keith/lance (voltron) angst', 'lance (voltron) is a mess', 'fluff', 'keith (voltron) is a mess', 'not rated'}"
Voltron,18498754,"{'getting together', 'general audiences', 'bisexual lance (voltron)', 'mutual pining', 'gay keith (voltron)', 'emotional hurt/comfort', 'post-canon fix-it'}"
Voltron,17456402,"{'altean lance (voltron)', 'sentient voltron lions', 'galra empire', 'drama', 'alternate universe - royalty', 'platonic relationships', 'alternate universe - fantasy', 'galra keith (voltron)', 'teen and up audiences', 'team as family', 'family', 'drama & romance', 'curses', 'fantasy', 'developing relationship', 'alternate universe', 'magic', 'romance', 'alternate universe - magic', 'gladiator shiro (voltron)'}"
Voltron,18498517,"{'strangers to lovers', 'alternate universe - modern setting', 'alternate universe - college/university', 'recreational drug use', 'slowburn', 'teen and up audiences', 'pining keith (voltron)', 'oblivious lance (voltron)'}"
Voltron,18498331,"{'hypothermia', 'general audiences', 'hurt/comfort', 'keith (voltron) whump', 'angst'}"
Voltron,14888636,"{'near death experiences', 'insecure lance (voltron)', 'female pronouns for pidge', 'mutual pining', 'lance (voltron) angst', 'gay keith (voltron)', 'alternate universe - college/university', 'teen and up audiences', 'klangst', 'cuban lance (voltron)', 'lance (voltron) is a mess', 'keith (voltron) angst', 'keith (voltron) is bad at feelings', 'human allura (voltron)'}"
Voltron,18497956,"{'mature', 'langst', 'lance (voltron) is a mess'}"
Voltron,18482968,{'general audiences'}
Voltron,18493726,"{'sleepy cuddles', 'alien cultural differences', 'humor', 'fluff', 'prince keith (voltron)', 'team bonding', 'fluff and humor', 'teen and up audiences'}"
Voltron,18494749,"{'friendship', 'animalistic', 'mutual pining', 'feral behavior', 'teen and up audiences'}"
Voltron,18392573,"{'alpha shiro (voltron)', 'implied/referenced rape/non-con', 'bisexual disaster lance (voltron)', 'references to depression', 'hurt/comfort', 'alpha/beta/omega dynamics', 'gay keith (voltron)', 'panic attacks', 'past child abuse', 'angst', 'bilingual lance (voltron)', 'mature', 'explicit language', 'rape/non-con elements', 'lance (voltron) has anxiety', 'lance (voltron) needs a hug', 'beta hunk (voltron)', 'protective keith (voltron)', 'cuban lance (voltron)', 'lance (voltron)-centric', 'bisexual lance (voltron)', 'langst', 'pining lance (voltron)', 'omega lance (voltron)', 'fluff', 'past abuse', 'lance (voltron) is a mess', 'hurt lance (voltron)', 'klance', 'anxiety', ""please don't hate me"", 'slow burn keith/lance (voltron)', 'implied/referenced child abuse', 'oblivious keith (voltron)', 'alpha keith (voltron)'}"
Voltron,17223938,"{""i'm sorry"", 'keith (voltron) angst', 'keith (voltron) is a mess', 'blade of marmora keith (voltron)', 'hunk (voltron) is a good friend', 'unrequited love', 'hunk (voltron) is so pure', 'hurt keith (voltron)', 'space uncle coran (voltron)', 'alternate reality', 'panic attacks', 'female pronouns for pidge | katie holt', 'teen and up audiences', 'character death', 'angst'}"
Voltron,16927569,"{'slow romance', 'alternate universe - modern setting', 'fear', 'hurt/comfort', 'bottom keith (voltron)', 'slowburn', 'gay keith (voltron)', 'au', 'drama', 'hurt', 'angst', 'bonding', 'teen and up audiences', 'bottom lance (voltron)', 'top lance (voltron)', 'keith (voltron) is a mess', 'love', 'oblivious lance (voltron)', 'gay', 'bisexual lance (voltron)', 'hunk & lance (voltron) friendship', 'hurt keith (voltron)', 'lance & pidge | katie holt friendship', 'minor allura/lance (voltron)', 'pining lance (voltron)', 'fluff', 'crushes', 'keith (voltron) angst', 'friendship', 'klance', 'top keith (voltron)', 'friends to lovers', 'cute', 'keith (voltron) is bad at feelings', 'oblivious keith (voltron)', 'romance', 'pining keith (voltron)'}"
Voltron,16587107,"{""i'm sorry"", 'mature', 'death', ""please don't hate me"", 'bisexual lance (voltron)', 'crying', 'hurt keith (voltron)', 'gay keith (voltron)', 'female pronouns for pidge | katie holt', 'first kiss', 'why did i write this?', 'character death', 'angst'}"
Voltron,18290864,"{'bisexual lance', 'klance', 'langst', 'gay keith', 'teen and up audiences', 'fluff', 'angst'}"
Voltron,18174809,"{'flustered lance (voltron)', 'strangers to lovers', 'socially awkward keith (voltron)', 'i wrote this instead of sleeping', 'bisexual lance (voltron)', 'hurt/comfort', 'teen and up audiences', 'lance (voltron) is a mess'}"
Voltron,18494788,"{'explicit', 'oral sex', 'alpha/beta/omega dynamics', 'body worship', 'fluff and smut', 'hand jobs'}"
Voltron,18480121,"{'keith (voltron)-centric', 'kidge week 2019', 'keith (voltron) angst', 'emotional hurt', 'alternate universe - modern setting', 'keith (voltron) is a mess', 'suicidal thoughts', 'teen and up audiences'}"
Voltron,17857172,"{'flustered lance (voltron)', 'klance', 'altean prince lance (voltron)', 'altean lance (voltron)', 'alternate universe - canon divergence', 'memory loss', 'teen and up audiences'}"
Voltron,17272565,"{'explicit', 'public sex', 'pining', 'anal sex', 'attempted sexual assault', 'porn with plot', 'mating cycles/in heat', 'voyeurism', 'praise kink', 'knotting', 'double penetration', 'sex toys', 'size difference', 'slow burn', 'size kink', 'oral sex', 'secret relationship'}"
Voltron,16687534,"{'altean lance (voltron)', 'alternate universe', 'not rated'}"
Voltron,18496381,{'explicit'}
